2026-03-16 18:06:51,20780958
2026-03-16 18:07:52,20732974
2026-03-16 18:08:55,20666618
2026-03-16 18:09:55,20664822
2026-03-16 18:10:58,20664822
2026-03-16 18:11:59,20679392
2026-03-16 18:13:01,20686778
2026-03-16 18:14:03,20791446
2026-03-16 18:15:09,20752636
2026-03-16 18:16:09,20776876
2026-03-16 18:17:10,20798832
2026-03-16 18:18:12,20802914
2026-03-16 18:19:15,20730680
2026-03-16 18:20:17,20776876
2026-03-16 18:21:18,20762305
2026-03-16 18:22:20,20738065
2026-03-16 18:23:22,20721696
2026-03-16 18:24:25,20795738
2026-03-16 18:25:25,20723504
2026-03-16 18:26:28,20749542
2026-03-16 18:27:31,20810299
2026-03-16 18:28:32,20810299
2026-03-16 18:29:34,20742147
2026-03-16 18:30:36,20810299
2026-03-16 18:31:37,20742147
2026-03-16 18:32:38,20742147
2026-03-16 18:33:40,20776876
2026-03-16 18:34:41,20756718
2026-03-16 18:35:44,20769490
2026-03-16 18:36:46,20802914
2026-03-16 18:37:49,20771288
2026-03-16 18:38:50,20828962
2026-03-16 18:39:52,20782766
2026-03-16 18:40:53,20795528
2026-03-16 18:41:55,20775380
2026-03-16 18:42:56,20807006
2026-03-16 18:44:00,20771288
2026-03-16 18:45:01,20797336
2026-03-16 18:46:08,20797336
2026-03-16 18:47:13,20850918
2026-03-16 18:48:13,20804722
2026-03-16 18:49:16,20804722
2026-03-16 18:50:17,20839440
2026-03-16 18:51:19,20774582
2026-03-16 18:52:20,20800620
2026-03-16 18:53:22,20784261
2026-03-16 18:54:24,20774582
2026-03-16 18:55:25,20752636
2026-03-16 18:56:27,20774582
2026-03-16 18:57:28,20806207
2026-03-16 18:58:28,20712017
2026-03-16 18:59:31,20680390
2026-03-16 19:00:32,20712017
2026-03-16 19:01:32,20625212
2026-03-16 19:02:33,20685971
2026-03-16 19:03:35,20676290
2026-03-16 19:04:36,20687765
2026-03-16 19:05:38,20712017
2026-03-16 19:06:39,20661719
2026-03-16 19:07:39,20738065
2026-03-16 19:08:41,20691867
2026-03-16 19:09:44,20673204
2026-03-16 19:10:46,20632588
2026-03-16 19:11:46,20719402
2026-03-16 19:12:49,20693356
2026-03-16 19:13:51,20610642
2026-03-16 19:14:53,20690261
2026-03-16 19:15:54,20689597
2026-03-16 19:16:56,20689597
2026-03-16 19:17:57,20644898
2026-03-16 19:18:59,20670936
2026-03-16 19:20:00,20644898
2026-03-16 19:21:03,20692892
2026-03-16 19:22:08,20682412
2026-03-16 19:23:10,20685707
2026-03-16 19:24:10,20696186
2026-03-16 19:25:13,20633621
2026-03-16 19:26:15,20596096
2026-03-16 19:27:20,20596096
2026-03-16 19:28:20,20606574
2026-03-16 19:29:23,20580537
2026-03-16 19:30:23,20592004
2026-03-16 19:31:26,20592004
2026-03-16 19:32:26,20551406
2026-03-16 19:33:29,20487833
2026-03-16 19:34:31,20487833
2026-03-16 19:35:32,20487833
2026-03-16 19:36:34,20502403
2026-03-16 19:37:35,20502403
2026-03-16 19:38:35,20487833
2026-03-16 19:39:38,20513871
2026-03-16 19:40:39,20539919
2026-03-16 19:41:41,20606574
2026-03-16 19:42:43,20640008
2026-03-16 19:43:43,20602493
2026-03-16 19:44:46,20628530
2026-03-16 19:45:46,20561875
2026-03-16 19:46:49,20609869
2026-03-16 19:47:49,20646395
2026-03-16 19:48:51,20605777
2026-03-16 19:49:53,20646395
2026-03-16 19:50:54,20635906
2026-03-16 19:51:56,20598391
2026-03-16 19:52:58,20634918
2026-03-16 19:54:00,20608870
2026-03-16 19:55:01,20582832
2026-03-16 19:56:03,20568261
2026-03-16 19:57:10,20575647
2026-03-16 19:58:10,20575647
2026-03-16 19:59:11,20616255
2026-03-17 08:00:00,20594393
2026-03-17 08:01:02,21419767
2026-03-17 08:02:04,21226176
2026-03-17 08:03:05,20971436
2026-03-17 08:04:06,21086874
2026-03-17 08:05:08,21054648
2026-03-17 08:06:09,20973223
2026-03-17 08:07:11,20915647
2026-03-17 08:08:12,20924221
2026-03-17 08:09:15,21271186
2026-03-17 08:10:16,21331843
2026-03-17 08:11:18,21667740
2026-03-17 08:12:19,22015094
2026-03-17 08:13:22,21992130
2026-03-17 08:14:22,22003805
2026-03-17 08:15:25,21943338
2026-03-17 08:16:26,21966493
2026-03-17 08:17:28,21850633
2026-03-17 08:18:29,21824585
2026-03-17 08:19:32,21917101
2026-03-17 08:20:33,21729009
2026-03-17 08:21:34,21717522
2026-03-17 08:22:36,21801444
2026-03-17 08:23:37,21627922
2026-03-17 08:24:39,21680007
2026-03-17 08:25:41,21659748
2026-03-17 08:26:41,21645375
2026-03-17 08:27:44,21685796
2026-03-17 08:28:45,21778499
2026-03-17 08:29:47,21761024
2026-03-17 08:30:48,21789967
2026-03-17 08:31:50,21685796
2026-03-17 08:32:51,21671225
2026-03-17 08:33:54,21714538
2026-03-17 08:34:54,21656664
2026-03-17 08:35:59,21587101
2026-03-17 08:36:59,21644985
2026-03-17 08:38:02,21619139
2026-03-17 08:38:40,21538100
2026-03-17 08:39:41,21590196
2026-03-17 08:40:44,21477333
2026-03-17 08:41:45,21523740
2026-03-17 08:42:47,21656853
2026-03-17 08:43:48,21682890
2026-03-17 08:44:51,21734886
2026-03-17 08:45:51,21760934
2026-03-17 08:46:54,21708639
2026-03-17 08:47:55,21694068
2026-03-17 08:48:57,21668130

2026-03-17 09:01:03,21387241
2026-03-17 09:04:03,21746453
2026-03-17 09:11:59,21444807
2026-03-17 09:12:55,21522943
2026-03-17 09:13:49,21595686
2026-03-17 09:14:44,21678111
2026-03-17 09:15:37,21504378
2026-03-17 09:16:32,21710636
2026-03-17 09:17:26,21734379
2026-03-17 09:18:26,21787482
2026-03-17 09:19:29,21946034
2026-03-17 09:20:34,21758539
2026-03-17 09:21:37,21810217
2026-03-17 09:22:39,21826882
2026-03-17 09:23:41,22086133
2026-03-17 09:24:45,22271531
2026-03-17 09:25:47,22459824
2026-03-17 09:26:49,22529974
2026-03-17 09:27:51,22378906
2026-03-17 09:28:53,22315343
2026-03-17 09:29:55,22029558
2026-03-17 09:31:04,21871434
2026-03-17 09:32:06,21694978
2026-03-17 09:33:09,21494999
2026-03-17 09:34:11,21599170
2026-03-17 09:35:14,21673222
2026-03-17 09:36:17,21931464
2026-03-17 09:37:19,21818910
2026-03-17 09:38:23,21789170
2026-03-17 09:39:27,21847032
2026-03-17 09:40:34,21817901
2026-03-17 09:41:27,21684589
2026-03-17 09:42:19,21488721
2026-03-17 09:43:16,21518851
2026-03-17 09:43:50,21603171
2026-03-17 09:44:43,21764068
2026-03-17 09:45:39,21790676
2026-03-17 09:46:34,21935456
2026-03-17 09:47:27,21954107
2026-03-17 09:48:23,21920896
2026-03-17 09:49:17,21745406
2026-03-17 09:50:11,21806424
2026-03-17 09:51:06,22144995
2026-03-17 09:52:03,22049007
2026-03-17 09:52:57,22133329
2026-03-17 09:53:52,22146692
2026-03-17 09:54:44,22203379
2026-03-17 09:55:38,22059885
2026-03-17 09:56:35,22023359
2026-03-17 09:57:28,21911014
2026-03-17 09:57:51,21963100
2026-03-17 09:58:44,22009096
2026-03-17 09:59:37,22026752
2026-03-17 10:00:34,22012380
2026-03-17 10:01:29,21919687
2026-03-17 10:01:43,21912292
2026-03-17 10:02:37,21968478
2026-03-17 10:03:31,21949628
2026-03-17 10:07:07,21930756
2026-03-17 10:08:03,22030844
2026-03-17 10:08:57,21971584
2026-03-17 10:09:51,21905925
2026-03-17 10:10:45,21953917
2026-03-17 10:11:40,22123748
2026-03-17 10:12:35,22171742
2026-03-17 10:13:28,22071662
2026-03-17 10:14:24,21935056
2026-03-17 10:15:19,22033937
2026-03-17 10:16:15,21948620
2026-03-17 10:17:11,21922582
2026-03-17 10:17:41,21848540
2026-03-17 10:18:35,21886065
2026-03-17 10:19:30,21804836
2026-03-17 10:20:27,21841364
2026-03-17 10:21:23,21815815
2026-03-17 10:22:18,21879877
2026-03-17 10:23:15,21816304
2026-03-17 10:24:10,21772113
2026-03-17 10:25:03,21932151
2026-03-17 10:25:56,21798850
2026-03-17 10:26:50,21810317
2026-03-17 10:27:44,21875975
2026-03-17 10:28:39,21816504
2026-03-17 10:29:35,22026950
2026-03-17 10:30:27,21978760
2026-03-17 10:31:21,22060185
2026-03-17 10:32:18,22138319
2026-03-17 10:33:12,22164357
2026-03-17 10:34:07,22082141
2026-03-17 10:34:58,22033340
2026-03-17 10:35:51,22081344
2026-03-17 10:36:47,22088728
2026-03-17 10:37:43,22018768
2026-03-17 10:38:36,22010386
2026-03-17 10:39:30,21999917
2026-03-17 10:40:25,22215644
2026-03-17 10:41:19,22238408
2026-03-17 10:42:14,22079046
2026-03-17 10:43:07,22182231
2026-03-17 10:44:03,22190604
2026-03-17 10:44:56,22200534
2026-03-17 10:45:51,22028958
2026-03-17 10:46:47,21992431
2026-03-17 10:47:40,22137221
2026-03-17 10:48:35,22248778
2026-03-17 10:49:29,22151981
2026-03-17 10:50:23,22125933
2026-03-17 10:51:25,22083128
2026-03-17 10:52:17,22020574
2026-03-17 10:53:13,22046612
2026-03-17 10:54:12,22064476
2026-03-17 10:55:07,21923201
2026-03-17 10:56:06,21957642
2026-03-17 10:57:09,22014728
2026-03-17 10:58:03,22043100
2026-03-17 10:58:58,22158179
2026-03-17 10:59:52,22176984
2026-03-17 11:00:46,22235156
2026-03-17 11:01:41,22152820
2026-03-17 11:02:37,22151303
2026-03-17 11:03:31,22074977
2026-03-17 11:04:28,22197021
2026-03-17 11:05:25,22179956
2026-03-17 11:06:22,22128160
2026-03-17 11:07:18,22143229
2026-03-17 11:08:12,22105104
2026-03-17 11:09:15,22032679
2026-03-17 11:10:15,22059923
2026-03-17 11:11:08,22080434
2026-03-17 11:12:05,22090063
2026-03-17 11:13:06,22012219
2026-03-17 11:14:04,22015224
2026-03-17 11:14:59,21974197
2026-03-17 11:15:53,22032719
2026-03-17 11:16:48,22001233
2026-03-17 11:17:44,21930254
2026-03-17 11:18:39,21994117
2026-03-17 11:19:37,21988080
2026-03-17 11:20:30,21977152
2026-03-17 11:21:27,21991113
2026-03-17 11:22:19,22011591
2026-03-17 11:23:13,22102689
2026-03-17 11:24:12,22077738
2026-03-17 11:25:05,22254993
2026-03-17 11:26:03,22136959
2026-03-17 11:26:58,22167388
2026-03-17 11:27:52,22188905
2026-03-17 11:28:48,22260542
2026-03-17 11:29:43,22311640
2026-03-17 11:30:36,22274125
2026-03-17 11:31:31,22274125
2026-03-17 11:32:25,22262638
2026-03-17 11:32:32,22277208
2026-03-17 11:33:26,22234095
2026-03-17 11:34:21,22242977
2026-03-17 11:35:17,22271630
2026-03-17 11:36:12,22305642
2026-03-17 11:37:06,22260143
2026-03-17 11:38:04,22309734
2026-03-17 11:38:59,22442848
2026-03-17 11:39:54,22467697
2026-03-17 11:40:46,22387268
2026-03-17 11:41:40,22389753
2026-03-17 11:42:35,22370203
2026-03-17 11:43:30,22313236
2026-03-17 11:44:24,22345762
2026-03-17 11:45:17,22355342
2026-03-17 11:46:14,22341660
2026-03-17 11:47:07,22340772
2026-03-17 11:48:03,22318726
2026-03-17 11:48:56,22352249
2026-03-17 11:49:52,22326211
2026-03-17 11:50:50,22297668
2026-03-17 11:51:43,22295263
2026-03-17 11:52:38,22152081
2026-03-17 11:53:32,22128528
2026-03-17 11:54:27,22121143
2026-03-17 11:55:20,22166642
2026-03-17 11:56:15,22166642
2026-03-17 11:57:13,22123538
2026-03-17 11:58:06,22094995
2026-03-17 11:59:04,22101592
2026-03-17 12:00:03,22089018
2026-03-17 12:00:57,22097590
2026-03-17 12:01:51,22143198
2026-03-17 12:02:46,22121242
2026-03-17 12:03:44,22113757
2026-03-17 12:04:38,22138208
2026-03-17 12:05:37,22190903
2026-03-17 12:06:35,22159865
2026-03-17 12:07:28,22193986
2026-03-17 12:08:23,22180313
2026-03-17 12:09:21,22197369
2026-03-17 12:10:21,22149385
2026-03-17 12:11:15,22195772
2026-03-17 12:12:14,22254954
2026-03-17 12:13:08,22247568
2026-03-17 12:14:04,22190993
2026-03-17 12:14:58,22120842
2026-03-17 12:15:14,22116750
2026-03-17 12:16:09,22082229
2026-03-17 12:17:07,22125334
2026-03-17 12:18:05,22075743
2026-03-17 12:18:58,22135813
2026-03-17 12:19:53,22126931
2026-03-17 12:20:47,22137400
2026-03-17 12:21:42,22125933
2026-03-17 12:22:35,22065853
2026-03-17 12:23:31,22061771
2026-03-17 12:24:24,22078737
2026-03-17 12:25:19,22094306
2026-03-17 12:26:14,22084416
2026-03-17 12:27:08,22123248
2026-03-17 12:28:07,22201381
2026-03-17 12:29:05,22237289
2026-03-17 12:29:58,22244375
2026-03-17 12:30:53,22216342
2026-03-17 12:31:47,22213347
2026-03-17 12:32:42,22157369
2026-03-17 12:33:35,22160563
2026-03-17 12:34:31,22135413
2026-03-17 12:35:26,22122340
2026-03-17 12:36:19,22056781
2026-03-17 12:37:14,22036632
2026-03-17 12:38:07,22047799
2026-03-17 12:39:03,22026052
2026-03-17 12:40:03,21930045
2026-03-17 12:41:03,21898418
2026-03-17 12:41:58,21860414
2026-03-17 12:42:53,21850434
2026-03-17 12:43:47,21847939
2026-03-17 12:44:42,21911990
2026-03-17 12:45:44,21897420
2026-03-17 12:46:37,21907908
2026-03-17 12:47:32,21972071
2026-03-17 12:48:31,21933848
2026-03-17 12:49:24,21956194
2026-03-17 12:50:25,21956692
2026-03-17 12:51:23,22055784
2026-03-17 12:52:16,22068359
2026-03-17 12:53:12,22031333
2026-03-17 12:54:05,22047499
2026-03-17 12:55:05,21981742
2026-03-17 12:55:58,21986532
2026-03-17 12:56:53,22005285
2026-03-17 12:57:48,21945274
2026-03-17 12:58:41,21928357
2026-03-17 12:59:37,21921072
2026-03-17 13:00:28,21963787
2026-03-17 13:01:23,22000802
2026-03-17 13:02:18,21976651
2026-03-17 13:02:52,22010184
2026-03-17 13:03:45,21907110
2026-03-17 13:04:38,21934446
2026-03-17 13:05:32,21958697
2026-03-17 13:06:26,22013277
2026-03-17 13:07:21,22011592
2026-03-17 13:08:14,22083627
2026-03-17 13:09:10,22110263
2026-03-17 13:10:03,22161760
2026-03-17 13:11:03,22177818
2026-03-17 13:11:59,22224025
2026-03-17 13:12:55,22254755
2026-03-17 13:13:49,22080932
2026-03-17 13:14:44,22073049
2026-03-17 13:15:37,22048862
2026-03-17 13:16:32,22138053
2026-03-17 13:17:26,22099700
2026-03-17 13:18:20,22148931
2026-03-17 13:19:15,22166625
2026-03-17 13:20:11,22171786
2026-03-17 13:21:04,22151576
2026-03-17 13:22:03,22098164
2026-03-17 13:22:59,22069711
2026-03-17 13:23:53,22026775
2026-03-17 13:24:49,22017304
2026-03-17 13:25:46,22057954
2026-03-17 13:26:41,22020269
2026-03-17 13:27:33,22047673
2026-03-17 13:28:26,22082854
2026-03-17 13:29:21,22063607
2026-03-17 13:30:28,22100932
2026-03-17 13:31:22,22116621
2026-03-17 13:32:16,22154276
2026-03-17 13:33:13,22122988
2026-03-17 13:34:06,22131161
2026-03-17 13:35:05,22153966
2026-03-17 13:35:58,22122290
2026-03-17 13:36:52,22236229
2026-03-17 13:37:48,22176521
2026-03-17 13:38:43,22216908
2026-03-17 13:39:37,22185582
2026-03-17 13:40:31,22132130
2026-03-17 13:41:26,22132170
2026-03-17 13:42:20,22161261
2026-03-17 13:43:17,22131551
2026-03-17 13:44:10,22148178
2026-03-17 13:45:04,22063777
2026-03-17 13:46:04,22076003
2026-03-17 13:47:03,22077709
2026-03-17 13:47:53,22054077
2026-03-17 13:48:47,22127519
2026-03-17 13:49:40,22143393
2026-03-17 13:50:34,22076872
2026-03-17 13:51:30,22045654
2026-03-17 13:52:30,22023622
2026-03-17 13:53:25,22004984
2026-03-17 13:54:19,22030328
2026-03-17 13:55:13,22085483
2026-03-17 13:56:07,22067154
2026-03-17 13:57:06,22020313
2026-03-17 13:58:04,22040208
2026-03-17 13:58:59,22050049
2026-03-17 13:59:55,22083282
2026-03-17 14:00:50,22098839
2026-03-17 14:01:45,22067603
2026-03-17 14:02:39,22097242
2026-03-17 14:03:35,22197322
2026-03-17 14:04:29,22165656
2026-03-17 14:05:26,22120512
2026-03-17 14:06:21,22027896
2026-03-17 14:07:15,22126290
2026-03-17 14:08:10,22112992
2026-03-17 14:09:04,22090137
2026-03-17 14:09:58,22081589
2026-03-17 14:10:51,22064878
2026-03-17 14:11:45,22038840
2026-03-17 14:12:42,22113246
2026-03-17 14:13:36,22177054
2026-03-17 14:14:33,22158159
2026-03-17 14:15:41,22243847
2026-03-17 14:16:33,22200277
2026-03-17 14:17:27,22200477
2026-03-17 14:18:24,22188346
2026-03-17 14:19:16,22201799
2026-03-17 14:20:12,22122503
2026-03-17 14:21:09,22168864
2026-03-17 14:22:04,22230032
2026-03-17 14:22:59,22179741
2026-03-17 14:23:53,22182824
2026-03-17 14:24:48,22216368
2026-03-17 14:25:42,22169971
2026-03-17 14:26:35,22204982
2026-03-17 14:27:30,22235621
2026-03-17 14:28:26,22178045
2026-03-17 14:29:21,22178952
2026-03-17 14:30:16,22146519
2026-03-17 14:31:10,22182446
2026-03-17 14:32:05,22223154
2026-03-17 14:33:07,22224650
2026-03-17 14:34:05,22191616
2026-03-17 14:35:04,22202695
2026-03-17 14:36:03,22216258
2026-03-17 14:36:59,22232935
2026-03-17 14:37:54,22402665
2026-03-17 14:38:49,22358064
2026-03-17 14:39:42,22544951
2026-03-17 14:40:41,22483793
2026-03-17 14:41:36,22420220
2026-03-17 14:42:29,22350679
2026-03-17 14:43:22,22433303
2026-03-17 14:44:16,22372925
2026-03-17 14:44:47,22380609
2026-03-17 14:45:41,22336807
2026-03-17 14:46:36,22486398
2026-03-17 14:47:30,22509751
2026-03-17 14:48:26,22496667
2026-03-17 14:49:22,22702030
2026-03-17 14:50:18,22663408
2026-03-17 14:51:12,22550156
2026-03-17 14:52:07,22605435
2026-03-17 14:52:59,22644645
2026-03-17 14:53:51,22589865
2026-03-17 14:54:47,22523123
2026-03-17 14:55:44,22416591
2026-03-17 14:56:38,22448428
2026-03-17 14:57:33,22416103
2026-03-17 14:58:27,22372699
2026-03-17 14:59:22,22397640
2026-03-17 15:00:18,22390763
2026-03-17 15:01:14,22231612
2026-03-17 15:02:08,22111163
2026-03-17 15:03:06,22003101
2026-03-17 15:04:05,22006295
2026-03-17 15:05:03,21851924
2026-03-17 15:05:58,21910297
2026-03-17 15:06:53,21806415
2026-03-17 15:07:47,22005296
2026-03-17 15:08:41,21974958
2026-03-17 15:09:34,21911803
2026-03-17 15:10:32,21797534
2026-03-17 15:11:26,21837751
2026-03-17 15:12:25,21952202
2026-03-17 15:13:18,21952202
2026-03-17 15:14:14,21881654
2026-03-17 15:15:18,21899918
2026-03-17 15:16:12,21925367
2026-03-17 15:17:07,21848522
2026-03-17 15:18:05,21724489
2026-03-17 15:19:04,21713422
2026-03-17 15:19:59,21900218
2026-03-17 15:20:52,21900218
2026-03-17 15:21:50,21900218
2026-03-17 15:22:44,21900218
2026-03-17 15:23:39,21900218
2026-03-17 15:24:37,21900218
2026-03-17 15:25:34,21900218
2026-03-17 15:26:28,21900218
2026-03-17 15:27:27,21900218
2026-03-17 15:28:21,21900218
2026-03-17 15:29:16,21900218
2026-03-17 15:30:10,21813301
2026-03-17 15:31:07,21769389
2026-03-17 15:32:05,21769389
2026-03-17 15:32:59,21769389
2026-03-17 15:33:54,21769389
2026-03-17 15:34:47,21769389
2026-03-17 15:35:43,21769389
2026-03-17 15:36:36,21769389
2026-03-17 15:37:32,21769389
2026-03-17 15:38:26,21769389
2026-03-17 15:39:21,21769389
2026-03-17 15:40:17,21831573
2026-03-17 15:41:10,21960386
2026-03-17 15:42:06,21990525
2026-03-17 15:42:59,21949309
2026-03-17 15:43:54,21975955
2026-03-17 15:44:48,22030734
2026-03-17 15:45:43,21994218
2026-03-17 15:46:37,21916485
2026-03-17 15:47:32,21804217
2026-03-17 15:48:25,21711925
2026-03-17 15:49:21,21784968
2026-03-17 15:50:17,21799608
2026-03-17 15:51:10,21894598
2026-03-17 15:52:06,21889905
2026-03-17 15:52:59,21835126
2026-03-17 15:53:54,21838818
2026-03-17 15:54:48,21784039
2026-03-17 15:55:43,21831434
2026-03-17 15:56:37,21769270
2026-03-17 15:57:32,21725368
2026-03-17 15:58:25,21648431
2026-03-17 15:59:21,21665688
2026-03-17 16:00:17,21754499
2026-03-17 16:01:10,21747114
2026-03-17 16:02:05,21709590
2026-03-17 16:02:59,21790028
2026-03-17 16:03:54,21789029
2026-03-17 16:04:48,21807292
2026-03-17 16:05:43,21825547
2026-03-17 16:06:37,21881326
2026-03-17 16:07:32,21892413
2026-03-17 16:08:25,21965446
2026-03-17 16:09:21,21986404
2026-03-17 16:10:17,21971843
2026-03-17 16:11:11,21998480
2026-03-17 16:12:06,22013052
2026-03-17 16:12:59,22013042
2026-03-17 16:13:55,22030306
2026-03-17 16:14:48,22063131
2026-03-17 16:15:44,22067821
2026-03-17 16:16:37,22082382
2026-03-17 16:17:32,22053250
2026-03-17 16:18:26,22017731
2026-03-17 16:19:21,22002173
2026-03-17 16:20:17,22014238
2026-03-17 16:21:11,22014238
2026-03-17 16:22:06,22017930
2026-03-17 16:23:04,21965846
2026-03-17 16:23:58,21970535
2026-03-17 16:24:53,22009748
2026-03-17 16:25:46,21964148
2026-03-17 16:26:42,21945885
2026-03-17 16:27:35,21930316
2026-03-17 16:28:29,21982412
2026-03-17 16:29:25,22037192
2026-03-17 16:30:18,21982402
2026-03-17 16:31:11,22018928
2026-03-17 16:32:07,22039885
2026-03-17 16:32:59,22022620
2026-03-17 16:33:53,22004368
2026-03-17 16:34:48,22005365
2026-03-17 16:35:41,21990795
2026-03-17 16:36:37,22008050
2026-03-17 16:37:30,21990784
2026-03-17 16:38:26,21986104
2026-03-17 16:39:19,21987101
2026-03-17 16:40:17,21976214
2026-03-17 16:41:10,21976214
2026-03-17 16:42:06,21961653
2026-03-17 16:42:59,21957960
2026-03-17 16:43:55,21953282
2026-03-17 16:44:48,21985017
2026-03-17 16:45:43,22043479
2026-03-17 16:46:37,21990806
2026-03-17 16:47:32,21909370
2026-03-17 16:48:26,21906684
2026-03-17 16:49:21,21928630
2026-03-17 16:50:17,21940108
2026-03-17 16:51:11,21967853
2026-03-17 16:52:06,21994888
2026-03-17 16:53:04,22000677
2026-03-17 16:53:58,21967252
2026-03-17 16:54:53,22038191
2026-03-17 16:55:47,22021035
2026-03-17 16:56:42,22016245
2026-03-17 16:57:35,22073721
2026-03-17 16:58:31,22029417
2026-03-17 16:59:24,22041893
2026-03-17 17:00:20,21992890
2026-03-17 17:01:16,22010157
2026-03-17 17:02:09,22033110
2026-03-17 17:03:04,22068630
2026-03-17 17:03:58,22051373
2026-03-17 17:04:53,22038899
2026-03-17 17:05:47,22019639
2026-03-17 17:06:42,21986902
2026-03-17 17:07:35,21980117
2026-03-17 17:08:31,21962862
2026-03-17 17:09:24,21981114
2026-03-17 17:10:20,21970646
2026-03-17 17:11:15,21970646
2026-03-17 17:12:09,21983111
2026-03-17 17:13:04,21996582
2026-03-17 17:13:58,21954479
2026-03-17 17:14:53,22009260
2026-03-17 17:15:46,21991006
2026-03-17 17:16:42,21965358
2026-03-17 17:17:35,21947104
2026-03-17 17:18:30,21949788
2026-03-17 17:19:24,21949788
2026-03-17 17:20:20,21987304
2026-03-17 17:21:15,22078610
2026-03-17 17:22:09,22041084
2026-03-17 17:23:04,22068828
2026-03-17 17:23:58,22102652
2026-03-17 17:24:53,22112134
2026-03-17 17:25:47,22114739
2026-03-17 17:26:42,22109247
2026-03-17 17:27:36,22080807
2026-03-17 17:28:31,22126214
2026-03-17 17:29:24,22046885
2026-03-17 17:30:21,22062841
2026-03-17 17:31:16,22076314
2026-03-17 17:32:09,22076314
2026-03-17 17:33:05,22028919
2026-03-17 17:33:58,22000987
2026-03-17 17:34:54,22025427
2026-03-17 17:35:47,22016943
2026-03-17 17:36:43,22029962
2026-03-17 17:37:36,22024973
2026-03-17 17:38:31,21995231
2026-03-17 17:39:25,21996030
2026-03-17 17:40:21,22007807
2026-03-17 17:41:16,22006808
2026-03-17 17:42:10,22024774
2026-03-17 17:43:05,22058706
2026-03-17 17:43:58,22091629
2026-03-17 17:44:54,22109393
2026-03-17 17:45:48,22157687
2026-03-17 17:46:43,22124254
2026-03-17 17:47:36,22145406
2026-03-17 17:48:32,22151118
2026-03-17 17:49:25,22165291
2026-03-17 17:50:21,22174073
2026-03-17 17:51:17,22151118
2026-03-17 17:52:10,22173074
2026-03-17 17:53:05,22160900
2026-03-17 17:53:59,22180706
2026-03-17 17:54:54,22157751
2026-03-17 17:55:48,22158750
2026-03-17 17:56:43,22158750
2026-03-17 17:57:36,22186494
2026-03-17 17:58:32,22186494
2026-03-17 17:59:25,22164538
2026-03-17 18:00:19,22180706
2026-03-17 18:01:13,22180706
2026-03-17 18:02:08,22179707
2026-03-17 18:03:06,22180706
2026-03-17 18:03:59,22180706
2026-03-17 18:04:55,22164538
2026-03-17 18:05:48,22158750
2026-03-17 18:06:43,22163539
2026-03-17 18:07:37,22186494
2026-03-17 18:08:32,22186494
2026-03-17 18:09:26,22181703
2026-03-17 18:10:22,22186494
2026-03-17 18:11:17,22208440
2026-03-17 18:12:10,22209437
2026-03-17 18:13:06,22208440
2026-03-17 18:13:59,22202652
2026-03-17 18:14:56,22181703
2026-03-17 18:15:50,22203649
2026-03-17 18:16:45,22219817
2026-03-17 18:17:39,22203649
2026-03-17 18:18:34,22224608
2026-03-17 18:19:27,22230396
2026-03-17 18:20:25,22225605
2026-03-17 18:21:19,22246564
2026-03-17 18:22:15,22253349
2026-03-17 18:23:08,22246564
2026-03-17 18:24:03,22247561
2026-03-17 18:24:57,22253349
2026-03-17 18:25:52,22269507
2026-03-17 18:26:46,22281085
2026-03-17 18:27:41,22303041
2026-03-17 18:28:34,22305836
2026-03-17 18:29:30,22327792
2026-03-17 18:30:26,22300246
2026-03-17 18:31:19,22282084
2026-03-17 18:32:14,22302242
2026-03-17 18:33:08,22305037
2026-03-17 18:34:03,22283081
2026-03-17 18:34:57,22305037
2026-03-17 18:35:52,22326993
2026-03-17 18:36:46,22329788
2026-03-17 18:37:41,22350737
2026-03-17 18:38:34,22351734
2026-03-17 18:39:30,22351734
2026-03-17 18:40:26,22351734
2026-03-17 18:41:19,22351734
2026-03-17 18:42:14,22351734
2026-03-17 18:43:08,22352733
2026-03-17 18:44:03,22396645
2026-03-17 18:44:57,22393850
2026-03-17 18:45:52,22349938
2026-03-17 18:46:45,22371894
2026-03-17 18:47:41,22349938
2026-03-17 18:48:34,22371894
2026-03-17 18:49:28,22347143
2026-03-17 18:50:26,22346144
2026-03-17 18:51:19,22325197
2026-03-17 18:52:14,22322404
2026-03-17 18:53:08,22324198
2026-03-17 18:54:03,22325197
2026-03-17 18:54:57,22300448
2026-03-17 18:55:52,22299449
2026-03-17 18:56:46,22321405
2026-03-17 18:57:41,22325197
2026-03-17 18:58:34,22322404
2026-03-17 18:59:30,22347143
2026-03-17 19:00:26,22346144
2026-03-17 19:01:20,22344350
2026-03-17 19:02:15,22324198
2026-03-17 19:03:09,22344350
2026-03-17 19:04:04,22319609
2026-03-17 19:04:58,22344350
2026-03-17 19:05:53,22344350
2026-03-17 19:06:46,22343351
2026-03-17 19:07:42,22322404
2026-03-17 19:08:35,22299449
2026-03-17 19:09:30,22299449
2026-03-17 19:10:24,22253751
2026-03-17 19:11:17,22228002
2026-03-17 19:12:12,22230796
2026-03-17 19:13:06,22229799
2026-03-17 19:14:04,22229799
2026-03-17 19:14:59,22227005
2026-03-17 19:15:53,22205049
2026-03-17 19:16:48,22227005
2026-03-17 19:17:42,22207843
2026-03-17 19:18:37,22204050
2026-03-17 19:19:30,22187693
2026-03-17 19:20:26,22210638
2026-03-17 19:21:22,22229799
2026-03-17 19:22:15,22232594
2026-03-17 19:23:10,22206844
2026-03-17 19:24:04,22234388
2026-03-17 19:24:59,22257343
2026-03-17 19:25:53,22256344
2026-03-17 19:26:48,22234388
2026-03-17 19:27:41,22211435
2026-03-17 19:28:37,22211435
2026-03-17 19:29:30,22208642
2026-03-17 19:30:26,22209639
2026-03-17 19:31:21,22208642
2026-03-17 19:32:15,22206844
2026-03-17 19:33:10,22205847
2026-03-17 19:34:04,22205847
2026-03-17 19:34:59,22209639
2026-03-17 19:35:52,22227803
2026-03-17 19:36:48,22208642
2026-03-17 19:37:41,22230598
2026-03-17 19:38:36,22227803
2026-03-17 19:39:30,22249759
2026-03-17 19:40:26,22249759
2026-03-17 19:41:21,22228800
2026-03-17 19:42:15,22250756
2026-03-17 19:43:10,22250756
2026-03-17 19:44:03,22250756
2026-03-17 19:44:59,21453208
2026-03-17 19:45:52,21477958
2026-03-17 19:46:48,21478955
2026-03-17 19:47:41,21477958
2026-03-17 19:48:36,21475164
2026-03-17 19:49:30,21453208
2026-03-17 19:50:26,21454205
2026-03-17 19:51:21,21454205
2026-03-17 19:52:14,21433248
2026-03-17 19:53:10,21433248
2026-03-17 19:54:03,21410303
2026-03-17 19:54:59,21411302
2026-03-17 19:55:52,21410303
2026-03-17 19:56:47,21414096
2026-03-17 19:57:41,21435043
2026-03-17 19:58:36,21437838
2026-03-17 19:59:29,21419684
2026-03-18 08:00:04,21859981
2026-03-18 08:01:05,21920660
2026-03-18 08:02:03,21867378
2026-03-18 08:02:58,21885541
2026-03-18 08:03:52,21943016
2026-03-18 08:04:47,21938426
2026-03-18 08:05:41,21945002
2026-03-18 08:06:35,21957178
2026-03-18 08:07:29,21943605
2026-03-18 08:08:24,21906289
2026-03-18 08:09:17,21860592
2026-03-18 08:10:13,21826459
2026-03-18 08:11:09,21830253
2026-03-18 08:12:07,21945601
2026-03-18 08:13:03,21942806
2026-03-18 08:13:58,21922656
2026-03-18 08:14:52,21940810
2026-03-18 08:15:47,21950590
2026-03-18 08:16:40,21929633
2026-03-18 08:17:36,21924045
2026-03-18 08:18:30,21932432
2026-03-18 08:19:24,21966362
2026-03-18 08:20:25,21930934
2026-03-18 08:21:22,21903939
2026-03-18 08:22:15,21943609
2026-03-18 08:23:09,21933529
2026-03-18 08:24:07,21887283
2026-03-18 08:25:05,21888280
2026-03-18 08:25:58,21895555
2026-03-18 08:26:54,21880085
2026-03-18 08:27:47,21914266
2026-03-18 08:28:42,21885925
2026-03-18 08:29:36,21924429
2026-03-18 08:30:30,21959110
2026-03-18 08:31:24,22030906
2026-03-18 08:32:19,22016235
2026-03-18 08:33:12,21960557
2026-03-18 08:34:08,21985558
2026-03-18 08:35:06,21968341
2026-03-18 08:35:59,21973820
2026-03-18 08:36:54,21945048
2026-03-18 08:37:48,21928582
2026-03-18 08:38:42,21925787
2026-03-18 08:39:37,21947733
2026-03-18 08:40:33,21926786
2026-03-18 08:41:27,21904830
2026-03-18 08:42:22,21903831
2026-03-18 08:43:15,21884670
2026-03-18 08:44:10,21885669
2026-03-18 08:45:04,21863723
2026-03-18 08:45:57,21885669
2026-03-18 08:46:52,21887464
2026-03-18 08:47:45,21918802
2026-03-18 08:48:40,21921597
2026-03-18 08:49:34,21920598
2026-03-18 09:01:26,21947393
2026-03-18 09:02:21,21962564
2026-03-18 09:03:15,21953181
2026-03-18 09:04:10,21916654
2026-03-18 09:05:04,22014982
2026-03-18 09:05:59,22049713
2026-03-18 09:06:57,22021569
2026-03-18 09:07:51,21991629
2026-03-18 09:08:45,22053495
2026-03-18 09:09:44,22047915
2026-03-18 09:10:45,22078852
2026-03-18 09:11:38,22080650
2026-03-18 09:12:39,22019761
2026-03-18 09:13:32,22047915
2026-03-18 09:14:27,22057288
2026-03-18 09:15:30,22086428
2026-03-18 09:16:24,22114562
2026-03-18 09:17:19,22069671
2026-03-18 09:18:17,22007795
2026-03-18 09:19:12,21995123
2026-03-18 09:20:04,21880261
2026-03-18 09:20:58,21816758
2026-03-18 09:21:51,21831108
2026-03-18 09:22:45,21882017
2026-03-18 09:23:38,21840101
2026-03-18 09:24:35,21874333
2026-03-18 09:25:29,21876627
2026-03-18 09:25:49,21908565
2026-03-18 09:26:42,21903853
2026-03-18 09:27:48,21872775
2026-03-18 09:28:42,21843853
2026-03-18 09:29:38,21811138
2026-03-18 09:30:32,21818724
2026-03-18 09:31:26,21872135
2026-03-18 09:32:20,21967344
2026-03-18 09:33:16,21958962
2026-03-18 09:34:14,22034151
2026-03-18 09:35:09,22017704
2026-03-18 09:36:03,22064263
2026-03-18 09:36:57,22004711
2026-03-18 09:37:54,22018073
2026-03-18 09:38:46,22015199
2026-03-18 09:39:42,21968304
2026-03-18 09:40:35,21997095
2026-03-18 09:41:32,22014552
2026-03-18 09:42:25,21975229
2026-03-18 09:43:19,21973821
2026-03-18 09:44:12,22004400
2026-03-18 09:45:05,22019349
2026-03-18 09:45:58,22053322
2026-03-18 09:46:52,22079062
2026-03-18 09:47:47,22076268
2026-03-18 09:48:42,22050929
2026-03-18 09:49:36,22080650
2026-03-18 09:50:35,22060060
2026-03-18 09:51:33,22041447
2026-03-18 09:52:26,22050379
2026-03-18 09:53:24,22127614
2026-03-18 09:54:19,22110947
2026-03-18 09:55:19,22100120
2026-03-18 09:56:13,22060667
2026-03-18 09:57:14,22094589
2026-03-18 09:58:08,22132444
2026-03-18 09:59:08,22162853
2026-03-18 10:00:05,22190217
2026-03-18 10:00:59,22134469
2026-03-18 10:01:53,22151144
2026-03-18 10:02:49,22138272
2026-03-18 10:03:43,22138651
2026-03-18 10:04:35,22164733
2026-03-18 10:05:30,22195153
2026-03-18 10:06:26,22062742
2026-03-18 10:07:20,22090534
2026-03-18 10:08:14,22163682
2026-03-18 10:09:10,22180407
2026-03-18 10:10:03,22243272
2026-03-18 10:10:56,22237872
2026-03-18 10:11:51,22196536
2026-03-18 10:12:48,22215866
2026-03-18 10:13:50,22220128
2026-03-18 10:14:44,22253714
2026-03-18 10:15:39,22245139
2026-03-18 10:16:34,22241347
2026-03-18 10:17:28,22275067
2026-03-18 10:18:23,22270769
2026-03-18 10:19:15,22164912
2026-03-18 10:20:09,22188164
2026-03-18 10:21:06,22098837
2026-03-18 10:22:05,22158965
2026-03-18 10:23:04,22150032
2026-03-18 10:24:04,22120131
2026-03-18 10:24:58,22152001
2026-03-18 10:25:55,22146470
2026-03-18 10:26:47,22050840
2026-03-18 10:27:42,21991730
2026-03-18 10:27:58,21950821
2026-03-18 10:28:51,21903397
2026-03-18 10:29:46,21809644
2026-03-18 10:30:39,21899733
2026-03-18 10:31:34,21898806
2026-03-18 10:32:26,21927986
2026-03-18 10:33:18,22070750
2026-03-18 10:34:12,22062688
2026-03-18 10:35:10,22052758
2026-03-18 10:36:06,22003148
2026-03-18 10:36:58,21981791
2026-03-18 10:37:52,21995443
2026-03-18 10:38:47,22119932
2026-03-18 10:39:43,22170819
2026-03-18 10:40:35,22190732
2026-03-18 10:41:30,22188066
2026-03-18 10:42:27,22225692
2026-03-18 10:43:19,22251110
2026-03-18 10:44:11,22263295
2026-03-18 10:45:04,22211240
2026-03-18 10:45:57,22158767
2026-03-18 10:46:54,22142218
2026-03-18 10:47:52,22040720
2026-03-18 10:48:45,21992686
2026-03-18 10:49:38,21982587
2026-03-18 10:50:32,21915629
2026-03-18 10:51:24,21819694
2026-03-18 10:52:20,21867847
2026-03-18 10:53:13,21870911
2026-03-18 10:54:07,21790162
2026-03-18 10:55:06,21750352
2026-03-18 10:56:05,21784442
2026-03-18 10:56:57,21812227
2026-03-18 10:57:51,21884403
2026-03-18 10:58:45,21842506
2026-03-18 10:59:42,21888376
2026-03-18 11:00:34,21974582
2026-03-18 11:01:28,22032815
2026-03-18 11:02:23,22094760
2026-03-18 11:03:17,22097405
2026-03-18 11:04:13,22066678
2026-03-18 11:05:06,22109409
2026-03-18 11:06:05,22005759
2026-03-18 11:06:59,22056808
2026-03-18 11:07:54,22076876
2026-03-18 11:08:47,22016017
2026-03-18 11:09:42,21955150
2026-03-18 11:10:38,21962496
2026-03-18 11:11:31,21922506
2026-03-18 11:12:27,22056088
2026-03-18 11:13:21,21998774
2026-03-18 11:14:16,22034261
2026-03-18 11:15:09,22001527
2026-03-18 11:16:04,22008872
2026-03-18 11:16:57,22167686
2026-03-18 11:17:50,22116280
2026-03-18 11:18:43,22172350
2026-03-18 11:19:36,22175743
2026-03-18 11:20:29,22165044
2026-03-18 11:21:25,22188041
2026-03-18 11:22:19,22190704
2026-03-18 11:23:16,22218489
2026-03-18 11:24:08,22222520
2026-03-18 11:25:03,22146125
2026-03-18 11:25:55,22211142
2026-03-18 11:26:50,22132672
2026-03-18 11:27:46,22160097
2026-03-18 11:28:38,22156063
2026-03-18 11:29:31,22154875
2026-03-18 11:30:24,22233320
2026-03-18 11:31:19,22169328
2026-03-18 11:32:16,22243021
2026-03-18 11:33:12,22182221
2026-03-18 11:34:07,22162262
2026-03-18 11:35:07,22164018
2026-03-18 11:36:04,22204617
2026-03-18 11:37:03,22158388
2026-03-18 11:38:03,22181624
2026-03-18 11:38:59,22204087
2026-03-18 11:39:52,22278411
2026-03-18 11:40:44,22239736
2026-03-18 11:41:40,22243409
2026-03-18 11:42:32,22277991
2026-03-18 11:43:26,22253878
2026-03-18 11:44:19,22272483
2026-03-18 11:45:14,22258937
2026-03-18 11:46:10,22306194
2026-03-18 11:47:04,22326992
2026-03-18 11:47:59,22275594
2026-03-18 11:48:54,22240972
2026-03-18 11:49:47,22292361
2026-03-18 11:50:44,22331544
2026-03-18 11:51:40,22297450
2026-03-18 11:52:33,22322481
2026-03-18 11:53:28,22253788
2026-03-18 11:54:21,22292421
2026-03-18 11:55:16,22275094
2026-03-18 11:56:12,22267231
2026-03-18 11:57:05,22270026
2026-03-18 11:58:07,22339079
2026-03-18 11:59:05,22293979
2026-03-18 11:59:58,22255864
2026-03-18 12:01:07,22300445
2026-03-18 12:02:05,22329976
2026-03-18 12:02:58,22358658
2026-03-18 12:03:53,22354108
2026-03-18 12:04:46,22376323
2026-03-18 12:05:42,22333138
2026-03-18 12:06:40,22306233
2026-03-18 12:07:37,22309028
2026-03-18 12:08:29,22299048
2026-03-18 12:09:22,22293977
2026-03-18 12:10:16,22295734
2026-03-18 12:11:14,22371772
2026-03-18 12:12:07,22327701
2026-03-18 12:13:07,22430484
2026-03-18 12:14:03,22442740
2026-03-18 12:15:03,22450415
2026-03-18 12:15:59,22412689
2026-03-18 12:16:52,22450444
2026-03-18 12:17:47,22377575
2026-03-18 12:18:43,22364393
2026-03-18 12:19:35,22371490
2026-03-18 12:20:31,22495569
2026-03-18 12:21:23,22528453
2026-03-18 12:22:17,22516578
2026-03-18 12:23:11,22483564
2026-03-18 12:24:06,22444970
2026-03-18 12:25:05,22466806
2026-03-18 12:26:03,22494672
2026-03-18 12:26:57,22525559
2026-03-18 12:27:51,22544763
2026-03-18 12:28:44,22540881
2026-03-18 12:29:39,22490988
2026-03-18 12:30:34,22591321
2026-03-18 12:31:26,22568884
2026-03-18 12:32:20,22586302
2026-03-18 12:33:16,22507301
2026-03-18 12:34:11,22529489
2026-03-18 12:35:04,22546125
2026-03-18 12:36:05,22534007
2026-03-18 12:37:06,22516095
2026-03-18 12:37:59,22500734
2026-03-18 12:38:54,22556963
2026-03-18 12:39:47,22547141
2026-03-18 12:40:39,22556816
2026-03-18 12:41:34,22576838
2026-03-18 12:42:31,22594062
2026-03-18 12:43:27,22637247
2026-03-18 12:44:21,22577815
2026-03-18 12:45:14,22644592
2026-03-18 12:46:06,22601407
2026-03-18 12:46:59,22640041
2026-03-18 12:47:51,22636896
2026-03-18 12:48:47,22711009
2026-03-18 12:49:40,22693345
2026-03-18 12:50:33,22672895
2026-03-18 12:51:28,22690990
2026-03-18 12:52:25,22626038
2026-03-18 12:53:19,22630069
2026-03-18 12:54:13,22700152
2026-03-18 12:55:09,22635657
2026-03-18 12:56:05,22631107
2026-03-18 12:57:03,22653314
2026-03-18 12:57:59,22661517
2026-03-18 12:58:53,22697523
2026-03-18 12:59:47,22656089
2026-03-18 13:00:41,22659243
2026-03-18 13:01:35,22657485
2026-03-18 13:02:27,22668144
2026-03-18 13:03:20,22719013
2026-03-18 13:04:14,22667626
2026-03-18 13:05:08,22679063
2026-03-18 13:06:05,22683525
2026-03-18 13:06:58,22665350
2026-03-18 13:07:52,22631626
2026-03-18 13:08:45,22702945
2026-03-18 13:09:40,22622524
2026-03-18 13:10:33,22603293
2026-03-18 13:11:28,22676365
2026-03-18 13:12:24,22679776
2026-03-18 13:13:22,22647331
2026-03-18 13:14:17,22670434
2026-03-18 13:15:11,22601244
2026-03-18 13:16:04,22609787
2026-03-18 13:16:57,22546932
2026-03-18 13:17:52,22554278
2026-03-18 13:18:47,22544139
2026-03-18 13:19:45,22568160
2026-03-18 13:20:41,22545017
2026-03-18 13:21:36,22521149
2026-03-18 13:22:29,22518594
2026-03-18 13:23:24,22564313
2026-03-18 13:24:17,22555431
2026-03-18 13:25:11,22545292
2026-03-18 13:26:06,22482686
2026-03-18 13:27:05,22482377
2026-03-18 13:28:04,22490384
2026-03-18 13:28:58,22426523
2026-03-18 13:29:50,22361142
2026-03-18 13:30:53,22361454
2026-03-18 13:31:50,22276193
2026-03-18 13:32:48,22305109
2026-03-18 13:33:43,22239500
2026-03-18 13:34:37,22218265
2026-03-18 13:35:31,22247497
2026-03-18 13:36:24,22199793
2026-03-18 13:37:17,22195941
2026-03-18 13:38:12,22251070
2026-03-18 13:39:04,22204004
2026-03-18 13:39:57,22189681
2026-03-18 13:40:50,22200370
2026-03-18 13:41:43,22175042
2026-03-18 13:42:39,22160811
2026-03-18 13:43:35,22155322
2026-03-18 13:45:19,22175002
2026-03-18 13:46:13,22220469
2026-03-18 13:47:10,22243304
2026-03-18 13:48:05,22212368
2026-03-18 13:49:04,22252497
2026-03-18 13:49:57,22221967
2026-03-18 13:50:49,22240501
2026-03-18 13:51:44,22239104
2026-03-18 13:52:41,22284312
2026-03-18 13:53:33,22334952
2026-03-18 13:54:28,22336058
2026-03-18 13:55:21,22357287
2026-03-18 13:56:16,22360920
2026-03-18 13:57:13,22277027
2026-03-18 13:58:06,22324364
2026-03-18 13:58:59,22277027
2026-03-18 13:59:52,22313154
2026-03-18 14:00:47,22298045
2026-03-18 14:01:42,22341957
2026-03-18 14:02:39,22418882
2026-03-18 14:03:32,22398802
2026-03-18 14:04:27,22406148
2026-03-18 14:05:20,22403873
2026-03-18 14:06:12,22416189
2026-03-18 14:07:06,22505569
2026-03-18 14:08:07,22577305
2026-03-18 14:08:59,22611068
2026-03-18 14:09:52,22597416
2026-03-18 14:10:45,22536306
2026-03-18 14:11:43,22583783
2026-03-18 14:12:36,22614499
2026-03-18 14:13:33,22651177
2026-03-18 14:14:28,22696118
2026-03-18 14:15:23,22632853
2026-03-18 14:16:21,22690418
2026-03-18 14:17:14,22743393
2026-03-18 14:18:07,22750765
2026-03-18 14:19:05,22799460
2026-03-18 14:20:03,22918899
2026-03-18 14:20:57,22938639
2026-03-18 14:21:52,22911424
2026-03-18 14:22:50,22972962
2026-03-18 14:23:44,22938679
2026-03-18 14:24:41,22958870
2026-03-18 14:25:41,22986874
2026-03-18 14:26:37,22956804
2026-03-18 14:27:30,22902772
2026-03-18 14:28:22,22900527
2026-03-18 14:29:16,23030994
2026-03-18 14:30:08,23033789
2026-03-18 14:31:04,23004259
2026-03-18 14:31:57,23028041
2026-03-18 14:32:50,23079288
2026-03-18 14:33:46,23077012
2026-03-18 14:34:41,22953800
2026-03-18 14:35:34,22911905
2026-03-18 14:36:30,22829788
2026-03-18 14:37:27,22894531
2026-03-18 14:38:20,22834059
2026-03-18 14:39:13,22913812
2026-03-18 14:40:06,23042890
2026-03-18 14:41:04,23066724
2026-03-18 14:41:57,23115037
2026-03-18 14:42:51,23193031
2026-03-18 14:43:46,23157452
2026-03-18 14:44:44,23243140
2026-03-18 14:45:40,23196083
2026-03-18 14:46:36,23193807
2026-03-18 14:47:31,23210696
2026-03-18 14:48:30,23229398
2026-03-18 14:49:23,23306684
2026-03-18 14:50:23,23240075
2026-03-18 14:51:20,23247851
2026-03-18 14:52:14,23255555
2026-03-18 14:53:09,23243299
2026-03-18 14:54:03,23367472
2026-03-18 14:54:57,23400805
2026-03-18 14:55:55,23375176
2026-03-18 14:56:49,23283459
2026-03-18 14:57:42,23352342
2026-03-18 14:58:36,23301812
2026-03-18 14:59:30,23304088
2026-03-18 15:00:22,23316224
2026-03-18 15:01:16,23322012
2026-03-18 15:02:11,23347542
2026-03-18 15:03:03,23363210
2026-03-18 15:03:58,23363210
2026-03-18 15:04:51,23422032
2026-03-18 15:05:47,23406393
2026-03-18 15:06:41,23363460
2026-03-18 15:07:35,23341773
2026-03-18 15:07:54,23345806
2026-03-18 15:08:47,23358659
2026-03-18 15:09:40,23403679
2026-03-18 15:10:35,23472081
2026-03-18 15:11:27,23483189
2026-03-18 15:12:20,23502870
2026-03-18 15:13:14,23498579
2026-03-18 15:14:08,23447591
2026-03-18 15:15:05,23527672
2026-03-18 15:16:03,23474070
2026-03-18 15:16:56,23509328
2026-03-18 15:17:48,23512293
2026-03-18 15:18:45,23483760
2026-03-18 15:19:38,23540236
2026-03-18 15:20:34,23557861
2026-03-18 15:21:27,23557861
2026-03-18 15:22:20,23557861
2026-03-18 15:23:13,23557861
2026-03-18 15:24:06,23557861
2026-03-18 15:24:59,23557861
2026-03-18 15:25:53,23557861
2026-03-18 15:26:45,23557861
2026-03-18 15:27:40,23557861
2026-03-18 15:28:38,23557861
2026-03-18 15:29:31,23557861
2026-03-18 15:30:25,23502852
2026-03-18 15:31:23,23502852
2026-03-18 15:32:16,23502852
2026-03-18 15:33:09,23502852
2026-03-18 15:34:05,23502852
2026-03-18 15:35:05,23502852
2026-03-18 15:36:03,23502852
2026-03-18 15:36:56,23502852
2026-03-18 15:37:48,23502852
2026-03-18 15:38:41,23502852
2026-03-18 15:39:34,23502852
2026-03-18 15:40:28,23467773
2026-03-18 15:41:20,23437442
2026-03-18 15:42:14,23413210
2026-03-18 15:43:06,23477382
2026-03-18 15:43:59,23500584
2026-03-18 15:44:52,23506414
2026-03-18 15:45:45,23484978
2026-03-18 15:46:38,23487252
2026-03-18 15:47:31,23484019
2026-03-18 15:48:23,23429537
2026-03-18 15:49:16,23465215
2026-03-18 15:50:09,23478430
2026-03-18 15:51:04,23503091
2026-03-18 15:51:57,23470994
2026-03-18 15:52:50,23428330
2026-03-18 15:53:42,23448331
2026-03-18 15:54:36,23397362
2026-03-18 15:55:29,23354928
2026-03-18 15:56:22,23341046
2026-03-18 15:57:16,23358880
2026-03-18 15:58:09,23439421
2026-03-18 15:59:04,23411875
2026-03-18 16:00:05,23373763
2026-03-18 16:00:59,23368185
2026-03-18 16:01:57,23368185
2026-03-18 16:02:50,23409092
2026-03-18 16:03:43,23346239
2026-03-18 16:04:35,23349022
2026-03-18 16:05:28,23324283
2026-03-18 16:06:21,23365190
2026-03-18 16:07:14,23302327
2026-03-18 16:08:07,23283164
2026-03-18 16:09:07,23261208
2026-03-18 16:10:03,23280381
2026-03-18 16:10:58,23280381
2026-03-18 16:11:56,23214711
2026-03-18 16:12:49,23277775
2026-03-18 16:13:43,23321677
2026-03-18 16:14:41,23387346
2026-03-18 16:15:34,23384552
2026-03-18 16:16:27,23387346
2026-03-18 16:17:20,23409302
2026-03-18 16:18:13,23390141
2026-03-18 16:19:06,23368185
2026-03-18 16:19:59,23373763
2026-03-18 16:20:53,23370968
2026-03-18 16:21:51,23351817
2026-03-18 16:22:44,23392724
2026-03-18 16:23:37,23351817
2026-03-18 16:24:29,23389929
2026-03-18 16:25:22,23436626
2026-03-18 16:26:14,23439421
2026-03-18 16:27:07,23439421
2026-03-18 16:28:03,23379352
2026-03-18 16:29:03,23384940
2026-03-18 16:30:03,23404103
2026-03-18 16:30:59,23382147
2026-03-18 16:31:52,23382147
2026-03-18 16:32:45,23401308
2026-03-18 16:33:38,23357406
2026-03-18 16:34:31,23354612
2026-03-18 16:35:24,23373763
2026-03-18 16:36:16,23313693
2026-03-18 16:37:09,23332656
2026-03-18 16:38:05,23332656
2026-03-18 16:39:05,23332656
2026-03-18 16:40:05,23332656
2026-03-18 16:41:04,23332656
2026-03-18 16:41:58,23376357
2026-03-18 16:42:51,23373563
2026-03-18 16:43:44,23313494
2026-03-18 16:44:37,23332656
2026-03-18 16:45:30,23398313
2026-03-18 16:46:23,23398313
2026-03-18 16:47:21,23398313
2026-03-18 16:48:14,23379352
2026-03-18 16:49:07,23376558
2026-03-18 16:50:07,23335450
2026-03-18 16:51:03,23332656
2026-03-18 16:51:56,23332656
2026-03-18 16:52:49,23354612
2026-03-18 16:53:42,23373563
2026-03-18 16:54:35,23395519
2026-03-18 16:55:27,23354612
2026-03-18 16:56:21,23376558
2026-03-18 16:57:13,23376558
2026-03-18 16:58:06,23439421
2026-03-18 16:58:59,23442215
2026-03-18 16:59:52,23379352
2026-03-18 17:00:46,23420259
2026-03-18 17:01:40,23445010
2026-03-18 17:02:38,23401308
2026-03-18 17:03:32,23404103
2026-03-18 17:04:30,23469759
2026-03-18 17:05:23,23445010
2026-03-18 17:06:15,23447803
2026-03-18 17:07:08,23466966
2026-03-18 17:08:04,23466966
2026-03-18 17:09:04,23448005
2026-03-18 17:10:04,23491705
2026-03-18 17:10:59,23510868
2026-03-18 17:11:57,23510868
2026-03-18 17:12:50,23535617
2026-03-18 17:13:44,23535617
2026-03-18 17:14:42,23510868
2026-03-18 17:15:35,23535617
2026-03-18 17:16:28,23535617
2026-03-18 17:17:20,23535617
2026-03-18 17:18:13,23579321
2026-03-18 17:19:06,23576526
2026-03-18 17:19:59,23557365
2026-03-18 17:20:52,23579321
2026-03-18 17:21:47,23557365
2026-03-18 17:22:45,23513661
2026-03-18 17:23:38,23579321
2026-03-18 17:24:33,23516456
2026-03-18 17:25:30,23535617
2026-03-18 17:26:25,23513661
2026-03-18 17:27:23,23573733
2026-03-18 17:28:16,23510868
2026-03-18 17:29:09,23554570
2026-03-18 17:30:05,23491705
2026-03-18 17:31:03,23491705
2026-03-18 17:31:56,23510668
2026-03-18 17:32:50,23529821
2026-03-18 17:33:43,23488912
2026-03-18 17:34:36,23488912
2026-03-18 17:35:28,23529821
2026-03-18 17:36:21,23502286
2026-03-18 17:37:14,23499491
2026-03-18 17:38:07,23461377
2026-03-18 17:38:59,23461377
2026-03-18 17:39:52,23436626
2026-03-18 17:40:46,23499491
2026-03-18 17:41:40,23458582
2026-03-18 17:42:38,23458582
2026-03-18 17:43:31,23458582
2026-03-18 17:44:24,23453004
2026-03-18 17:45:16,23518642
2026-03-18 17:46:09,23480528
2026-03-18 17:47:05,23480528
2026-03-18 17:48:03,23540598
2026-03-18 17:48:56,23496906
2026-03-18 17:49:49,23518642
2026-03-18 17:50:43,23518642
2026-03-18 17:51:41,23477733
2026-03-18 17:52:33,23518642
2026-03-18 17:53:27,23543393
2026-03-18 17:54:20,23502484
2026-03-18 17:55:13,23521437
2026-03-18 17:56:07,23521437
2026-03-18 17:57:05,23543393
2026-03-18 17:57:58,23499689
2026-03-18 17:58:51,23540598
2026-03-18 17:59:44,23480528
2026-03-18 18:00:40,23543393
2026-03-18 18:01:34,23502484
2026-03-18 18:02:32,23543393
2026-03-18 18:03:25,23527235
2026-03-18 18:04:18,23524440
2026-03-18 18:05:10,23568144
2026-03-18 18:06:04,23568144
2026-03-18 18:06:57,23530029
2026-03-18 18:07:50,23570938
2026-03-18 18:08:43,23508073
2026-03-18 18:09:37,23568144
2026-03-18 18:10:36,23505279
2026-03-18 18:11:28,23530029
2026-03-18 18:12:22,23568144
2026-03-18 18:13:15,23508073
2026-03-18 18:14:08,23546188
2026-03-18 18:15:05,23527026
2026-03-18 18:16:03,23505080
2026-03-18 18:16:56,23442215
2026-03-18 18:17:48,23463963
2026-03-18 18:18:41,23461168
2026-03-18 18:19:34,23485919
2026-03-18 18:20:27,23466966
2026-03-18 18:21:20,23505080
2026-03-18 18:22:14,23529821
2026-03-18 18:23:12,23529821
2026-03-18 18:24:05,23507875
2026-03-18 18:24:58,23507875
2026-03-18 18:25:50,23570738
2026-03-18 18:26:43,23573531
2026-03-18 18:27:36,23573531
2026-03-18 18:28:29,23548792
2026-03-18 18:29:22,23551585
2026-03-18 18:30:19,23548792
2026-03-18 18:31:11,23570738
2026-03-18 18:32:04,23548792
2026-03-18 18:32:57,23545997
2026-03-18 18:33:50,23545997
2026-03-18 18:34:43,23545997
2026-03-18 18:35:36,23570738
2026-03-18 18:36:28,23548792
2026-03-18 18:37:21,23570738
2026-03-18 18:38:14,23570738
2026-03-18 18:39:08,23611647
2026-03-18 18:40:03,23630808
2026-03-18 18:40:59,23592694
2026-03-18 18:41:52,23633603
2026-03-18 18:42:44,23633603
2026-03-18 18:43:38,23573531
2026-03-18 18:44:33,23636396
2026-03-18 18:45:27,23592694
2026-03-18 18:46:20,23633603
2026-03-18 18:47:13,23595487
2026-03-18 18:48:06,23655559
2026-03-18 18:48:59,23636396
2026-03-18 18:49:51,23633603
2026-03-18 18:50:45,23696466
2026-03-18 18:51:38,23674510
2026-03-18 18:52:32,23674510
2026-03-18 18:53:25,23658352
2026-03-18 18:54:17,23633603
2026-03-18 18:55:10,23633603
2026-03-18 18:56:03,23636396
2026-03-18 18:56:56,23592694
2026-03-18 18:57:49,23636396
2026-03-18 18:58:41,23570738
2026-03-18 18:59:35,23636396
2026-03-18 19:00:28,23573531
2026-03-18 19:01:20,23614440
2026-03-18 19:02:14,23614440
2026-03-18 19:03:07,23595487
2026-03-18 19:03:59,23617235
2026-03-18 19:04:53,23639191
2026-03-18 19:05:45,23639191
2026-03-18 19:06:39,21919191
2026-03-18 19:07:32,21900238
2026-03-18 19:08:25,21900238
2026-03-18 19:09:18,21943942
2026-03-18 19:10:12,21941147
2026-03-18 19:11:06,21941147
2026-03-18 19:12:06,21921986
2026-03-18 19:12:59,21943942
2026-03-18 19:13:52,21924780
2026-03-18 19:14:47,21974270
2026-03-18 19:15:40,21993231
2026-03-18 19:16:35,21974270
2026-03-18 19:17:33,22020767
2026-03-18 19:18:26,22001615
2026-03-18 19:19:20,22001615
2026-03-18 19:20:16,21993231
2026-03-18 19:21:13,21993231
2026-03-18 19:22:06,22015177
2026-03-18 19:22:59,22012384
2026-03-18 19:23:53,22037133
2026-03-18 19:24:47,22037133
2026-03-18 19:25:40,22015177
2026-03-18 19:26:35,22039928
2026-03-18 19:27:32,22037133
2026-03-18 19:28:26,22037133
2026-03-18 19:29:21,22039928
2026-03-18 19:30:17,22083642
2026-03-18 19:31:14,22042723
2026-03-18 19:32:06,22061686
2026-03-18 19:33:05,22080847
2026-03-18 19:33:59,22042723
2026-03-18 19:34:52,22039928
2026-03-18 19:35:46,22083642
2026-03-18 19:36:39,22058891
2026-03-18 19:37:33,22083642
2026-03-18 19:38:31,22124549
2026-03-18 19:39:25,22083642
2026-03-18 19:40:21,22127343
2026-03-18 19:41:19,22124549
2026-03-18 19:42:12,22105387
2026-03-18 19:43:05,22127343
2026-03-18 19:43:59,22124549
2026-03-18 19:44:55,22108392
2026-03-18 19:45:47,22124549
2026-03-18 19:46:42,22149299
2026-03-18 19:47:39,22086436
2026-03-18 19:48:32,22064679
2026-03-18 19:49:26,22045517
2026-03-18 19:50:20,22061686
2026-03-18 19:51:16,22086436
2026-03-18 19:52:14,22067275
2026-03-18 19:53:07,22051105
2026-03-18 19:54:06,22053900
2026-03-18 19:55:03,22094819
2026-03-18 19:56:04,22097614
2026-03-18 19:56:58,22094819
2026-03-18 19:57:52,22122601
2026-03-18 19:58:46,22103170
2026-03-18 19:59:44,22144287
2026-03-19 08:00:05,18977756
2026-03-19 08:00:58,18732076
2026-03-19 08:01:54,19003892
2026-03-19 08:02:48,18884138
2026-03-19 08:03:41,19074737
2026-03-19 08:04:36,19127620
2026-03-19 08:05:30,19226403
2026-03-19 08:06:25,19306233
2026-03-19 08:07:18,19310215
2026-03-19 08:08:14,19318209
2026-03-19 08:09:07,19328189
2026-03-19 08:10:03,19308229
2026-03-19 08:10:59,19322201
2026-03-19 08:11:52,19430972
2026-03-19 08:12:47,19628546
2026-03-19 08:13:41,19553707
2026-03-19 08:14:36,19509795
2026-03-19 08:15:29,19434954
2026-03-19 08:16:25,19517779
2026-03-19 08:17:18,19491841
2026-03-19 08:18:13,19507809
2026-03-19 08:19:07,19555703
2026-03-19 08:20:05,19535743
2026-03-19 08:21:05,19565683
2026-03-19 08:22:03,19571661
2026-03-19 08:22:59,19555693
2026-03-19 08:23:52,19615573
2026-03-19 08:24:47,19623557
2026-03-19 08:25:41,19589625
2026-03-19 08:26:34,19577649
2026-03-19 08:27:30,19577649
2026-03-19 08:28:23,19644504
2026-03-19 08:29:18,19424974
2026-03-19 08:30:13,19411012
2026-03-19 08:31:11,19412998
2026-03-19 08:32:04,19412998
2026-03-19 08:32:59,19310225
2026-03-19 08:33:53,19229396
2026-03-19 08:34:48,19199456
2026-03-19 08:35:42,19203448
2026-03-19 08:36:37,19092691
2026-03-19 08:37:30,19169516
2026-03-19 08:38:26,19076733
2026-03-19 08:39:19,19237380
2026-03-19 08:40:17,19271302
2026-03-19 08:41:10,19241372
2026-03-19 08:42:05,19251342
2026-03-19 08:42:59,19253338
2026-03-19 08:43:54,19364107
2026-03-19 08:44:48,19376083
2026-03-19 08:45:43,19358119
2026-03-19 08:46:36,19273298
2026-03-19 08:47:32,19346143
2026-03-19 08:48:25,19247350
2026-03-19 08:49:20,19170525
2026-03-19 09:01:11,19082851
2026-03-19 09:02:05,18968910
2026-03-19 09:03:03,18750078
2026-03-19 09:03:58,18999427
2026-03-19 09:04:54,19061085
2026-03-19 09:05:47,19263667
2026-03-19 09:06:42,19410543
2026-03-19 09:07:37,19334835
2026-03-19 09:08:32,19395534
2026-03-19 09:09:26,19426641
2026-03-19 09:10:19,19073889
2026-03-19 09:11:12,19091532
2026-03-19 09:12:07,19283948
2026-03-19 09:13:05,19245385
2026-03-19 09:14:03,19461423
2026-03-19 09:14:59,19530314
2026-03-19 09:15:54,19477082
2026-03-19 09:16:48,19427859
2026-03-19 09:17:43,19286132
2026-03-19 09:18:35,19257147
2026-03-19 09:19:31,19372799
2026-03-19 09:20:24,19161253
2026-03-19 09:21:18,19024546
2026-03-19 09:22:11,18982640
2026-03-19 09:23:06,19021553
2026-03-19 09:24:04,18942730
2026-03-19 09:24:58,18938728
2026-03-19 09:25:56,18899827
2026-03-19 09:26:49,18913799
2026-03-19 09:27:48,18729188
2026-03-19 09:28:42,18813010
2026-03-19 09:29:37,18838948
2026-03-19 09:30:41,18966672
2026-03-19 09:31:35,19016562
2026-03-19 09:32:31,18920774
2026-03-19 09:33:30,18818001
2026-03-19 09:34:23,18862890
2026-03-19 09:35:15,18748151
2026-03-19 09:36:12,18703250
2026-03-19 09:36:45,18791554
2026-03-19 09:37:39,18857921
2026-03-19 09:38:32,18737172
2026-03-19 09:39:27,18780087
2026-03-19 09:40:20,18758131
2026-03-19 09:41:15,18659338
2026-03-19 09:42:08,18677302
2026-03-19 09:43:03,18659338
2026-03-19 09:43:58,18637392
2026-03-19 09:44:51,18708241
2026-03-19 09:45:47,18653360
2026-03-19 09:46:42,18639378
2026-03-19 09:47:36,18760117
2026-03-19 09:48:32,18839957
2026-03-19 09:49:27,18729188
2026-03-19 09:50:23,18760127
2026-03-19 09:51:19,18774089
2026-03-19 09:52:12,18800037
2026-03-19 09:53:07,18762113
2026-03-19 09:54:05,18850914
2026-03-19 09:54:58,18740167
2026-03-19 09:55:53,18820984
2026-03-19 09:56:47,18838938
2026-03-19 09:57:42,18724209
2026-03-19 09:58:37,18732193
2026-03-19 09:59:30,18756135
2026-03-19 10:00:32,18792053
2026-03-19 10:01:25,18748151
2026-03-19 10:02:21,18722203
2026-03-19 10:03:18,18816992
2026-03-19 10:04:12,18783070
2026-03-19 10:05:07,18889847
2026-03-19 10:06:05,18897875
2026-03-19 10:06:58,18854641
2026-03-19 10:07:53,18957426
2026-03-19 10:08:46,18936587
2026-03-19 10:09:42,18936029
2026-03-19 10:10:35,18886557
2026-03-19 10:11:29,19003324
2026-03-19 10:12:23,18905927
2026-03-19 10:13:18,19003004
2026-03-19 10:14:13,18993873
2026-03-19 10:15:07,18891676
2026-03-19 10:16:05,18950001
2026-03-19 10:16:59,18963374
2026-03-19 10:17:54,18961657
2026-03-19 10:18:47,18921248
2026-03-19 10:19:43,18955949
2026-03-19 10:20:39,18907456
2026-03-19 10:21:31,18872137
2026-03-19 10:22:27,18858753
2026-03-19 10:23:20,18820109
2026-03-19 10:24:15,18898075
2026-03-19 10:25:12,18907286
2026-03-19 10:26:06,18933154
2026-03-19 10:27:04,18879372
2026-03-19 10:27:59,18867774
2026-03-19 10:28:53,18935789
2026-03-19 10:29:48,18968603
2026-03-19 10:30:52,18894281
2026-03-19 10:31:45,18969402
2026-03-19 10:32:40,18850928
2026-03-19 10:33:38,18874001
2026-03-19 10:34:32,18919592
2026-03-19 10:35:31,18909652
2026-03-19 10:36:28,18926896
2026-03-19 10:37:22,18868583
2026-03-19 10:38:17,18931566
2026-03-19 10:39:16,18907344
2026-03-19 10:40:14,18973923
2026-03-19 10:41:10,18855010
2026-03-19 10:42:03,18878743
2026-03-19 10:42:58,18828063
2026-03-19 10:43:53,18822645
2026-03-19 10:44:47,18959951
2026-03-19 10:45:42,18881396
2026-03-19 10:46:36,18946816
2026-03-19 10:47:31,18930569
2026-03-19 10:48:24,18927166
2026-03-19 10:49:19,18876277
2026-03-19 10:50:15,18964093
2026-03-19 10:51:08,18950838
2026-03-19 10:52:04,18943773
2026-03-19 10:52:57,18879192
2026-03-19 10:53:53,18979102
2026-03-19 10:54:46,18913352
2026-03-19 10:55:39,18970069
2026-03-19 10:56:34,19017973
2026-03-19 10:57:29,19109341
2026-03-19 10:58:25,19162514
2026-03-19 10:59:21,19065160
2026-03-19 11:00:16,19032984
2026-03-19 11:01:12,19091296
2026-03-19 11:02:08,19105028
2026-03-19 11:03:06,19006477
2026-03-19 11:04:03,19015619
2026-03-19 11:04:56,19008752
2026-03-19 11:05:58,19032425
2026-03-19 11:06:51,19078043
2026-03-19 11:07:47,19092574
2026-03-19 11:08:41,19115887
2026-03-19 11:09:36,19123313
2026-03-19 11:10:32,19118604
2026-03-19 11:11:27,19108772
2026-03-19 11:12:20,19187323
2026-03-19 11:13:16,19205857
2026-03-19 11:14:11,19095090
2026-03-19 11:15:05,19078283
2026-03-19 11:15:57,19137154
2026-03-19 11:16:50,19098512
2026-03-19 11:17:46,19222692
2026-03-19 11:18:39,19219259
2026-03-19 11:19:34,19215837
2026-03-19 11:20:28,19256306
2026-03-19 11:21:21,19254649
2026-03-19 11:22:16,19328112
2026-03-19 11:23:11,19266484
2026-03-19 11:24:04,19324809
2026-03-19 11:24:59,19365577
2026-03-19 11:35:31,19356136
2026-03-19 11:36:26,19357853
2026-03-19 11:37:22,19353861
2026-03-19 11:38:15,19377533
2026-03-19 11:39:10,19401755
2026-03-19 11:40:06,19496554
2026-03-19 11:40:59,19509129
2026-03-19 11:41:53,19500985
2026-03-19 11:42:37,19529926
2026-03-19 11:43:33,19550715
2026-03-19 11:44:26,19575496
2026-03-19 11:45:21,19552631
2026-03-19 11:46:14,19506454
2026-03-19 11:47:09,19404230
2026-03-19 11:48:03,19517862
2026-03-19 11:48:56,19479099
2026-03-19 11:49:50,19399928
2026-03-19 11:50:43,19340767
2026-03-19 11:51:40,19291585
2026-03-19 11:52:36,19335726
2026-03-19 11:53:29,19373331
2026-03-19 11:54:24,19357083
2026-03-19 11:55:20,19441345
2026-03-19 11:56:15,19432204
2026-03-19 11:57:08,19349658
2026-03-19 11:58:05,19388410
2026-03-19 11:58:59,19371055
2026-03-19 11:59:54,19450168
2026-03-19 12:00:49,19472673
2026-03-19 12:01:44,19387852
2026-03-19 12:02:38,19475668
2026-03-19 12:03:33,19400108
2026-03-19 12:04:28,19510317
2026-03-19 12:05:21,19465846
2026-03-19 12:06:18,19483820
2026-03-19 12:07:14,19359638
2026-03-19 12:08:07,19349829
2026-03-19 12:09:05,19379868
2026-03-19 12:09:58,19483211
2026-03-19 12:10:53,19496026
2026-03-19 12:11:46,19488611
2026-03-19 12:12:41,19485187
2026-03-19 12:13:37,19478322
2026-03-19 12:14:30,19520507
2026-03-19 12:15:26,19606483
2026-03-19 12:16:21,19622731
2026-03-19 12:17:14,19584649
2026-03-19 12:18:10,19588631
2026-03-19 12:19:05,19676323
2026-03-19 12:19:59,19669338
2026-03-19 12:20:56,19601205
2026-03-19 12:21:51,19697122
2026-03-19 12:22:46,19695406
2026-03-19 12:23:39,19641674
2026-03-19 12:24:35,19764697
2026-03-19 12:25:30,19721254
2026-03-19 12:26:26,19605786
2026-03-19 12:27:19,19596805
2026-03-19 12:28:17,19606345
2026-03-19 12:29:11,19556735
2026-03-19 12:30:06,19415756
2026-03-19 12:30:30,19420905
2026-03-19 12:31:24,19393600
2026-03-19 12:32:17,19328781
2026-03-19 12:33:13,19406605
2026-03-19 12:34:06,19394360
2026-03-19 12:35:04,19372134
2026-03-19 12:35:59,19327673
2026-03-19 12:36:53,19319091
2026-03-19 12:37:47,19199509
2026-03-19 12:38:42,19215257
2026-03-19 12:39:35,19252354
2026-03-19 12:40:31,19286086
2026-03-19 12:41:24,19332264
2026-03-19 12:42:20,19268242
2026-03-19 12:43:13,19339689
2026-03-19 12:44:09,19251994
2026-03-19 12:45:06,19223182
2026-03-19 12:46:04,19216316
2026-03-19 12:46:58,19215757
2026-03-19 12:47:53,19305727
2026-03-19 12:48:47,19296586
2026-03-19 12:49:42,19322642
2026-03-19 12:50:35,19419109
2026-03-19 12:51:29,19274140
2026-03-19 12:52:24,19297802
2026-03-19 12:53:18,19349141
2026-03-19 12:54:13,19360118
2026-03-19 12:55:06,19248202
2026-03-19 12:56:04,19245018
2026-03-19 12:57:07,19313331
2026-03-19 12:58:05,19259609
2026-03-19 12:58:58,19352094
2026-03-19 12:59:53,19302474
2026-03-19 13:00:47,19309709
2026-03-19 13:01:41,19223731
2026-03-19 13:02:36,19305727
2026-03-19 13:03:29,19227164
2026-03-19 13:04:25,19272664
2026-03-19 13:05:18,19093413
2026-03-19 13:06:15,19171355
2026-03-19 13:07:08,19101397
2026-03-19 13:08:04,19010149
2026-03-19 13:08:57,19074730
2026-03-19 13:09:52,19034920
2026-03-19 13:10:34,19015300
2026-03-19 13:11:26,19052774
2026-03-19 13:12:21,18986487
2026-03-19 13:13:15,18950619
2026-03-19 13:14:10,18862305
2026-03-19 13:15:04,18869730
2026-03-19 13:16:07,18876247
2026-03-19 13:17:05,18862305
2026-03-19 13:17:58,18816127
2026-03-19 13:18:54,18853174
2026-03-19 13:19:47,18873412
2026-03-19 13:20:44,18913264
2026-03-19 13:21:37,18857964
2026-03-19 13:22:33,18851456
2026-03-19 13:23:26,18975040
2026-03-19 13:24:21,18929472
2026-03-19 13:25:15,18850858
2026-03-19 13:26:09,18941987
2026-03-19 13:27:04,18845708
2026-03-19 13:27:57,18899442
2026-03-19 13:28:52,18930249
2026-03-19 13:29:46,18805240
2026-03-19 13:30:41,18892934
2026-03-19 13:31:37,18792545
2026-03-19 13:32:31,18772307
2026-03-19 13:33:24,18787955
2026-03-19 13:34:21,18736627
2026-03-19 13:35:15,18809470
2026-03-19 13:36:09,18740361
2026-03-19 13:37:04,18748085
2026-03-19 13:37:59,18778733
2026-03-19 13:38:53,18702497
2026-03-19 13:39:48,18707168
2026-03-19 13:40:46,18682937
2026-03-19 13:41:38,18574332
2026-03-19 13:42:31,18547227
2026-03-19 13:43:26,18592296
2026-03-19 13:44:22,18612486
2026-03-19 13:45:15,18590540
2026-03-19 13:46:11,18615918
2026-03-19 13:47:06,18603714
2026-03-19 13:47:59,18576220
2026-03-19 13:48:55,18631908
2026-03-19 13:49:51,18557526
2026-03-19 13:50:44,18580040
2026-03-19 13:51:41,18604485
2026-03-19 13:52:33,18674924
2026-03-19 13:53:26,18668936
2026-03-19 13:54:23,18668936
2026-03-19 13:55:17,18614056
2026-03-19 13:56:09,18604065
2026-03-19 13:57:07,18764734
2026-03-19 13:58:07,18651969
2026-03-19 13:59:03,18744764
2026-03-19 13:59:57,18661949
2026-03-19 14:00:50,18689893
2026-03-19 14:01:45,18730802
2026-03-19 14:02:39,18690882
2026-03-19 14:03:34,18800652
2026-03-19 14:04:28,18717328
2026-03-19 14:05:20,18664444
2026-03-19 14:06:16,18723317
2026-03-19 14:07:11,18723317
2026-03-19 14:08:06,18620532
2026-03-19 14:09:04,18723317
2026-03-19 14:10:06,18745273
2026-03-19 14:11:04,18642488
2026-03-19 14:11:58,18723317
2026-03-19 14:12:54,18642488
2026-03-19 14:13:47,18620532
2026-03-19 14:14:42,18723317
2026-03-19 14:15:31,18723317
2026-03-19 14:18:15,18642488
2026-03-19 14:19:12,18701361
2026-03-19 14:20:08,18686390
2026-03-19 14:21:03,18730302
2026-03-19 14:21:56,18789175
2026-03-19 14:22:50,18708346
2026-03-19 14:23:50,18848046
2026-03-19 14:24:42,18811131
2026-03-19 14:25:38,18848046
2026-03-19 14:26:33,18848046
2026-03-19 14:27:28,18928875
2026-03-19 14:28:23,18848046
2026-03-19 14:29:19,18804144
2026-03-19 14:30:04,18804144
2026-03-19 14:30:57,18701361
2026-03-19 14:31:54,18701361
2026-03-19 14:32:49,18679415
2026-03-19 14:33:41,18598586
2026-03-19 14:34:36,18484826
2026-03-19 14:35:33,18577365
2026-03-19 14:36:25,18529397
2026-03-19 14:37:21,18566527
2026-03-19 14:38:17,18468079
2026-03-19 14:39:14,18528175
2026-03-19 14:40:08,18515038
2026-03-19 14:41:04,18539152
2026-03-19 14:41:58,18430960
2026-03-19 14:42:50,18532649
2026-03-19 14:43:46,18450738
2026-03-19 14:44:41,18470526
2026-03-19 14:45:10,18534816
2026-03-19 14:46:04,18528313
2026-03-19 14:46:57,18573309
2026-03-19 14:47:51,18682587
2026-03-19 14:48:45,18597423
2026-03-19 14:49:38,18663078
2026-03-19 14:50:31,18627847
2026-03-19 14:51:26,18488147
2026-03-19 14:52:20,18575477
2026-03-19 14:53:16,18560303
2026-03-19 14:54:10,18479476
2026-03-19 14:55:03,18589836
2026-03-19 14:55:57,18478113
2026-03-19 14:56:51,18426624
2026-03-19 14:57:44,18515038
2026-03-19 14:58:38,18469211
2026-03-19 14:59:31,18430960
2026-03-19 15:00:25,18487663
2026-03-19 15:01:18,18471126
2026-03-19 15:02:13,18478713
2026-03-19 15:03:06,18499585
2026-03-19 15:04:03,18448301
2026-03-19 15:04:56,18506088
2026-03-19 15:05:50,18496334
2026-03-19 15:06:45,18668228
2026-03-19 15:07:39,18690174
2026-03-19 15:08:32,18667144
2026-03-19 15:09:24,18626735
2026-03-19 15:10:18,18583064
2026-03-19 15:11:13,18650607
2026-03-19 15:12:06,18573030
2026-03-19 15:13:03,18667144
2026-03-19 15:13:57,18671479
2026-03-19 15:14:50,18591734
2026-03-19 15:15:45,18694509
2026-03-19 15:16:38,18688006
2026-03-19 15:17:33,18587399
2026-03-19 15:18:25,18677982
2026-03-19 15:19:18,18652775
2026-03-19 15:20:12,18680150
2026-03-19 15:21:04,18680150
2026-03-19 15:21:57,18680150
2026-03-19 15:22:51,18680150
2026-03-19 15:23:44,18680150
2026-03-19 15:24:38,18680150
2026-03-19 15:25:31,18680150
2026-03-19 15:26:25,18680150
2026-03-19 15:27:18,18680150
2026-03-19 15:28:11,18680150
2026-03-19 15:29:05,18680150
2026-03-19 15:29:59,18680150
2026-03-19 15:30:52,18621267
2026-03-19 15:31:45,18621267
2026-03-19 15:32:37,18621267
2026-03-19 15:33:29,18621267
2026-03-19 15:34:21,18621267
2026-03-19 15:35:13,18621267
2026-03-19 15:36:08,18621267
2026-03-19 15:37:03,18621267
2026-03-19 15:37:55,18621267
2026-03-19 15:38:47,18621267
2026-03-19 15:39:39,18621267
2026-03-19 15:40:34,18680150
2026-03-19 15:41:26,18658194
2026-03-19 15:42:21,18680150
2026-03-19 15:43:12,18680150
2026-03-19 15:44:07,18739021
2026-03-19 15:44:59,18739021
2026-03-19 15:45:51,18658194
2026-03-19 15:46:46,18739021
2026-03-19 15:47:38,18739021
2026-03-19 15:48:30,18739021
2026-03-19 15:49:22,18717065
2026-03-19 15:50:17,18739021
2026-03-19 15:51:09,18717065
2026-03-19 15:52:04,18797894
2026-03-19 15:52:56,18717065
2026-03-19 15:53:48,18717065
2026-03-19 15:54:40,18819850
2026-03-19 15:55:32,18819850
2026-03-19 15:56:27,18819850
2026-03-19 15:57:19,18841806
2026-03-19 15:58:11,18841806
2026-03-19 15:59:05,18841806
2026-03-19 16:00:03,18863752
2026-03-19 16:00:55,18863752
2026-03-19 16:01:50,18863752
2026-03-19 16:02:45,18804879
2026-03-19 16:03:37,18863752
2026-03-19 16:04:32,18760977
2026-03-19 16:05:26,18760977
2026-03-19 16:06:18,18739021
2026-03-19 16:07:13,18841806
2026-03-19 16:08:05,18817656
2026-03-19 16:09:03,18795700
2026-03-19 16:09:55,18694921
2026-03-19 16:10:49,18694921
2026-03-19 16:11:41,18694921
2026-03-19 16:12:34,18694921
2026-03-19 16:13:27,18716877
2026-03-19 16:14:19,18694921
2026-03-19 16:15:11,18672965
2026-03-19 16:16:04,18594134
2026-03-19 16:16:56,18594134
2026-03-19 16:17:51,18672965
2026-03-19 16:18:43,18694921
2026-03-19 16:19:37,18694921
2026-03-19 16:20:32,18694921
2026-03-19 16:21:24,18694921
2026-03-19 16:22:18,18694921
2026-03-19 16:23:13,18694921
2026-03-19 16:24:05,18694921
2026-03-19 16:24:57,18694921
2026-03-19 16:25:49,18594134
2026-03-19 16:26:41,18616090
2026-03-19 16:27:34,18638036
2026-03-19 16:28:29,18616090
2026-03-19 16:29:23,18616090
2026-03-19 16:30:17,18716877
2026-03-19 16:31:10,18738823
2026-03-19 16:32:05,18738823
2026-03-19 16:32:58,18738823
2026-03-19 16:33:50,18638036
2026-03-19 16:34:42,18638036
2026-03-19 16:35:36,18716877
2026-03-19 16:36:30,18738823
2026-03-19 16:37:22,18738823
2026-03-19 16:38:16,18738823
2026-03-19 16:39:08,18716877
2026-03-19 16:40:03,18716877
2026-03-19 16:40:58,18716877
2026-03-19 16:41:50,18616090
2026-03-19 16:42:42,18638036
2026-03-19 16:43:34,18738823
2026-03-19 16:44:26,18616090
2026-03-19 16:45:18,18638036
2026-03-19 16:46:11,18616090
2026-03-19 16:47:04,18716877
2026-03-19 16:47:56,18716877
2026-03-19 16:48:48,18616090
2026-03-19 16:49:40,18716877
2026-03-19 16:50:35,18616090
2026-03-19 16:51:27,18616090
2026-03-19 16:52:19,18716877
2026-03-19 16:53:11,18738823
2026-03-19 16:54:03,18738823
2026-03-19 16:54:55,18738823
2026-03-19 16:55:48,18738823
2026-03-19 16:56:40,18638036
2026-03-19 16:57:32,18638036
2026-03-19 16:58:24,18738823
2026-03-19 16:59:16,18616090
2026-03-19 17:00:08,18716877
2026-03-19 17:01:05,18716877
2026-03-19 17:01:57,18616090
2026-03-19 17:02:49,18616090
2026-03-19 17:03:41,18594134
2026-03-19 17:04:36,18616090
2026-03-19 17:05:31,18594134
2026-03-19 17:06:23,18594134
2026-03-19 17:07:15,18594134
2026-03-19 17:08:07,18594134
2026-03-19 17:09:05,18449453
2026-03-19 17:09:57,18449453
2026-03-19 17:10:51,18449453
2026-03-19 17:11:43,18550232
2026-03-19 17:12:35,18550232
2026-03-19 17:13:27,18449453
2026-03-19 17:14:19,18449453
2026-03-19 17:15:12,18449453
2026-03-19 17:16:07,18449453
2026-03-19 17:17:03,18550232
2026-03-19 17:17:58,18449453
2026-03-19 17:18:53,18493355
2026-03-19 17:19:48,18572178
2026-03-19 17:20:40,18594134
2026-03-19 17:21:32,18594134
2026-03-19 17:22:24,18594134
2026-03-19 17:23:18,18594134
2026-03-19 17:24:10,18594134
2026-03-19 17:25:03,18616090
2026-03-19 17:25:55,18594134
2026-03-19 17:26:47,18515311
2026-03-19 17:27:39,18572178
2026-03-19 17:28:31,18471399
2026-03-19 17:29:23,18572178
2026-03-19 17:30:18,18471399
2026-03-19 17:31:10,18572178
2026-03-19 17:32:05,18572178
2026-03-19 17:32:57,18471399
2026-03-19 17:33:49,18471399
2026-03-19 17:34:41,18471399
2026-03-19 17:35:36,18550232
2026-03-19 17:36:28,18449453
2026-03-19 17:37:20,18528276
2026-03-19 17:38:15,18427497
2026-03-19 17:39:08,18528276
2026-03-19 17:40:03,18405541
2026-03-19 17:40:58,18405541
2026-03-19 17:41:51,18383595
2026-03-19 17:42:43,18383595
2026-03-19 17:43:37,18383595
2026-03-19 17:44:29,18383595
2026-03-19 17:45:24,18260852
2026-03-19 17:46:16,18260852
2026-03-19 17:47:08,18361639
2026-03-19 17:48:04,18260852
2026-03-19 17:48:59,18238896
2026-03-19 17:49:54,18216950
2026-03-19 17:50:48,18339683
2026-03-19 17:51:41,18238896
2026-03-19 17:52:33,18216950
2026-03-19 17:53:25,18194994
2026-03-19 17:54:19,18194994
2026-03-19 17:55:14,18260852
2026-03-19 17:56:06,18260852
2026-03-19 17:57:04,18361639
2026-03-19 17:57:59,18238896
2026-03-19 17:58:51,18339683
2026-03-19 17:59:43,18238896
2026-03-19 18:00:38,18194994
2026-03-19 18:01:31,18194994
2026-03-19 18:02:23,18216950
2026-03-19 18:03:15,18238896
2026-03-19 18:04:07,18260852
2026-03-19 18:04:59,18304754
2026-03-19 18:05:51,18282808
2026-03-19 18:06:43,18361639
2026-03-19 18:07:38,18361639
2026-03-19 18:08:29,18260852
2026-03-19 18:09:23,18361639
2026-03-19 18:10:17,18260852
2026-03-19 18:11:09,18339683
2026-03-19 18:12:04,18260852
2026-03-19 18:12:58,18260852
2026-03-19 18:13:51,18361639
2026-03-19 18:14:45,18361639
2026-03-19 18:15:40,18361639
2026-03-19 18:16:32,18361639
2026-03-19 18:17:24,18260852
2026-03-19 18:18:16,18260852
2026-03-19 18:19:08,18238896
2026-03-19 18:20:04,18260852
2026-03-19 18:20:59,18339683
2026-03-19 18:21:51,18216950
2026-03-19 18:22:43,18216950
2026-03-19 18:23:35,18238896
2026-03-19 18:24:30,18238896
2026-03-19 18:25:25,18238896
2026-03-19 18:26:17,18194994
2026-03-19 18:27:09,18072259
2026-03-19 18:28:03,18050303
2026-03-19 18:28:57,18072259
2026-03-19 18:29:50,18050303
2026-03-19 18:30:45,18050303
2026-03-19 18:31:42,18050303
2026-03-19 18:32:34,18173038
2026-03-19 18:33:26,18050303
2026-03-19 18:34:19,18072259
2026-03-19 18:35:11,18028357
2026-03-19 18:36:04,18028357
2026-03-19 18:36:59,18028357
2026-03-19 18:37:51,18006401
2026-03-19 18:38:43,18006401
2026-03-19 18:39:38,18107180
2026-03-19 18:40:33,18050303
2026-03-19 18:41:24,18050303
2026-03-19 18:42:17,18072259
2026-03-19 18:43:11,18151082
2026-03-19 18:44:05,18151082
2026-03-19 18:44:57,18173038
2026-03-19 18:45:49,18151082
2026-03-19 18:46:41,18028357
2026-03-19 18:47:36,18216950
2026-03-19 18:48:27,18216950
2026-03-19 18:49:22,18216950
2026-03-19 18:50:17,18182029
2026-03-19 18:51:09,18326710
2026-03-19 18:52:04,18348666
2026-03-19 18:52:59,18370612
2026-03-19 18:53:51,18405541
2026-03-19 18:54:43,18405541
2026-03-19 18:55:34,18405541
2026-03-19 18:56:27,18326710
2026-03-19 18:57:19,18427497
2026-03-19 18:58:11,18427497
2026-03-19 18:59:05,18427497
2026-03-19 18:59:59,18427497
2026-03-19 19:00:53,18405541
2026-03-19 19:01:45,18383595
2026-03-19 19:02:37,18405541
2026-03-19 19:03:29,18304754
2026-03-19 19:04:21,18427497
2026-03-19 19:05:13,18427497
2026-03-19 19:06:05,18427497
2026-03-19 19:07:03,18326710
2026-03-19 19:07:58,18304754
2026-03-19 19:08:53,18405541
2026-03-19 19:09:47,18326710
2026-03-19 19:10:42,18326710
2026-03-19 19:11:37,18449453
2026-03-19 19:12:30,18348666
2026-03-19 19:13:23,18449453
2026-03-19 19:14:15,18449453
2026-03-19 19:15:07,18326710
2026-03-19 19:15:59,18304754
2026-03-19 19:16:51,18282808
2026-03-19 19:17:43,18383595
2026-03-19 19:18:35,18383595
2026-03-19 19:19:29,18282808
2026-03-19 19:20:24,18361639
2026-03-19 19:21:16,18216950
2026-03-19 19:22:08,18216950
2026-03-19 19:23:04,18317737
2026-03-19 19:23:56,18194994
2026-03-19 19:24:48,18216950
2026-03-19 19:25:41,18194994
2026-03-19 19:26:33,18194994
2026-03-19 19:27:26,18317737
2026-03-19 19:28:18,18317737
2026-03-19 19:29:13,18238896
2026-03-19 19:30:08,18160073
2026-03-19 19:31:04,18282808
2026-03-19 19:31:59,18282808
2026-03-19 19:32:51,18282808
2026-03-19 19:33:46,18260852
2026-03-19 19:34:39,18282808
2026-03-19 19:35:31,18182029
2026-03-19 19:36:23,18260852
2026-03-19 19:37:15,18160073
2026-03-19 19:38:07,18160073
2026-03-19 19:39:03,18238896
2026-03-19 19:39:56,18260852
2026-03-19 19:40:50,18160073
2026-03-19 19:41:42,18260852
2026-03-19 19:42:34,18238896
2026-03-19 19:43:31,18238896
2026-03-19 19:44:24,18094215
2026-03-19 19:45:16,18072259
2026-03-19 19:46:09,18094215
2026-03-19 19:47:03,18194994
2026-03-19 19:47:57,18194994
2026-03-19 19:48:54,18072259
2026-03-19 19:49:50,18173038
2026-03-19 19:50:43,18072259
2026-03-19 19:51:38,18151082
2026-03-19 19:52:33,18151082
2026-03-19 19:53:25,18050303
2026-03-19 19:54:17,18072259
2026-03-19 19:55:09,18072259
2026-03-19 19:56:04,18173038
2026-03-19 19:56:59,18050303
2026-03-19 19:57:54,18151082
2026-03-19 19:58:49,18072259
2026-03-19 19:59:41,18173038
2026-03-20 08:00:05,19259067
2026-03-20 08:01:07,19784934
2026-03-20 08:02:06,19539466
2026-03-20 08:03:05,19649226
2026-03-20 08:03:57,19881729
2026-03-20 08:04:49,19969543
2026-03-20 08:05:42,19916650
2026-03-20 08:06:38,20061339
2026-03-20 08:07:30,19982508
2026-03-20 08:08:22,19982508
2026-03-20 08:09:14,19815871
2026-03-20 08:10:06,19837827
2026-03-20 08:10:58,19815871
2026-03-20 08:11:55,19894694
2026-03-20 08:12:46,19750013
2026-03-20 08:13:41,19750013
2026-03-20 08:14:36,19750013
2026-03-20 08:15:32,19627270
2026-03-20 08:16:27,19671182
2026-03-20 08:17:23,19815871
2026-03-20 08:18:15,19715084
2026-03-20 08:19:07,19737040
2026-03-20 08:20:05,19859773
2026-03-20 08:20:59,19780942
2026-03-20 08:21:54,19737040
2026-03-20 08:22:48,19715084
2026-03-20 08:23:45,19693128
2026-03-20 08:24:40,19837827
2026-03-20 08:25:36,19715084
2026-03-20 08:26:30,19793915
2026-03-20 08:27:27,19649226
2026-03-20 08:28:21,19526491
2026-03-20 08:29:18,19526491
2026-03-20 08:30:15,19583368
2026-03-20 08:31:07,19583368
2026-03-20 08:31:58,19460633
2026-03-20 08:32:50,19416731
2026-03-20 08:33:42,19561412
2026-03-20 08:34:34,19460633
2026-03-20 08:35:28,19381802
2026-03-20 08:36:25,19460633
2026-03-20 08:37:17,19482589
2026-03-20 08:38:11,19460633
2026-03-20 08:39:07,19438687
2026-03-20 08:40:06,19359846
2026-03-20 08:40:59,19416731
2026-03-20 08:41:55,19438687
2026-03-20 08:42:47,19438687
2026-03-20 08:43:42,19460633
2026-03-20 08:44:38,19482589
2026-03-20 08:45:33,19460633
2026-03-20 08:46:29,19416731
2026-03-20 08:47:21,19438687
2026-03-20 08:48:15,19416731
2026-03-20 08:49:12,19438687
2026-03-20 09:35:32,18403912
2026-03-20 09:36:27,18281177
2026-03-20 09:37:22,18287665
2026-03-20 09:38:14,18338054
2026-03-20 09:39:08,18136488
2026-03-20 09:40:05,18224292
2026-03-20 09:40:58,18469770
2026-03-20 09:41:55,18476247
2026-03-20 09:42:46,18526645
2026-03-20 09:43:41,18537624
2026-03-20 09:44:33,18526645
2026-03-20 09:45:25,18360000
2026-03-20 09:46:20,18425858
2026-03-20 09:47:12,18381956
2026-03-20 09:48:04,18381956
2026-03-20 09:48:57,18259221
2026-03-20 09:49:50,18360000
2026-03-20 09:50:48,18381956
2026-03-20 09:51:44,18360000
2026-03-20 09:52:39,18360000
2026-03-20 09:53:31,18215319
2026-03-20 09:54:23,18259221
2026-03-20 09:55:18,18309611
2026-03-20 09:56:13,18237275
2026-03-20 09:57:05,18215319
2026-03-20 09:57:59,18259221
2026-03-20 09:58:56,18237275
2026-03-20 09:59:48,18303133
2026-03-20 10:00:41,18237275
2026-03-20 10:01:36,18537624
2026-03-20 10:02:33,18469770
2026-03-20 10:03:25,18570557
2026-03-20 10:04:20,18526645
2026-03-20 10:05:12,18693282
2026-03-20 10:06:07,18671336
2026-03-20 10:07:05,18772123
2026-03-20 10:08:04,18794069
2026-03-20 10:09:05,18649380
2026-03-20 10:10:03,18671336
2026-03-20 10:10:59,18649380
2026-03-20 10:11:55,18649380
2026-03-20 10:12:49,18671336
2026-03-20 10:13:43,18794069
2026-03-20 10:14:40,18649380
2026-03-20 10:15:35,18627424
2026-03-20 10:16:28,18649380
2026-03-20 10:17:23,18728211
2026-03-20 10:18:17,18561566
2026-03-20 10:19:10,18460787
2026-03-20 10:20:03,18482743
2026-03-20 10:20:59,18594501
2026-03-20 10:21:51,18482743
2026-03-20 10:22:43,18627424
2026-03-20 10:23:38,18583522
2026-03-20 10:24:34,18583522
2026-03-20 10:25:29,18561566
2026-03-20 10:26:21,18662353
2026-03-20 10:27:13,18561566
2026-03-20 10:28:07,18662353
2026-03-20 10:28:59,18561566
2026-03-20 10:29:51,18561566
2026-03-20 10:30:44,18671336
2026-03-20 10:31:38,18715238
2026-03-20 10:32:30,18686805
2026-03-20 10:33:27,18824998
2026-03-20 10:34:23,18824998
2026-03-20 10:35:19,18837981
2026-03-20 10:36:14,18759140
2026-03-20 10:37:09,18938760
2026-03-20 10:38:06,18960706
2026-03-20 10:38:58,19004618
2026-03-20 10:39:54,19127351
2026-03-20 10:40:49,19026564
2026-03-20 10:41:42,19061493
2026-03-20 10:42:36,19083449
2026-03-20 10:43:32,19083449
2026-03-20 10:44:24,18989149
2026-03-20 10:45:16,18916804
2026-03-20 10:46:11,18916804
2026-03-20 10:47:03,18872902
2026-03-20 10:47:57,18750167
2026-03-20 10:48:54,18649380
2026-03-20 10:49:46,18721725
2026-03-20 10:50:38,18794069
2026-03-20 10:51:34,18750167
2026-03-20 10:52:26,18627424
2026-03-20 10:53:18,18605478
2026-03-20 10:54:10,18605478
2026-03-20 10:55:05,18504699
2026-03-20 10:56:03,18616447
2026-03-20 10:57:03,18583522
2026-03-20 10:57:58,18533133
2026-03-20 10:58:54,18627424
2026-03-20 10:59:46,18671336
2026-03-20 11:00:39,18598991
2026-03-20 11:01:33,18526645
2026-03-20 11:02:25,18482743
2026-03-20 11:03:17,18482743
2026-03-20 11:04:12,18460787
2026-03-20 11:05:05,18533133
2026-03-20 11:06:05,18504699
2026-03-20 11:06:58,18533133
2026-03-20 11:07:50,18555089
2026-03-20 11:08:42,18493722
2026-03-20 11:09:37,18533133
2026-03-20 11:10:30,18605478
2026-03-20 11:11:23,18627424
2026-03-20 11:12:15,18504699
2026-03-20 11:13:10,18504699
2026-03-20 11:14:05,18605478
2026-03-20 11:14:58,18627424
2026-03-20 11:15:50,18482743
2026-03-20 11:16:42,18555089
2026-03-20 11:17:36,18482743
2026-03-20 11:18:31,18482743
2026-03-20 11:19:28,18583522
2026-03-20 11:20:20,18511177
2026-03-20 11:21:17,18482743
2026-03-20 11:22:12,18555089
2026-03-20 11:23:04,18504699
2026-03-20 11:23:55,18482743
2026-03-20 11:24:50,18482743
2026-03-20 11:25:45,18555089
2026-03-20 11:26:37,18526645
2026-03-20 11:27:33,18504699
2026-03-20 11:28:25,18425858
2026-03-20 11:29:16,18548601
2026-03-20 11:30:08,18548601
2026-03-20 11:31:06,18504699
2026-03-20 11:31:58,18447814
2026-03-20 11:32:53,18476247
2026-03-20 11:33:50,18425858
2026-03-20 11:34:42,18425858
2026-03-20 11:35:38,18403912
2026-03-20 11:36:30,18425858
2026-03-20 11:37:26,18425858
2026-03-20 11:38:18,18476247
2026-03-20 11:39:10,18504699
2026-03-20 11:40:05,18454301
2026-03-20 11:40:59,18671336
2026-03-20 11:41:55,18649380
2026-03-20 11:42:50,18671336
2026-03-20 11:43:46,18682305
2026-03-20 11:44:38,18772123
2026-03-20 11:45:34,18693282
2026-03-20 11:46:26,18671336
2026-03-20 11:47:22,18671336
2026-03-20 11:48:18,18721725
2026-03-20 11:49:11,18794069
2026-03-20 11:50:03,18693282
2026-03-20 11:50:55,18693282
2026-03-20 11:51:52,18816025
2026-03-20 11:52:44,18816025
2026-03-20 11:53:35,18938760
2026-03-20 11:54:27,18837981
2026-03-20 11:55:19,18938760
2026-03-20 11:56:11,18894848
2026-03-20 11:57:03,18772123
2026-03-20 11:57:57,18872902
2026-03-20 11:58:54,18772123
2026-03-20 11:59:48,18794069
2026-03-20 12:00:43,18772123
2026-03-20 12:01:38,18883871
2026-03-20 12:02:36,18772123
2026-03-20 12:03:28,18894848
2026-03-20 12:04:23,18772123
2026-03-20 12:05:18,18772123
2026-03-20 12:06:15,18772123
2026-03-20 12:07:07,18794069
2026-03-20 12:07:58,18715238
2026-03-20 12:08:50,18715238
2026-03-20 12:09:42,18837981
2026-03-20 12:10:35,18837981
2026-03-20 12:11:31,18816025
2026-03-20 12:12:23,18816025
2026-03-20 12:13:15,18715238
2026-03-20 12:14:07,18765627
2026-03-20 12:14:59,18759140
2026-03-20 12:15:54,18859927
2026-03-20 12:16:47,18859927
2026-03-20 12:17:43,18809529
2026-03-20 12:18:39,18737194
2026-03-20 12:19:31,18859927
2026-03-20 12:20:27,18859927
2026-03-20 12:21:19,18881883
2026-03-20 12:22:14,18881883
2026-03-20 12:23:06,18982662
2026-03-20 12:23:58,18960706
2026-03-20 12:24:50,18859927
2026-03-20 12:25:42,18881883
2026-03-20 12:26:36,18837981
2026-03-20 12:27:33,18693282
2026-03-20 12:28:25,18715238
2026-03-20 12:29:17,18765627
2026-03-20 12:30:09,18837981
2026-03-20 12:31:06,18960706
2026-03-20 12:31:59,18916804
2026-03-20 12:32:51,18816025
2026-03-20 12:33:46,18894848
2026-03-20 12:34:40,18816025
2026-03-20 12:35:35,18894848
2026-03-20 12:36:30,18794069
2026-03-20 12:37:23,18844459
2026-03-20 12:38:14,18872902
2026-03-20 12:39:06,18750167
2026-03-20 12:39:58,18627424
2026-03-20 12:40:51,18649380
2026-03-20 12:41:47,18649380
2026-03-20 12:42:39,18671336
2026-03-20 12:43:31,18649380
2026-03-20 12:44:22,18750167
2026-03-20 12:45:14,18750167
2026-03-20 12:46:10,18728211
2026-03-20 12:47:06,18728211
2026-03-20 12:47:58,18671336
2026-03-20 12:48:50,18772123
2026-03-20 12:49:41,18750167
2026-03-20 12:50:34,18772123
2026-03-20 12:51:30,18671336
2026-03-20 12:52:22,18649380
2026-03-20 12:53:14,18649380
2026-03-20 12:54:06,18750167
2026-03-20 12:54:58,18706265
2026-03-20 12:55:49,18605478
2026-03-20 12:56:41,18728211
2026-03-20 12:57:34,18605478
2026-03-20 12:58:26,18655867
2026-03-20 12:59:21,18728211
2026-03-20 13:00:13,18627424
2026-03-20 13:01:06,18728211
2026-03-20 13:01:59,18671336
2026-03-20 13:02:52,18772123
2026-03-20 13:03:47,18772123
2026-03-20 13:04:43,18743671
2026-03-20 13:05:35,18693282
2026-03-20 13:06:28,18794069
2026-03-20 13:07:20,18671336
2026-03-20 13:08:12,18671336
2026-03-20 13:09:04,18772123
2026-03-20 13:09:56,18677813
2026-03-20 13:10:49,18627424
2026-03-20 13:11:46,18605478
2026-03-20 13:12:38,18616447
2026-03-20 13:13:33,18706265
2026-03-20 13:14:25,18728211
2026-03-20 13:15:17,18627424
2026-03-20 13:16:13,18605478
2026-03-20 13:17:08,18583522
2026-03-20 13:18:03,18684309
2026-03-20 13:18:59,18583522
2026-03-20 13:19:51,18561566
2026-03-20 13:20:44,18561566
2026-03-20 13:21:40,18539620
2026-03-20 13:22:34,18517664
2026-03-20 13:23:31,18629430
2026-03-20 13:24:23,18517664
2026-03-20 13:25:15,18517664
2026-03-20 13:26:07,18517664
2026-03-20 13:26:59,18416885
2026-03-20 13:27:54,18416885
2026-03-20 13:28:46,18394929
2026-03-20 13:29:38,18495708
2026-03-20 13:30:32,18438841
2026-03-20 13:31:26,18539620
2026-03-20 13:32:19,18416885
2026-03-20 13:33:11,18438841
2026-03-20 13:34:06,18489231
2026-03-20 13:35:06,18416885
2026-03-20 13:36:04,18539620
2026-03-20 13:36:59,18467275
2026-03-20 13:37:56,18416885
2026-03-20 13:38:47,18416885
2026-03-20 13:39:43,18394929
2026-03-20 13:40:35,18495708
2026-03-20 13:41:32,18473762
2026-03-20 13:42:24,18445319
2026-03-20 13:43:19,18372983
2026-03-20 13:44:14,18394929
2026-03-20 13:45:06,18372983
2026-03-20 13:46:03,18372983
2026-03-20 13:47:03,18372983
2026-03-20 13:47:59,18372983
2026-03-20 13:48:51,18372983
2026-03-20 13:49:46,18495708
2026-03-20 13:50:40,18372983
2026-03-20 13:51:35,18495708
2026-03-20 13:52:29,18372983
2026-03-20 13:53:26,18372983
2026-03-20 13:54:19,18394929
2026-03-20 13:55:14,18394929
2026-03-20 13:56:10,18372983
2026-03-20 13:57:05,18372983
2026-03-20 13:58:04,18473762
2026-03-20 13:59:03,18372983
2026-03-20 14:00:03,18372983
2026-03-20 14:00:57,18250240
2026-03-20 14:01:49,18228284
2026-03-20 14:02:43,18250240
2026-03-20 14:03:38,18228284
2026-03-20 14:04:33,18138484
2026-03-20 14:05:27,18105559
2026-03-20 14:06:22,18105559
2026-03-20 14:07:19,18105559
2026-03-20 14:08:11,18105559
2026-03-20 14:09:03,18127505
2026-03-20 14:09:58,18127505
2026-03-20 14:10:53,18105559
2026-03-20 14:11:45,18155949
2026-03-20 14:12:40,18206338
2026-03-20 14:13:32,18105559
2026-03-20 14:14:24,18127505
2026-03-20 14:15:19,18149461
2026-03-20 14:16:13,18265709
2026-03-20 14:17:10,18171417
2026-03-20 14:18:06,18272196
2026-03-20 14:19:04,18193363
2026-03-20 14:20:03,18193363
2026-03-20 14:20:58,18171417
2026-03-20 14:21:53,18193363
2026-03-20 14:22:47,18272196
2026-03-20 14:23:44,18171417
2026-03-20 14:24:39,18204342
2026-03-20 14:25:34,18193363
2026-03-20 14:26:26,18237275
2026-03-20 14:27:21,18338054
2026-03-20 14:28:16,18287665
2026-03-20 14:29:11,18287665
2026-03-20 14:30:04,18259221
2026-03-20 14:30:57,18425858
2026-03-20 14:31:54,18425858
2026-03-20 14:32:49,18425858
2026-03-20 14:33:46,18303133
2026-03-20 14:34:37,18281177
2026-03-20 14:35:32,18259221
2026-03-20 14:36:27,18281177
2026-03-20 14:37:22,18281177
2026-03-20 14:38:14,18281177
2026-03-20 14:39:06,18403912
2026-03-20 14:40:04,18331567
2026-03-20 14:40:59,18338054
2026-03-20 14:41:56,18259221
2026-03-20 14:42:51,18331567
2026-03-20 14:43:43,18303133
2026-03-20 14:44:37,18259221
2026-03-20 14:45:34,18303133
2026-03-20 14:46:29,18403912
2026-03-20 14:47:21,18325079
2026-03-20 14:48:14,18303133
2026-03-20 14:49:10,18303133
2026-03-20 14:50:04,18314102
2026-03-20 14:50:59,18403912
2026-03-20 14:51:54,18331567
2026-03-20 14:52:46,18381956
2026-03-20 14:53:41,18259221
2026-03-20 14:54:33,18281177
2026-03-20 14:55:27,18259221
2026-03-20 14:56:24,18237275
2026-03-20 14:57:16,18259221
2026-03-20 14:58:11,18259221
2026-03-20 14:59:03,18237275
2026-03-20 14:59:55,18237275
2026-03-20 15:00:48,18360000
2026-03-20 15:01:44,18237275
2026-03-20 15:02:36,18237275
2026-03-20 15:03:29,18259221
2026-03-20 15:04:24,18224292
2026-03-20 15:05:16,18347035
2026-03-20 15:06:10,18390937
2026-03-20 15:07:05,18412893
2026-03-20 15:08:04,18290150
2026-03-20 15:09:04,18347035
2026-03-20 15:09:59,18347035
2026-03-20 15:10:56,18202346
2026-03-20 15:11:51,18224292
2026-03-20 15:12:46,18347035
2026-03-20 15:13:41,18246248
2026-03-20 15:14:34,18347035
2026-03-20 15:15:26,18246248
2026-03-20 15:16:21,18224292
2026-03-20 15:17:14,18224292
2026-03-20 15:18:06,18202346
2026-03-20 15:19:04,18180390
2026-03-20 15:20:03,18303133
2026-03-20 15:21:04,18303133
2026-03-20 15:22:04,18303133
2026-03-20 15:22:59,18303133
2026-03-20 15:23:56,18303133
2026-03-20 15:24:50,18303133
2026-03-20 15:25:44,18303133
2026-03-20 15:26:41,18303133
2026-03-20 15:27:36,18303133
2026-03-20 15:28:32,18303133
2026-03-20 15:29:24,18303133
2026-03-20 15:30:18,18000780
2026-03-20 15:31:13,17891010
2026-03-20 15:32:05,17891010
2026-03-20 15:32:57,17891010
2026-03-20 15:33:49,17891010
2026-03-20 15:34:44,17891010
2026-03-20 15:35:40,17891010
2026-03-20 15:36:32,17891010
2026-03-20 15:37:27,17891010
2026-03-20 15:38:23,17891010
2026-03-20 15:39:17,17891010
2026-03-20 15:40:14,18136488
2026-03-20 15:41:06,18114532
2026-03-20 15:42:03,18114532
2026-03-20 15:42:57,18114532
2026-03-20 15:43:54,18092576
2026-03-20 15:44:46,18114532
2026-03-20 15:45:37,17925939
2026-03-20 15:46:32,18026718
2026-03-20 15:47:28,18048674
2026-03-20 15:48:20,18070630
2026-03-20 15:49:15,18048674
2026-03-20 15:50:11,18026718
2026-03-20 15:51:04,18070630
2026-03-20 15:52:03,18070630
2026-03-20 15:52:59,18070630
2026-03-20 15:53:54,18092576
2026-03-20 15:54:50,18114532
2026-03-20 15:55:45,18114532
2026-03-20 15:56:41,18136488
2026-03-20 15:57:33,18114532
2026-03-20 15:58:25,18114532
2026-03-20 15:59:17,18013753
2026-03-20 16:00:09,18013753
2026-03-20 16:01:03,18013753
2026-03-20 16:01:57,18114532
2026-03-20 16:02:54,17969851
2026-03-20 16:03:46,17969851
2026-03-20 16:04:37,17991797
2026-03-20 16:05:29,18092576
2026-03-20 16:06:24,18092576
2026-03-20 16:07:20,18092576
2026-03-20 16:08:12,18092576
2026-03-20 16:09:04,18092576
2026-03-20 16:09:56,17991797
2026-03-20 16:10:48,17947895
2026-03-20 16:11:45,18048674
2026-03-20 16:12:37,18092576
2026-03-20 16:13:28,18092576
2026-03-20 16:14:23,18070630
2026-03-20 16:15:19,18048674
2026-03-20 16:16:14,18070630
2026-03-20 16:17:10,18048674
2026-03-20 16:18:05,18092576
2026-03-20 16:19:04,18092576
2026-03-20 16:20:03,17991797
2026-03-20 16:20:57,18070630
2026-03-20 16:21:54,18092576
2026-03-20 16:22:45,18092576
2026-03-20 16:23:40,18114532
2026-03-20 16:24:36,18092576
2026-03-20 16:25:28,18193363
2026-03-20 16:26:20,18215319
2026-03-20 16:27:15,18193363
2026-03-20 16:28:11,18215319
2026-03-20 16:29:06,18215319
2026-03-20 16:30:05,18215319
2026-03-20 16:30:59,18193363
2026-03-20 16:31:54,18215319
2026-03-20 16:32:50,18193363
2026-03-20 16:33:42,18193363
2026-03-20 16:34:36,18215319
2026-03-20 16:35:33,18193363
2026-03-20 16:36:24,18215319
2026-03-20 16:37:16,18193363
2026-03-20 16:38:08,18215319
2026-03-20 16:39:03,18193363
2026-03-20 16:39:59,18215319
2026-03-20 16:40:51,18215319
2026-03-20 16:41:48,18136488
2026-03-20 16:42:42,18237275
2026-03-20 16:43:39,18237275
2026-03-20 16:44:31,18215319
2026-03-20 16:45:23,18237275
2026-03-20 16:46:15,18316098
2026-03-20 16:47:07,18215319
2026-03-20 16:47:58,18316098
2026-03-20 16:48:50,18316098
2026-03-20 16:49:42,18193363
2026-03-20 16:50:35,18294142
2026-03-20 16:51:31,18294142
2026-03-20 16:52:25,18316098
2026-03-20 16:53:22,18215319
2026-03-20 16:54:16,18316098
2026-03-20 16:55:13,18237275
2026-03-20 16:56:04,18237275
2026-03-20 16:56:57,18215319
2026-03-20 16:57:51,18237275
2026-03-20 16:58:48,18215319
2026-03-20 16:59:39,18338054
2026-03-20 17:00:33,18360000
2026-03-20 17:01:25,18237275
2026-03-20 17:02:20,18338054
2026-03-20 17:03:16,18338054
2026-03-20 17:04:08,18338054
2026-03-20 17:05:03,18360000
2026-03-20 17:05:59,18381956
2026-03-20 17:06:51,18381956
2026-03-20 17:07:45,18381956
2026-03-20 17:08:42,18281177
2026-03-20 17:09:36,18381956
2026-03-20 17:10:31,18381956
2026-03-20 17:11:25,18281177
2026-03-20 17:12:22,18281177
2026-03-20 17:13:16,18381956
2026-03-20 17:14:12,18381956
2026-03-20 17:15:04,18381956
2026-03-20 17:15:56,18381956
2026-03-20 17:16:48,18281177
2026-03-20 17:17:43,18281177
2026-03-20 17:18:39,18381956
2026-03-20 17:19:34,18482743
2026-03-20 17:20:28,18482743
2026-03-20 17:21:24,18482743
2026-03-20 17:22:16,18482743
2026-03-20 17:23:11,18482743
2026-03-20 17:24:06,18504699
2026-03-20 17:25:05,18381956
2026-03-20 17:26:04,18381956
2026-03-20 17:27:04,18403912
2026-03-20 17:28:03,18403912
2026-03-20 17:28:59,18403912
2026-03-20 17:29:54,18482743
2026-03-20 17:30:48,18381956
2026-03-20 17:31:40,18460787
2026-03-20 17:32:32,18482743
2026-03-20 17:33:24,18381956
2026-03-20 17:34:18,18482743
2026-03-20 17:35:14,18482743
2026-03-20 17:36:09,18360000
2026-03-20 17:37:05,18360000
2026-03-20 17:38:04,18460787
2026-03-20 17:38:56,18460787
2026-03-20 17:39:51,18381956
2026-03-20 17:40:45,18482743
2026-03-20 17:41:37,18360000
2026-03-20 17:42:28,18482743
2026-03-20 17:43:23,18482743
2026-03-20 17:44:20,18482743
2026-03-20 17:45:11,18482743
2026-03-20 17:46:08,18381956
2026-03-20 17:47:03,18460787
2026-03-20 17:47:59,18381956
2026-03-20 17:48:51,18482743
2026-03-20 17:49:43,18460787
2026-03-20 17:50:35,18460787
2026-03-20 17:51:31,18360000
2026-03-20 17:52:26,18360000
2026-03-20 17:53:22,18360000
2026-03-20 17:54:16,18460787
2026-03-20 17:55:13,18381956
2026-03-20 17:56:07,18482743
2026-03-20 17:57:04,18381956
2026-03-20 17:57:58,18360000
2026-03-20 17:58:55,18360000
2026-03-20 17:59:46,18360000
2026-03-20 18:00:41,18360000
2026-03-20 18:01:33,18460787
2026-03-20 18:02:27,18460787
2026-03-20 18:03:23,18460787
2026-03-20 18:04:15,18460787
2026-03-20 18:05:07,18460787
2026-03-20 18:05:59,18460787
2026-03-20 18:06:54,18360000
2026-03-20 18:07:50,18460787
2026-03-20 18:08:42,18338054
2026-03-20 18:09:34,18438841
2026-03-20 18:10:26,18460787
2026-03-20 18:11:23,18460787
2026-03-20 18:12:17,18460787
2026-03-20 18:13:13,18438841
2026-03-20 18:14:08,18416885
2026-03-20 18:15:04,18316098
2026-03-20 18:15:56,18316098
2026-03-20 18:16:50,18338054
2026-03-20 18:17:47,18316098
2026-03-20 18:18:41,18215319
2026-03-20 18:19:38,18193363
2026-03-20 18:20:32,18193363
2026-03-20 18:21:24,18193363
2026-03-20 18:22:18,18171417
2026-03-20 18:23:15,18272196
2026-03-20 18:24:06,18193363
2026-03-20 18:24:58,18193363
2026-03-20 18:25:51,18171417
2026-03-20 18:26:43,18171417
2026-03-20 18:27:37,18171417
2026-03-20 18:28:34,18171417
2026-03-20 18:29:26,18272196
2026-03-20 18:30:18,18171417
2026-03-20 18:31:15,18193363
2026-03-20 18:32:07,18215319
2026-03-20 18:32:58,18215319
2026-03-20 18:33:50,18215319
2026-03-20 18:34:42,18316098
2026-03-20 18:35:34,18316098
2026-03-20 18:36:26,18316098
2026-03-20 18:37:18,18215319
2026-03-20 18:38:09,18316098
2026-03-20 18:39:04,18316098
2026-03-20 18:40:03,18316098
2026-03-20 18:40:57,18294142
2026-03-20 18:41:54,18272196
2026-03-20 18:42:48,18294142
2026-03-20 18:43:45,18171417
2026-03-20 18:44:36,18294142
2026-03-20 18:45:28,18171417
2026-03-20 18:46:20,18272196
2026-03-20 18:47:12,18272196
2026-03-20 18:48:06,18272196
2026-03-20 18:49:03,18171417
2026-03-20 18:49:54,18171417
2026-03-20 18:50:49,18272196
2026-03-20 18:51:43,18272196
2026-03-20 18:52:39,18149461
2026-03-20 18:53:31,18250240
2026-03-20 18:54:23,18272196
2026-03-20 18:55:15,18149461
2026-03-20 18:56:10,18171417
2026-03-20 18:57:06,18149461
2026-03-20 18:57:58,18149461
2026-03-20 18:58:50,18228284
2026-03-20 18:59:41,18250240
2026-03-20 19:00:34,18149461
2026-03-20 19:01:30,18127505
2026-03-20 19:02:22,18127505
2026-03-20 19:03:17,18105559
2026-03-20 19:04:13,18105559
2026-03-20 19:05:05,18004772
2026-03-20 19:05:59,18004772
2026-03-20 19:06:55,18105559
2026-03-20 19:07:50,17982816
2026-03-20 19:08:46,17982816
2026-03-20 19:09:40,17982816
2026-03-20 19:10:35,18083603
2026-03-20 19:11:31,18083603
2026-03-20 19:12:23,17960860
2026-03-20 19:13:17,17982816
2026-03-20 19:14:13,17982816
2026-03-20 19:15:10,17982816
2026-03-20 19:16:04,17982816
2026-03-20 19:17:03,17982816
2026-03-20 19:18:07,17982816
2026-03-20 19:18:59,17960860
2026-03-20 19:19:54,17960860
2026-03-20 19:20:48,17882037
2026-03-20 19:21:40,17882037
2026-03-20 19:22:34,17982816
2026-03-20 19:23:31,17838125
2026-03-20 19:24:25,17938904
2026-03-20 19:25:21,17838125
2026-03-20 19:26:13,17960860
2026-03-20 19:27:05,17960860
2026-03-20 19:28:04,17960860
2026-03-20 19:28:59,17960860
2026-03-20 19:29:55,17882037
2026-03-20 19:30:47,17982816
2026-03-20 19:31:44,17882037
2026-03-20 19:32:38,17903993
2026-03-20 19:33:34,18004772
2026-03-20 19:34:29,18004772
2026-03-20 19:35:25,18004772
2026-03-20 19:36:20,18127505
2026-03-20 19:37:16,18026718
2026-03-20 19:38:11,18127505
2026-03-20 19:39:07,18149461
2026-03-20 19:39:59,18149461
2026-03-20 19:40:51,18272196
2026-03-20 19:41:48,18171417
2026-03-20 19:42:42,18272196
2026-03-20 19:43:38,18171417
2026-03-20 19:44:33,18272196
2026-03-20 19:45:29,18171417
2026-03-20 19:46:24,18272196
2026-03-20 19:47:20,18272196
2026-03-20 19:48:14,18250240
2026-03-20 19:49:11,18250240
2026-03-20 19:50:05,18250240
2026-03-20 19:51:07,18171417
2026-03-20 19:52:06,18272196
2026-03-20 19:53:05,18228284
2026-03-20 19:54:04,18228284
2026-03-20 19:54:56,18206338
2026-03-20 19:55:48,18228284
2026-03-20 19:56:40,18250240
2026-03-20 19:57:34,18250240
2026-03-20 19:58:31,18228284
2026-03-20 19:59:23,18250240
2026-03-21 08:00:04,18272847
2026-03-21 08:00:59,18272847
2026-03-21 08:01:51,18272847
2026-03-21 08:02:42,18272847
2026-03-21 08:03:37,18272847
2026-03-21 08:04:33,18272847
2026-03-21 08:05:25,18272847
2026-03-21 08:06:20,18272847
2026-03-21 08:07:16,18272847
2026-03-21 08:08:11,18272847
2026-03-21 08:09:07,18272847
2026-03-21 08:09:59,18272847
2026-03-21 08:10:51,18272847
2026-03-21 08:11:47,18272847
2026-03-21 08:12:42,18272847
2026-03-21 08:13:38,18272847
2026-03-21 08:14:33,18272847
2026-03-21 08:15:29,18272847
2026-03-21 08:16:21,18272847
2026-03-21 08:17:15,18272847
2026-03-21 08:18:12,18272847
2026-03-21 08:19:06,18272847
2026-03-21 08:20:05,18272847
2026-03-21 08:21:03,18272847
2026-03-21 08:21:59,18272847
2026-03-21 08:22:51,18272847
2026-03-21 08:23:46,18272847
2026-03-21 08:24:40,18272847
2026-03-21 08:25:37,18272847
2026-03-21 08:26:29,18272847
2026-03-23 08:00:06,18292027
2026-03-23 08:01:04,18292027
2026-03-23 08:02:03,17391971
2026-03-23 08:02:59,17391971
2026-03-23 08:03:51,17370015
2026-03-23 08:04:43,17435873
2026-03-23 08:05:37,17501731
2026-03-23 08:06:34,17435873
2026-03-23 08:07:28,17457829
2026-03-23 08:08:25,17501731
2026-03-23 08:09:19,17501731
2026-03-23 08:10:18,17523687
2026-03-23 08:11:12,17501731
2026-03-23 08:12:07,17501731
2026-03-23 08:13:06,17435873
2026-03-23 08:14:05,17435873
2026-03-23 08:14:57,17457829
2026-03-23 08:15:51,17435873
2026-03-23 08:16:48,17413917
2026-03-23 08:17:42,17413917
2026-03-23 08:18:37,17435873
2026-03-23 08:19:34,17413917
2026-03-23 08:20:26,17370015
2026-03-23 08:21:21,17348059
2026-03-23 08:22:17,17370015
2026-03-23 08:23:09,17370015
2026-03-23 08:24:03,17391971
2026-03-23 08:24:59,17380251
2026-03-23 08:25:51,17385621
2026-03-23 08:26:46,17312787
2026-03-23 08:27:42,17293825
2026-03-23 08:28:37,17312787
2026-03-23 08:29:33,17385621
2026-03-23 08:30:25,17319763
2026-03-23 08:31:21,17319763
2026-03-23 08:32:16,17265891
2026-03-23 08:33:12,17224973
2026-03-23 08:34:07,17227967
2026-03-23 08:35:03,17165093
2026-03-23 08:35:58,17146141
2026-03-23 08:36:54,17070303
2026-03-23 08:37:48,17032379
2026-03-23 08:38:45,16975503
2026-03-23 08:39:39,17187049
2026-03-23 08:40:33,17190053
2026-03-23 08:41:27,17209005
2026-03-23 08:42:24,17171091
2026-03-23 08:43:16,17174075
2026-03-23 08:44:08,17133177
2026-03-23 08:45:03,17029395
2026-03-23 08:46:03,16947569
2026-03-23 08:46:59,16906661
2026-03-23 08:47:53,16887699
2026-03-23 08:48:50,16928607
2026-03-23 08:49:41,16906661
2026-03-23 09:12:44,16811775
2026-03-23 09:13:37,16860986
2026-03-23 09:14:33,16811883
2026-03-23 09:15:26,16677173
2026-03-23 09:16:22,16521515
2026-03-23 09:17:17,16145329
2026-03-23 09:18:13,16057515
2026-03-23 09:19:09,16107405
2026-03-23 09:20:04,16164291
2026-03-23 09:20:58,16043414
2026-03-23 09:21:55,16170141
2026-03-23 09:22:47,16143194
2026-03-23 09:23:39,15910701
2026-03-23 09:24:31,16065370
2026-03-23 09:25:23,16065360
2026-03-23 09:26:15,15967586
2026-03-23 09:27:07,15967586
2026-03-23 09:27:59,15989532
2026-03-23 09:28:51,16003504
2026-03-23 09:29:44,16092307
2026-03-23 09:30:36,16065370
2026-03-23 09:31:33,16054393
2026-03-23 09:32:27,16052397
2026-03-23 09:33:23,16041418
2026-03-23 09:34:18,16041418
2026-03-23 09:35:12,15997506
2026-03-23 09:36:08,15915690
2026-03-23 09:37:03,16075350
2026-03-23 09:37:55,16068365
2026-03-23 09:38:50,16157166
2026-03-23 09:39:42,16104273
2026-03-23 09:40:35,16033434
2026-03-23 09:41:31,16135210
2026-03-23 09:42:23,16153174
2026-03-23 09:43:16,16122237
2026-03-23 09:44:07,16004493
2026-03-23 09:44:59,16131228
2026-03-23 09:45:52,16010481
2026-03-23 09:46:47,15950621
2026-03-23 09:47:39,15788965
2026-03-23 09:48:35,15826879
2026-03-23 09:49:27,15786959
2026-03-23 09:50:22,15844843
2026-03-23 09:51:16,15752038
2026-03-23 09:52:13,15738076
2026-03-23 09:53:08,15719115
2026-03-23 09:54:03,15712138
2026-03-23 09:55:07,15492598
2026-03-23 09:55:59,15421751
2026-03-23 09:56:51,15492598
2026-03-23 09:57:43,15363877
2026-03-23 09:58:36,15649275
2026-03-23 09:59:33,15525533
2026-03-23 10:00:25,15472648
2026-03-23 10:01:22,15388816
2026-03-23 10:02:14,15521531
2026-03-23 10:03:06,15490602
2026-03-23 10:03:59,15481621
2026-03-23 10:04:54,15601371
2026-03-23 10:05:50,15630302
2026-03-23 10:06:42,15811918
2026-03-23 10:07:35,15886759
2026-03-23 10:08:27,16084323
2026-03-23 10:09:19,16024453
2026-03-23 10:10:11,15998505
2026-03-23 10:11:04,15988026
2026-03-23 10:12:03,16067366
2026-03-23 10:13:07,16045410
2026-03-23 10:13:59,16023454
2026-03-23 10:14:51,15974563
2026-03-23 10:15:43,16030441
2026-03-23 10:16:37,16023454
2026-03-23 10:17:33,16054393
2026-03-23 10:18:30,16003504
2026-03-23 10:19:23,16047396
2026-03-23 10:20:16,16124243
2026-03-23 10:21:09,16053384
2026-03-23 10:22:03,15995510
2026-03-23 10:23:07,16039422
2026-03-23 10:23:59,16059372
2026-03-23 10:24:51,16024453
2026-03-23 10:25:43,15982537
2026-03-23 10:26:36,16117256
2026-03-23 10:27:28,16170141
2026-03-23 10:28:20,16188095
2026-03-23 10:29:12,16115260
2026-03-23 10:30:04,16064363
2026-03-23 10:30:57,15967576
2026-03-23 10:31:54,16060381
2026-03-23 10:32:46,15909702
2026-03-23 10:33:38,15887746
2026-03-23 10:34:30,15874783
2026-03-23 10:35:25,15903714
2026-03-23 10:36:19,15821888
2026-03-23 10:37:15,15960591
2026-03-23 10:38:08,16224013
2026-03-23 10:39:03,16224023
2026-03-23 10:40:03,16254960
2026-03-23 10:40:57,16245979
2026-03-23 10:41:54,16280908
2026-03-23 10:42:46,16309841
2026-03-23 10:43:38,16226019
2026-03-23 10:44:30,16155170
2026-03-23 10:45:22,16188105
2026-03-23 10:46:16,16206059
2026-03-23 10:47:12,16269921
2026-03-23 10:48:09,16223034
2026-03-23 10:49:05,16192087
2026-03-23 10:50:04,16132217
2026-03-23 10:51:05,16050401
2026-03-23 10:52:04,16101288
2026-03-23 10:53:03,16072357
2026-03-23 10:54:03,16043414
2026-03-23 10:54:59,16052397
2026-03-23 10:55:51,16176129
2026-03-23 10:56:43,16134213
2026-03-23 10:57:35,16114253
2026-03-23 10:58:30,16136209
2026-03-23 10:59:22,16107266
2026-03-23 11:00:14,16034433
2026-03-23 11:01:06,16056379
2026-03-23 11:01:59,16058375
2026-03-23 11:02:51,16047398
2026-03-23 11:03:42,16036419
2026-03-23 11:04:34,16058375
2026-03-23 11:05:26,16036419
2026-03-23 11:06:18,16076339
2026-03-23 11:07:10,16067366
2026-03-23 11:08:05,16109272
2026-03-23 11:09:04,16149182
2026-03-23 11:10:07,16209052
2026-03-23 11:11:04,16187108
2026-03-23 11:12:04,16089312
2026-03-23 11:13:03,15961598
2026-03-23 11:14:03,15910701
2026-03-23 11:14:59,15875780
2026-03-23 11:15:51,15875780
2026-03-23 11:16:43,15877766
2026-03-23 11:17:36,15959592
2026-03-23 11:18:27,15946619
2026-03-23 11:19:19,15970581
2026-03-23 11:20:17,15979562
2026-03-23 11:21:09,16030431
2026-03-23 11:22:04,16134213
2026-03-23 11:23:03,16203064
2026-03-23 11:23:59,16271927
2026-03-23 11:24:52,16251967
2026-03-23 11:25:43,16232007
2026-03-23 11:26:36,16190091
2026-03-23 11:27:28,16159162
2026-03-23 11:28:20,16075350
2026-03-23 11:29:11,16086329
2026-03-23 11:30:03,16066369
2026-03-23 11:30:56,16033444
2026-03-23 11:31:52,15991518
2026-03-23 11:32:44,15980551
2026-03-23 11:33:36,15942627
2026-03-23 11:34:29,15991528
2026-03-23 11:35:24,15929652
2026-03-23 11:36:21,15973574
2026-03-23 11:37:13,15953614
2026-03-23 11:38:05,15884753
2026-03-23 11:38:57,15831868
2026-03-23 11:39:49,15811918
2026-03-23 11:40:42,15780981
2026-03-23 11:41:38,15721111
2026-03-23 11:42:30,15773994
2026-03-23 11:43:22,15815900
2026-03-23 11:44:14,15815900
2026-03-23 11:45:06,15795950
2026-03-23 11:45:58,15813916
2026-03-23 11:46:51,15791958
2026-03-23 11:47:43,15804933
2026-03-23 11:48:35,15784973
2026-03-23 11:49:28,15815912
2026-03-23 11:50:21,15895740
2026-03-23 11:51:17,15924673
2026-03-23 11:52:09,15893734
2026-03-23 11:53:04,15898735
2026-03-23 11:54:04,15878775
2026-03-23 11:55:03,15887746
2026-03-23 11:56:07,15876769
2026-03-23 11:56:59,15938635
2026-03-23 11:57:51,15923674
2026-03-23 11:58:43,15998515
2026-03-23 11:59:35,15996519
2026-03-23 12:00:28,16007496
2026-03-23 12:01:25,15896729
2026-03-23 12:02:19,15949612
2026-03-23 12:03:14,15969572
2026-03-23 12:04:06,15867798
2026-03-23 12:04:58,15889752
2026-03-23 12:05:54,15831868
2026-03-23 12:06:49,15804933
2026-03-23 12:07:41,15822887
2026-03-23 12:08:33,15882757
2026-03-23 12:09:25,15860801
2026-03-23 12:10:18,15831868
2026-03-23 12:11:14,15831868
2026-03-23 12:12:06,15737079
2026-03-23 12:12:58,15701151
2026-03-23 12:13:50,15699155
2026-03-23 12:14:42,15721111
2026-03-23 12:15:34,15739065
2026-03-23 12:16:30,15719115
2026-03-23 12:17:22,15690174
2026-03-23 12:18:17,15712128
2026-03-23 12:19:09,15689324
2026-03-23 12:20:04,15731240
2026-03-23 12:20:58,15797489
2026-03-23 12:21:55,15786520
2026-03-23 12:22:47,15768866
2026-03-23 12:23:39,15799785
2026-03-23 12:24:31,15768546
2026-03-23 12:25:23,15803875
2026-03-23 12:26:15,15845791
2026-03-23 12:27:07,15841500
2026-03-23 12:27:58,15823835
2026-03-23 12:28:50,15826131
2026-03-23 12:29:42,15788506
2026-03-23 12:30:35,15724644
2026-03-23 12:31:27,15819554
2026-03-23 12:32:19,15804185
2026-03-23 12:33:15,15802179
2026-03-23 12:34:08,15762269
2026-03-23 12:35:03,15786211
2026-03-23 12:35:58,15843496
2026-03-23 12:36:54,15825831
2026-03-23 12:37:46,15832668
2026-03-23 12:38:38,15843496
2026-03-23 12:39:30,15892089
2026-03-23 12:40:25,15841500
2026-03-23 12:41:16,15821540
2026-03-23 12:42:08,15759973
2026-03-23 12:43:03,15779933
2026-03-23 12:43:59,15801889
2026-03-23 12:44:54,15819554
2026-03-23 12:45:50,15768546
2026-03-23 12:46:44,15837110
2026-03-23 12:47:41,15784225
2026-03-23 12:48:33,15744604
2026-03-23 12:49:26,15762558
2026-03-23 12:50:19,15766860
2026-03-23 12:51:16,15824434
2026-03-23 12:52:08,15848696
2026-03-23 12:53:03,15786820
2026-03-23 12:53:59,15764864
2026-03-23 12:54:51,15747198
2026-03-23 12:55:43,15742918
2026-03-23 12:56:35,15705292
2026-03-23 12:57:27,15665672
2026-03-23 12:58:22,15623766
2026-03-23 12:59:18,15683636
2026-03-23 13:00:13,15771450
2026-03-23 13:01:06,15709883
2026-03-23 13:02:03,15703596
2026-03-23 13:02:59,15703596
2026-03-23 13:03:55,15665971
2026-03-23 13:04:49,15663985
2026-03-23 13:05:45,15652609
2026-03-23 13:06:41,15663588
2026-03-23 13:07:33,15614984
2026-03-23 13:08:26,15597320
2026-03-23 13:09:18,15595024
2026-03-23 13:10:10,15618976
2026-03-23 13:11:07,15630353
2026-03-23 13:11:59,15764864
2026-03-23 13:12:51,15648007
2026-03-23 13:13:43,15683336
2026-03-23 13:14:34,15762558
2026-03-23 13:15:27,15742608
2026-03-23 13:16:19,15687328
2026-03-23 13:17:11,15711580
2026-03-23 13:18:07,15709284
2026-03-23 13:18:59,15654305
2026-03-23 13:19:52,15590443
2026-03-23 13:20:45,15650013
2026-03-23 13:21:41,15810762
2026-03-23 13:22:33,15815052
2026-03-23 13:23:25,15808466
2026-03-23 13:24:17,15746910
2026-03-23 13:25:09,15726950
2026-03-23 13:26:04,15731240
2026-03-23 13:27:03,15695911
2026-03-23 13:28:03,15627370
2026-03-23 13:29:03,15601012
2026-03-23 13:30:03,15539146
2026-03-23 13:30:57,15554825
2026-03-23 13:31:53,15636641
2026-03-23 13:32:46,15592439
2026-03-23 13:33:42,15594435
2026-03-23 13:34:34,15592439
2026-03-23 13:35:26,15592439
2026-03-23 13:36:18,15650013
2026-03-23 13:37:10,15727548
2026-03-23 13:38:05,15709883
2026-03-23 13:39:05,15707887
2026-03-23 13:40:04,15707588
2026-03-23 13:40:59,15738926
2026-03-23 13:41:55,15898276
2026-03-23 13:42:47,15880622
2026-03-23 13:43:39,15854065
2026-03-23 13:44:32,15973815
2026-03-23 13:45:24,16071299
2026-03-23 13:46:15,16014024
2026-03-23 13:47:07,16038574
2026-03-23 13:47:59,16035970
2026-03-23 13:48:51,15938496
2026-03-23 13:49:47,15918536
2026-03-23 13:50:42,15878616
2026-03-23 13:51:38,15898576
2026-03-23 13:52:30,15951471
2026-03-23 13:53:25,15878616
2026-03-23 13:54:17,15924822
2026-03-23 13:55:09,15902578
2026-03-23 13:56:04,15924524
2026-03-23 13:57:03,15982408
2026-03-23 13:58:07,16064224
2026-03-23 13:58:59,16086468
2026-03-23 13:59:51,16084482
2026-03-23 14:00:44,16139752
2026-03-23 14:01:38,16112807
2026-03-23 14:02:35,16185351
2026-03-23 14:03:30,16191898
2026-03-23 14:04:24,16218084
2026-03-23 14:05:16,16357736
2026-03-23 14:06:10,16357436
2026-03-23 14:07:07,16390519
2026-03-23 14:07:58,16452375
2026-03-23 14:08:50,16373144
2026-03-23 14:09:42,16457276
2026-03-23 14:10:35,16355788
2026-03-23 14:11:30,16258294
2026-03-23 14:12:27,16296218
2026-03-23 14:13:19,16302506
2026-03-23 14:14:11,16220680
2026-03-23 14:15:03,16284552
2026-03-23 14:15:59,16266887
2026-03-23 14:16:54,16187357
2026-03-23 14:17:48,16224971
2026-03-23 14:18:45,16189642
2026-03-23 14:19:40,16110122
2026-03-23 14:20:32,16030600
2026-03-23 14:21:29,16008644
2026-03-23 14:22:26,15990980
2026-03-23 14:23:18,15889493
2026-03-23 14:24:09,15865242
2026-03-23 14:25:05,15885202
2026-03-23 14:26:04,15816790
2026-03-23 14:27:04,15856271
2026-03-23 14:28:03,15902578
2026-03-23 14:29:07,15900272
2026-03-23 14:30:05,15860662
2026-03-23 14:31:03,15763466
2026-03-23 14:32:03,15661690
2026-03-23 14:33:03,15663985
2026-03-23 14:33:59,15725841
2026-03-23 14:34:51,15770053
2026-03-23 14:35:43,15767757
2026-03-23 14:36:35,15803376
2026-03-23 14:37:30,15827627
2026-03-23 14:38:22,15809364
2026-03-23 14:39:14,15705592
2026-03-23 14:40:06,15663676
2026-03-23 14:40:59,15626051
2026-03-23 14:41:55,15584155
2026-03-23 14:42:48,15686241
2026-03-23 14:43:40,15695224
2026-03-23 14:44:32,15701899
2026-03-23 14:45:24,15564795
2026-03-23 14:46:16,15525184
2026-03-23 14:47:08,15478887
2026-03-23 14:48:03,15465604
2026-03-23 14:49:03,15425992
2026-03-23 14:49:55,15335384
2026-03-23 14:50:48,15333398
2026-03-23 14:51:45,15465912
2026-03-23 14:52:37,15412619
2026-03-23 14:53:29,15351053
2026-03-23 14:54:24,15371013
2026-03-23 14:55:16,15353039
2026-03-23 14:56:08,15414915
2026-03-23 14:57:03,15454535
2026-03-23 14:58:03,15436871
2026-03-23 14:59:07,15416911
2026-03-23 14:59:59,15496441
2026-03-23 15:00:52,15394665
2026-03-23 15:01:48,15372709
2026-03-23 15:02:40,15332789
2026-03-23 15:03:32,15311143
2026-03-23 15:04:24,15273219
2026-03-23 15:05:16,15315434
2026-03-23 15:06:08,15315434
2026-03-23 15:07:03,15297770
2026-03-23 15:08:03,15218238
2026-03-23 15:08:59,15198288
2026-03-23 15:09:51,15162660
2026-03-23 15:10:44,15096502
2026-03-23 15:11:39,15120764
2026-03-23 15:12:34,15118758
2026-03-23 15:13:27,15158678
2026-03-23 15:14:22,15083429
2026-03-23 15:15:19,15138718
2026-03-23 15:16:11,15117062
2026-03-23 15:17:05,15198878
2026-03-23 15:18:04,15229817
2026-03-23 15:18:59,15205465
2026-03-23 15:19:56,15265045
2026-03-23 15:20:51,15265045
2026-03-23 15:21:48,15265045
2026-03-23 15:22:44,15265045
2026-03-23 15:23:36,15265045
2026-03-23 15:24:28,15265045
2026-03-23 15:25:20,15265045
2026-03-23 15:26:12,15265045
2026-03-23 15:27:04,15265045
2026-03-23 15:27:59,15265045
2026-03-23 15:28:51,15265045
2026-03-23 15:29:43,15265045
2026-03-23 15:30:35,15363926
2026-03-23 15:31:32,15363926
2026-03-23 15:32:24,15363926
2026-03-23 15:33:16,15363926
2026-03-23 15:34:08,15363926
2026-03-23 15:35:07,15363926
2026-03-23 15:36:06,15363926
2026-03-23 15:36:58,15363926
2026-03-23 15:37:50,15363926
2026-03-23 15:38:45,15363926
2026-03-23 15:39:37,15363926
2026-03-23 15:40:32,15319726
2026-03-23 15:41:24,15321722
2026-03-23 15:42:16,15281502
2026-03-23 15:43:08,15259247
2026-03-23 15:44:03,15279207
2026-03-23 15:44:55,15321113
2026-03-23 15:45:46,15400943
2026-03-23 15:46:38,15400943
2026-03-23 15:47:30,15343378
2026-03-23 15:48:22,15325714
2026-03-23 15:49:14,15343378
2026-03-23 15:50:06,15365334
2026-03-23 15:50:58,15363029
2026-03-23 15:51:55,15301163
2026-03-23 15:52:47,15269826
2026-03-23 15:53:39,15289786
2026-03-23 15:54:34,15289786
2026-03-23 15:55:30,15250174
2026-03-23 15:56:22,15210564
2026-03-23 15:57:14,15173239
2026-03-23 15:58:06,15173239
2026-03-23 15:58:58,15190904
2026-03-23 15:59:52,15208568
2026-03-23 16:00:46,15228518
2026-03-23 16:01:38,15248478
2026-03-23 16:02:30,15230814
2026-03-23 16:03:22,15290394
2026-03-23 16:04:14,15310344
2026-03-23 16:05:06,15272730
2026-03-23 16:05:58,15312350
2026-03-23 16:06:50,15277021
2026-03-23 16:07:41,15281303
2026-03-23 16:08:33,15173039
2026-03-23 16:09:25,15208358
2026-03-23 16:10:18,15208358
2026-03-23 16:11:14,15186412
2026-03-23 16:12:06,15186412
2026-03-23 16:12:58,15206372
2026-03-23 16:13:51,15204078
2026-03-23 16:14:45,15182122
2026-03-23 16:15:41,15177531
2026-03-23 16:16:33,15212860
2026-03-23 16:17:25,15173239
2026-03-23 16:18:17,15232810
2026-03-23 16:19:09,15212860
2026-03-23 16:20:04,15232810
2026-03-23 16:20:56,15210854
2026-03-23 16:21:53,15197481
2026-03-23 16:22:45,15175525
2026-03-23 16:23:37,15137920
2026-03-23 16:24:29,15155575
2026-03-23 16:25:21,15135924
2026-03-23 16:26:13,15157870
2026-03-23 16:27:05,15135924
2026-03-23 16:27:57,15135924
2026-03-23 16:28:49,15157870
2026-03-23 16:29:40,15094018
2026-03-23 16:30:33,15153579
2026-03-23 16:31:29,15131623
2026-03-23 16:32:21,15113968
2026-03-23 16:33:13,15113968
2026-03-23 16:34:08,15074348
2026-03-23 16:35:03,15092012
2026-03-23 16:35:59,15092012
2026-03-23 16:36:51,15092012
2026-03-23 16:37:46,15089717
2026-03-23 16:38:42,15072062
2026-03-23 16:39:34,15054398
2026-03-23 16:40:27,15072062
2026-03-23 16:41:23,15072062
2026-03-23 16:42:15,15052402
2026-03-23 16:43:07,15054398
2026-03-23 16:43:59,15019068
2026-03-23 16:44:51,15001413
2026-03-23 16:45:44,15019068
2026-03-23 16:46:36,14997122
2026-03-23 16:47:31,14994826
2026-03-23 16:48:23,14996812
2026-03-23 16:49:18,15014478
2026-03-23 16:50:10,14976852
2026-03-23 16:51:07,14974866
2026-03-23 16:51:59,14974866
2026-03-23 16:52:51,14974866
2026-03-23 16:53:45,15012492
2026-03-23 16:54:42,15014786
2026-03-23 16:55:33,15030446
2026-03-23 16:56:25,15030446
2026-03-23 16:57:20,15014786
2026-03-23 16:58:12,15032452
2026-03-23 16:59:04,15014786
2026-03-23 16:59:59,15034736
2026-03-23 17:00:53,14997122
2026-03-23 17:01:45,15017072
2026-03-23 17:02:37,14997122
2026-03-23 17:03:29,14955206
2026-03-23 17:04:21,14994826
2026-03-23 17:05:13,14917591
2026-03-23 17:06:05,14875675
2026-03-23 17:06:57,14917591
2026-03-23 17:07:49,14955206
2026-03-23 17:08:41,14915595
2026-03-23 17:09:34,14895635
2026-03-23 17:10:29,14937551
2026-03-23 17:11:24,14915595
2026-03-23 17:12:21,14856025
2026-03-23 17:13:13,14895635
2026-03-23 17:14:05,14915595
2026-03-23 17:14:57,15003409
2026-03-23 17:15:49,15025365
2026-03-23 17:16:41,15025365
2026-03-23 17:17:33,14983449
2026-03-23 17:18:25,15003409
2026-03-23 17:19:19,15041024
2026-03-23 17:20:19,15067271
2026-03-23 17:21:10,15064966
2026-03-23 17:22:05,15086922
2026-03-23 17:23:04,15045325
2026-03-23 17:24:04,15084926
2026-03-23 17:25:03,15067271
2026-03-23 17:25:59,15155085
2026-03-23 17:26:51,15172740
2026-03-23 17:27:43,15220943
2026-03-23 17:28:35,15260554
2026-03-23 17:29:27,15282500
2026-03-23 17:30:19,15280204
2026-03-23 17:31:16,15342070
2026-03-23 17:32:08,15495742
2026-03-23 17:33:07,15533068
2026-03-23 17:33:59,15724055
2026-03-23 17:34:51,15552719
2026-03-23 17:35:43,15460623
2026-03-23 17:36:34,15570383
2026-03-23 17:37:26,15568387
2026-03-23 17:38:21,15530763
2026-03-23 17:39:17,15570383
2026-03-23 17:40:09,15614285
2026-03-23 17:41:04,15574675
2026-03-23 17:41:55,15596621
2026-03-23 17:42:47,15640533
2026-03-23 17:43:39,15789913
2026-03-23 17:44:31,15702099
2026-03-23 17:45:23,15614285
2026-03-23 17:46:15,15721760
2026-03-23 17:47:07,15719764
2026-03-23 17:47:59,15695822
2026-03-23 17:48:51,15612299
2026-03-23 17:49:43,15612299
2026-03-23 17:50:36,15658197
2026-03-23 17:51:28,15660493
2026-03-23 17:52:20,15618577
2026-03-23 17:53:12,15596621
2026-03-23 17:54:04,15618577
2026-03-23 17:54:56,15559006
2026-03-23 17:55:48,15596621
2026-03-23 17:56:39,15552719
2026-03-23 17:57:31,15466901
2026-03-23 17:58:23,15493148
2026-03-23 17:59:15,15535064
2026-03-23 18:00:07,15574675
2026-03-23 18:01:04,15530763
2026-03-23 18:02:03,15447250
2026-03-23 18:03:07,15416711
2026-03-23 18:03:59,15524485
2026-03-23 18:04:51,15504525
2026-03-23 18:05:43,15464905
2026-03-23 18:06:35,15504525
2026-03-23 18:07:29,15482569
2026-03-23 18:08:25,15550723
2026-03-23 18:09:20,15590343
2026-03-23 18:10:19,15552719
2026-03-23 18:11:11,15568387
2026-03-23 18:12:03,15568387
2026-03-23 18:12:55,15592339
2026-03-23 18:13:47,15570383
2026-03-23 18:14:38,15590343
2026-03-23 18:15:30,15608008
2026-03-23 18:16:25,15608008
2026-03-23 18:17:21,15588048
2026-03-23 18:18:13,15629964
2026-03-23 18:19:05,15651910
2026-03-23 18:19:57,15653906
2026-03-23 18:20:50,15671860
2026-03-23 18:21:46,15632249
2026-03-23 18:22:38,15652209
2026-03-23 18:23:30,15632249
2026-03-23 18:24:22,15671860
2026-03-23 18:25:14,15669874
2026-03-23 18:26:10,15652209
2026-03-23 18:27:05,15608297
2026-03-23 18:27:57,15568687
2026-03-23 18:28:49,15564395
2026-03-23 18:29:41,15564395
2026-03-23 18:30:33,15586351
2026-03-23 18:31:30,15590633
2026-03-23 18:32:22,15566391
2026-03-23 18:33:16,15570673
2026-03-23 18:34:13,15566391
2026-03-23 18:35:04,15482869
2026-03-23 18:35:56,15419007
2026-03-23 18:36:48,15355145
2026-03-23 18:37:43,15392769
2026-03-23 18:38:39,15355145
2026-03-23 18:39:31,15357450
2026-03-23 18:40:25,15357450
2026-03-23 18:41:17,15375105
2026-03-23 18:42:09,15401352
2026-03-23 18:43:03,15419007
2026-03-23 18:44:03,15379406
2026-03-23 18:44:59,15335494
2026-03-23 18:45:51,15317830
2026-03-23 18:46:43,15278218
2026-03-23 18:47:35,15361742
2026-03-23 18:48:27,15344076
2026-03-23 18:49:19,15363728
2026-03-23 18:50:10,15346062
2026-03-23 18:51:03,15328398
2026-03-23 18:51:59,15306452
2026-03-23 18:52:51,15284496
2026-03-23 18:53:43,15284496
2026-03-23 18:54:38,15284496
2026-03-23 18:55:34,15284496
2026-03-23 18:56:26,15262540
2026-03-23 18:57:18,15240594
2026-03-23 18:58:10,15240594
2026-03-23 18:59:04,15240594
2026-03-23 19:00:03,15202979
2026-03-23 19:00:58,15222939
2026-03-23 19:01:54,15244885
2026-03-23 19:02:46,15222939
2026-03-23 19:03:38,15260554
2026-03-23 19:04:30,15240594
2026-03-23 19:05:21,15202979
2026-03-23 19:06:13,15207261
2026-03-23 19:07:05,15222939
2026-03-23 19:07:57,15181023
2026-03-23 19:08:49,15200983
2026-03-23 19:09:41,15218638
2026-03-23 19:10:33,15244885
2026-03-23 19:11:30,15240594
2026-03-23 19:12:24,15240594
2026-03-23 19:13:21,15266841
2026-03-23 19:14:13,15288797
2026-03-23 19:15:05,15284496
2026-03-23 19:15:56,15266841
2026-03-23 19:16:46,15246881
2026-03-23 19:17:41,15262540
2026-03-23 19:18:37,15224925
2026-03-23 19:19:29,15207261
2026-03-23 19:20:22,15244885
2026-03-23 19:21:14,15202979
2026-03-23 19:22:06,15222939
2026-03-23 19:22:58,15181023
2026-03-23 19:23:49,15178718
2026-03-23 19:24:41,15099197
2026-03-23 19:25:36,15079547
2026-03-23 19:26:32,15059587
2026-03-23 19:27:24,15057591
2026-03-23 19:28:19,15033639
2026-03-23 19:29:15,14978360
2026-03-23 19:30:07,14945026
2026-03-23 19:31:05,14907402
2026-03-23 19:32:04,14870097
2026-03-23 19:33:03,14854418
2026-03-23 19:33:59,14816804
2026-03-23 19:34:54,14759538
2026-03-23 19:35:50,14704249
2026-03-23 19:36:42,14646974
2026-03-23 19:37:34,14609648
2026-03-23 19:38:26,14607354
2026-03-23 19:39:21,14525826
2026-03-23 19:40:15,14483920
2026-03-23 19:41:07,14404400
2026-03-23 19:42:06,14408681
2026-03-23 19:42:58,14494499
2026-03-23 19:43:49,14476835
2026-03-23 19:44:44,14452593
2026-03-23 19:45:40,14391017
2026-03-23 19:46:35,14359990
2026-03-23 19:47:32,14340328
2026-03-23 19:48:23,14320368
2026-03-23 19:49:15,14360288
2026-03-23 19:50:07,14357994
2026-03-23 19:51:04,14551576
2026-03-23 19:52:03,14549580
2026-03-23 19:53:07,14505678
2026-03-23 19:53:59,14468362
2026-03-23 19:54:51,14508272
2026-03-23 19:55:42,14452983
2026-03-23 19:56:34,14371466
2026-03-23 19:57:29,14336146
2026-03-23 19:58:21,14333852
2026-03-23 19:59:13,14296226
2026-03-24 08:00:04,17705120
2026-03-24 08:00:59,17554842
2026-03-24 08:01:53,18012554
2026-03-24 08:02:49,17908274
2026-03-24 08:03:44,17926538
2026-03-24 08:04:39,17919951
2026-03-24 08:05:35,17917655
2026-03-24 08:06:32,17937605
2026-03-24 08:07:26,18037105
2026-03-24 08:08:22,18012554
2026-03-24 08:09:17,17968054
2026-03-24 08:10:13,17857785
2026-03-24 08:11:05,17767486
2026-03-24 08:12:04,17709911
2026-03-24 08:13:03,17672586
2026-03-24 08:13:59,17728165
2026-03-24 08:14:53,17788035
2026-03-24 08:15:50,17768075
2026-03-24 08:16:42,17788035
2026-03-24 08:17:36,17812586
2026-03-24 08:18:28,17796916
2026-03-24 08:19:20,17765889
2026-03-24 08:20:17,17783853
2026-03-24 08:21:11,18003084
2026-03-24 08:22:07,18144370
2026-03-24 08:23:06,18233083
2026-03-24 08:24:05,18180897
2026-03-24 08:24:57,18194270
2026-03-24 08:25:51,18275798
2026-03-24 08:26:48,18270108
2026-03-24 08:27:40,18250148
2026-03-24 08:28:34,18242474
2026-03-24 08:29:30,18254749
2026-03-24 08:30:24,18284679
2026-03-24 08:31:17,18212833
2026-03-24 08:32:13,18226196
2026-03-24 08:33:07,18208542
2026-03-24 08:34:03,18164340
2026-03-24 08:34:58,18164340
2026-03-24 08:35:54,18212833
2026-03-24 08:36:48,18215129
2026-03-24 08:37:44,18215129
2026-03-24 08:38:39,18193173
2026-03-24 08:39:35,18217125
2026-03-24 08:40:27,18224809
2026-03-24 08:41:23,18220518
2026-03-24 08:42:18,18212833
2026-03-24 08:43:14,18237085
2026-03-24 08:44:09,18215129
2026-03-24 08:45:05,18222813
2026-03-24 08:45:59,18284380
2026-03-24 08:46:55,18272414
2026-03-24 08:47:50,18254749
2026-03-24 08:48:46,18266715
2026-03-24 08:49:41,18244769
2026-03-24 09:01:38,17945909
2026-03-24 09:02:31,17814193
2026-03-24 09:03:26,17747846
2026-03-24 09:04:20,17466542
2026-03-24 09:05:15,17581332
2026-03-24 09:06:07,17678218
2026-03-24 09:06:59,17583859
2026-03-24 09:07:52,17619188
2026-03-24 09:08:48,17456435
2026-03-24 09:09:40,17521020
2026-03-24 09:10:36,17719823
2026-03-24 09:11:34,17818777
2026-03-24 09:12:28,17794923
2026-03-24 09:13:26,17852209
2026-03-24 09:14:30,17946999
2026-03-24 09:15:22,17895066
2026-03-24 09:16:21,17918630
2026-03-24 09:17:13,17953283
2026-03-24 09:18:07,17803704
2026-03-24 09:19:04,17863091
2026-03-24 09:20:04,17912043
2026-03-24 09:21:05,18009249
2026-03-24 09:21:59,18104234
2026-03-24 09:22:53,18127005
2026-03-24 09:23:46,18117541
2026-03-24 09:24:40,18153648
2026-03-24 09:25:40,18252041
2026-03-24 09:26:33,18273737
2026-03-24 09:27:26,18124367
2026-03-24 09:28:18,17994583
2026-03-24 09:29:13,18007946
2026-03-24 09:30:08,18067006
2026-03-24 09:31:03,17981134
2026-03-24 09:32:03,17797437
2026-03-24 09:33:04,17668440
2026-03-24 09:33:58,17705497
2026-03-24 09:34:56,17832462
2026-03-24 09:35:49,17685307
2026-03-24 09:36:46,17622594
2026-03-24 09:37:38,17619876
2026-03-24 09:38:34,17511702
2026-03-24 09:39:33,17326255
2026-03-24 09:40:26,17321829
2026-03-24 09:41:18,17558414
2026-03-24 09:42:12,17557739
2026-03-24 09:43:08,17486796
2026-03-24 09:44:03,17497554
2026-03-24 09:45:04,17780704
2026-03-24 09:45:59,17672938
2026-03-24 09:46:54,17653486
2026-03-24 09:47:49,17674110
2026-03-24 09:48:42,17602385
2026-03-24 09:49:37,17491738
2026-03-24 09:50:30,17481428
2026-03-24 09:51:27,17557944
2026-03-24 09:51:41,17619176
2026-03-24 09:52:35,17646029
2026-03-24 09:53:30,17590593
2026-03-24 09:54:26,17503793
2026-03-24 09:54:33,17431711
2026-03-24 09:56:58,17363496
2026-03-24 09:57:52,17276566
2026-03-24 09:58:48,17256612
2026-03-24 09:59:44,17282045
2026-03-24 10:00:35,17205165
2026-03-24 10:01:29,17048638
2026-03-24 10:02:25,17019207
2026-03-24 10:03:19,17042245
2026-03-24 10:04:14,16994163
2026-03-24 10:05:09,16982600
2026-03-24 10:06:03,16936103
2026-03-24 10:06:57,16791803
2026-03-24 10:07:51,16807692
2026-03-24 10:08:46,16740361
2026-03-24 10:09:40,16882177
2026-03-24 10:10:32,16816699
2026-03-24 10:11:25,16816582
2026-03-24 10:12:19,16812527
2026-03-24 10:13:14,16697754
2026-03-24 10:14:07,16699083
2026-03-24 10:15:03,16574483
2026-03-24 10:15:58,16450051
2026-03-24 10:16:52,16382587
2026-03-24 10:17:36,16309813
2026-03-24 10:18:30,16543373
2026-03-24 10:19:24,16799151
2026-03-24 10:20:20,16955810
2026-03-24 10:21:16,17074265
2026-03-24 10:22:09,17080442
2026-03-24 10:23:03,17157877
2026-03-24 10:23:57,17151968
2026-03-24 10:24:52,17141768
2026-03-24 10:25:46,17180431
2026-03-24 10:26:40,17127636
2026-03-24 10:27:34,17236472
2026-03-24 10:28:29,17292730
2026-03-24 10:29:26,17259645
2026-03-24 10:30:18,16975137
2026-03-24 10:31:12,16936105
2026-03-24 10:32:04,16898451
2026-03-24 10:33:06,16846943
2026-03-24 10:34:04,16862791
2026-03-24 10:34:59,16896074
2026-03-24 10:35:51,16854747
2026-03-24 10:36:46,16791635
2026-03-24 10:37:43,16670477
2026-03-24 10:38:35,16591285
2026-03-24 10:39:27,16640547
2026-03-24 10:40:20,16605796
2026-03-24 10:41:18,16564716
2026-03-24 10:42:13,16443930
2026-03-24 10:43:10,16538460
2026-03-24 10:44:04,16451234
2026-03-24 10:45:04,16442294
2026-03-24 10:46:03,16340698
2026-03-24 10:47:04,16330378
2026-03-24 10:47:59,16296156
2026-03-24 10:48:55,16193781
2026-03-24 10:49:49,16176167
2026-03-24 10:50:45,16374800
2026-03-24 10:51:40,16323678
2026-03-24 10:52:35,16228860
2026-03-24 10:53:31,16232083
2026-03-24 10:54:23,16182132
2026-03-24 10:55:19,16233663
2026-03-24 10:56:14,16212658
2026-03-24 10:57:06,16126932
2026-03-24 10:58:06,16065314
2026-03-24 10:58:58,16102280
2026-03-24 10:59:50,16175694
2026-03-24 11:00:42,16052325
2026-03-24 11:01:40,16316742
2026-03-24 11:02:32,16296508
2026-03-24 11:03:28,16359971
2026-03-24 11:04:23,16265390
2026-03-24 11:05:18,16226958
2026-03-24 11:06:10,16179903
2026-03-24 11:07:04,16264877
2026-03-24 11:07:56,16241669
2026-03-24 11:08:48,16124857
2026-03-24 11:09:42,16159344
2026-03-24 11:10:39,16108626
2026-03-24 11:11:35,16005662
2026-03-24 11:12:27,16090292
2026-03-24 11:13:22,16027598
2026-03-24 11:14:16,16053319
2026-03-24 11:15:12,16091731
2026-03-24 11:16:08,16003587
2026-03-24 11:17:03,16056576
2026-03-24 11:17:59,16060197
2026-03-24 11:18:54,16056026
2026-03-24 11:19:49,16150029
2026-03-24 11:20:45,16257562
2026-03-24 11:21:38,16321066
2026-03-24 11:22:35,16364589
2026-03-24 11:23:27,16364926
2026-03-24 11:24:23,16341187
2026-03-24 11:25:16,16377975
2026-03-24 11:26:11,16356430
2026-03-24 11:27:05,16247555
2026-03-24 11:27:57,16319152
2026-03-24 11:28:49,16314752
2026-03-24 11:29:45,16296269
2026-03-24 11:30:40,16322726
2026-03-24 11:31:33,16292242
2026-03-24 11:32:31,16324916
2026-03-24 11:33:26,16300615
2026-03-24 11:34:18,16250027
2026-03-24 11:35:15,16187572
2026-03-24 11:36:10,16302681
2026-03-24 11:37:03,16297839
2026-03-24 11:38:04,16358819
2026-03-24 11:39:04,16325026
2026-03-24 11:39:55,16335157
2026-03-24 11:40:52,16295861
2026-03-24 11:41:46,16325364
2026-03-24 11:42:38,16334725
2026-03-24 11:43:31,16357120
2026-03-24 11:44:26,16349486
2026-03-24 11:45:18,16377580
2026-03-24 11:46:13,16401949
2026-03-24 11:47:08,16412898
2026-03-24 11:48:03,16397508
2026-03-24 11:48:57,16372463
2026-03-24 11:49:54,16336986
2026-03-24 11:50:50,16291089
2026-03-24 11:51:42,16211206
2026-03-24 11:52:40,16276665
2026-03-24 11:53:33,16274679
2026-03-24 11:54:30,16325651
2026-03-24 11:55:25,16363870
2026-03-24 11:56:18,16311037
2026-03-24 11:57:14,16300537
2026-03-24 11:58:08,16357313
2026-03-24 11:59:05,16337614
2026-03-24 12:00:03,16352733
2026-03-24 12:01:04,16355340
2026-03-24 12:01:59,16366796
2026-03-24 12:02:53,16347056
2026-03-24 12:03:45,16334022
2026-03-24 12:04:40,16319001
2026-03-24 12:05:34,16341899
2026-03-24 12:06:30,16403582
2026-03-24 12:07:23,16409098
2026-03-24 12:08:17,16411091
2026-03-24 12:09:12,16383193
2026-03-24 12:10:05,16414297
2026-03-24 12:11:03,16575031
2026-03-24 12:12:03,16498738
2026-03-24 12:13:04,16493954
2026-03-24 12:14:03,16440980
2026-03-24 12:14:58,16497853
2026-03-24 12:15:55,16457847
2026-03-24 12:16:48,16589291
2026-03-24 12:17:40,16653799
2026-03-24 12:18:35,16651469
2026-03-24 12:19:27,16638579
2026-03-24 12:20:23,16563805
2026-03-24 12:21:18,16636150
2026-03-24 12:22:11,16661221
2026-03-24 12:23:07,16650899
2026-03-24 12:23:59,16750770
2026-03-24 12:24:55,16709621
2026-03-24 12:25:51,16700605
2026-03-24 12:26:43,16724236
2026-03-24 12:27:36,16718688
2026-03-24 12:28:33,16705091
2026-03-24 12:29:25,16720381
2026-03-24 12:30:19,16739005
2026-03-24 12:31:14,16637138
2026-03-24 12:32:08,16569532
2026-03-24 12:33:03,16566790
2026-03-24 12:33:58,16587985
2026-03-24 12:34:52,16565787
2026-03-24 12:35:47,16534100
2026-03-24 12:36:41,16467983
2026-03-24 12:37:38,16452033
2026-03-24 12:38:30,16567743
2026-03-24 12:39:22,16659665
2026-03-24 12:40:16,16635692
2026-03-24 12:41:11,16729487
2026-03-24 12:42:03,16763385
2026-03-24 12:42:58,16698655
2026-03-24 12:43:50,16748258
2026-03-24 12:44:42,16684781
2026-03-24 12:45:39,16750761
2026-03-24 12:46:34,16735512
2026-03-24 12:47:28,16728088
2026-03-24 12:48:24,16730898
2026-03-24 12:49:16,16581521
2026-03-24 12:50:17,16601054
2026-03-24 12:51:09,16537543
2026-03-24 12:52:05,16545487
2026-03-24 12:52:57,16569974
2026-03-24 12:53:49,16626086
2026-03-24 12:54:44,16635713
2026-03-24 12:55:39,16597671
2026-03-24 12:56:36,16615142
2026-03-24 12:57:28,16641421
2026-03-24 12:58:24,16557153
2026-03-24 12:59:15,16603711
2026-03-24 13:00:07,16601075
2026-03-24 13:01:05,16654520
2026-03-24 13:01:57,16690332
2026-03-24 13:02:49,16673399
2026-03-24 13:03:42,16693715
2026-03-24 13:04:39,16666615
2026-03-24 13:05:32,16701535
2026-03-24 13:06:27,16667776
2026-03-24 13:07:20,16655356
2026-03-24 13:08:12,16688273
2026-03-24 13:09:05,16626413
2026-03-24 13:09:58,16684224
2026-03-24 13:10:56,16700464
2026-03-24 13:11:49,16750614
2026-03-24 13:12:42,16785591
2026-03-24 13:13:39,16830996
2026-03-24 13:14:36,16898989
2026-03-24 13:15:30,16972168
2026-03-24 13:16:22,17010038
2026-03-24 13:17:20,17040144
2026-03-24 13:18:12,16963090
2026-03-24 13:19:06,16886369
2026-03-24 13:19:59,16864814
2026-03-24 13:20:54,16796844
2026-03-24 13:21:47,16752217
2026-03-24 13:22:40,16749215
2026-03-24 13:23:32,16808201
2026-03-24 13:24:26,16775852
2026-03-24 13:25:22,16714337
2026-03-24 13:26:14,16685456
2026-03-24 13:27:06,16674330
2026-03-24 13:27:59,16613366
2026-03-24 13:28:57,16684386
2026-03-24 13:29:49,16795739
2026-03-24 13:30:44,16835460
2026-03-24 13:31:37,16707800
2026-03-24 13:32:35,16637871
2026-03-24 13:33:27,16724716
2026-03-24 13:34:23,16720615
2026-03-24 13:35:16,16797192
2026-03-24 13:36:10,16768103
2026-03-24 13:37:05,16793254
2026-03-24 13:37:59,16845458
2026-03-24 13:38:51,16848169
2026-03-24 13:39:43,16926579
2026-03-24 13:40:38,16857384
2026-03-24 13:41:32,16812116
2026-03-24 13:42:29,16743897
2026-03-24 13:43:23,16724594
2026-03-24 13:44:20,16681697
2026-03-24 13:45:12,16706647
2026-03-24 13:46:08,16721502
2026-03-24 13:47:05,16678163
2026-03-24 13:47:58,16717662
2026-03-24 13:48:54,16773130
2026-03-24 13:49:46,16802495
2026-03-24 13:50:41,16769546
2026-03-24 13:51:34,16711962
2026-03-24 13:52:30,16785162
2026-03-24 13:53:27,16849545
2026-03-24 13:54:19,16830379
2026-03-24 13:55:11,16776558
2026-03-24 13:56:08,16800371
2026-03-24 13:57:04,16749086
2026-03-24 13:57:59,16734254
2026-03-24 13:58:51,16748718
2026-03-24 13:59:43,16687416
2026-03-24 14:00:39,16702624
2026-03-24 14:01:35,16558423
2026-03-24 14:02:32,16488436
2026-03-24 14:03:25,16503148
2026-03-24 14:04:20,16477529
2026-03-24 14:05:16,16501904
2026-03-24 14:06:11,16484710
2026-03-24 14:07:04,16515057
2026-03-24 14:07:58,16518297
2026-03-24 14:08:50,16474508
2026-03-24 14:09:45,16422573
2026-03-24 14:10:41,16406865
2026-03-24 14:11:33,16474404
2026-03-24 14:12:30,16438163
2026-03-24 14:13:24,16563353
2026-03-24 14:14:18,16487689
2026-03-24 14:15:10,16508482
2026-03-24 14:16:06,16526061
2026-03-24 14:16:58,16536917
2026-03-24 14:17:50,16554516
2026-03-24 14:18:46,16688088
2026-03-24 14:19:38,16824058
2026-03-24 14:20:33,16755330
2026-03-24 14:21:28,16750192
2026-03-24 14:22:24,16670826
2026-03-24 14:23:16,16639567
2026-03-24 14:24:08,16812845
2026-03-24 14:25:04,16764334
2026-03-24 14:26:03,16708338
2026-03-24 14:26:59,16624124
2026-03-24 14:27:55,16555860
2026-03-24 14:28:49,16390701
2026-03-24 14:29:41,16339268
2026-03-24 14:30:36,16369920
2026-03-24 14:31:31,16436106
2026-03-24 14:32:24,16412193
2026-03-24 14:33:19,16479770
2026-03-24 14:34:15,16498604
2026-03-24 14:35:07,16572476
2026-03-24 14:36:03,16543164
2026-03-24 14:36:57,16557487
2026-03-24 14:37:52,16611269
2026-03-24 14:38:45,16706804
2026-03-24 14:39:39,16661097
2026-03-24 14:40:32,16667015
2026-03-24 14:41:30,16703108
2026-03-24 14:42:23,16722688
2026-03-24 14:43:20,16822872
2026-03-24 14:44:14,16793763
2026-03-24 14:45:07,16743485
2026-03-24 14:46:12,16897443
2026-03-24 14:47:05,16872675
2026-03-24 14:48:04,16915642
2026-03-24 14:48:59,16923273
2026-03-24 14:49:53,16895870
2026-03-24 14:50:49,16867092
2026-03-24 14:51:44,16766054
2026-03-24 14:52:37,16753334
2026-03-24 14:53:32,16829655
2026-03-24 14:54:26,16821454
2026-03-24 14:55:21,16794067
2026-03-24 14:56:14,16791545
2026-03-24 14:57:10,16825106
2026-03-24 14:58:03,16826097
2026-03-24 14:58:58,16804211
2026-03-24 14:59:51,16850231
2026-03-24 15:00:48,16872304
2026-03-24 15:01:41,16909105
2026-03-24 15:02:36,16972681
2026-03-24 15:03:33,16996278
2026-03-24 15:04:25,16972276
2026-03-24 15:05:17,17013414
2026-03-24 15:06:14,17022235
2026-03-24 15:07:07,16993901
2026-03-24 15:08:03,16939178
2026-03-24 15:08:56,16966621
2026-03-24 15:09:49,17016828
2026-03-24 15:10:42,16999974
2026-03-24 15:11:37,16954899
2026-03-24 15:12:32,16989600
2026-03-24 15:13:24,16960277
2026-03-24 15:14:17,16949452
2026-03-24 15:15:12,16995023
2026-03-24 15:16:07,16972609
2026-03-24 15:17:04,17016200
2026-03-24 15:18:07,16982586
2026-03-24 15:19:04,16892940
2026-03-24 15:19:59,16884713
2026-03-24 15:20:51,16884713
2026-03-24 15:21:45,16884713
2026-03-24 15:22:38,16884713
2026-03-24 15:23:34,16884713
2026-03-24 15:24:27,16884713
2026-03-24 15:25:21,16884713
2026-03-24 15:26:14,16884713
2026-03-24 15:27:10,16884713
2026-03-24 15:28:03,16884713
2026-03-24 15:28:58,16884713
2026-03-24 15:29:51,16884713
2026-03-24 15:30:47,16857155
2026-03-24 15:31:42,16857155
2026-03-24 15:32:36,16857155
2026-03-24 15:33:31,16857155
2026-03-24 15:34:24,16857155
2026-03-24 15:35:19,16857155
2026-03-24 15:36:13,16857155
2026-03-24 15:37:08,16857155
2026-03-24 15:38:06,16857155
2026-03-24 15:38:59,16857155
2026-03-24 15:39:54,16857155
2026-03-24 15:40:47,16907535
2026-03-24 15:41:41,16923504
2026-03-24 15:42:36,16907137
2026-03-24 15:43:29,16949742
2026-03-24 15:44:24,16974293
2026-03-24 15:45:17,16935978
2026-03-24 15:46:13,16955339
2026-03-24 15:47:06,16917017
2026-03-24 15:48:04,16898054
2026-03-24 15:48:59,16923902
2026-03-24 15:49:52,16848963
2026-03-24 15:50:48,16828305
2026-03-24 15:51:43,16806359
2026-03-24 15:52:36,16824024
2026-03-24 15:53:31,16848564
2026-03-24 15:54:25,16848564
2026-03-24 15:55:20,16851159
2026-03-24 15:56:13,16852456
2026-03-24 15:57:08,16897666
2026-03-24 15:58:06,16890769
2026-03-24 15:59:04,16888174
2026-03-24 15:59:58,16908433
2026-03-24 16:00:55,16886477
2026-03-24 16:01:49,16928693
2026-03-24 16:02:44,16928693
2026-03-24 16:03:37,16953243
2026-03-24 16:04:32,16954541
2026-03-24 16:05:26,16973502
2026-03-24 16:06:21,16996745
2026-03-24 16:07:14,16970699
2026-03-24 16:08:09,16950141
2026-03-24 16:09:07,16924304
2026-03-24 16:10:05,16928185
2026-03-24 16:11:03,16906239
2026-03-24 16:11:58,16942557
2026-03-24 16:12:52,16942557
2026-03-24 16:13:47,16968405
2026-03-24 16:14:40,16960811
2026-03-24 16:15:35,16972298
2026-03-24 16:16:29,17004323
2026-03-24 16:17:24,16993854
2026-03-24 16:18:17,17015810
2026-03-24 16:19:12,16972707
2026-03-24 16:20:06,16965113
2026-03-24 16:21:06,16962227
2026-03-24 16:21:59,16965522
2026-03-24 16:22:54,16969404
2026-03-24 16:23:48,16940271
2026-03-24 16:24:43,16947448
2026-03-24 16:25:36,16915013
2026-03-24 16:26:31,16896369
2026-03-24 16:27:25,16842777
2026-03-24 16:28:20,16838885
2026-03-24 16:29:13,16857149
2026-03-24 16:30:08,16835592
2026-03-24 16:31:04,16799265
2026-03-24 16:31:59,16821221
2026-03-24 16:32:53,16831300
2026-03-24 16:33:48,16831300
2026-03-24 16:34:41,16762947
2026-03-24 16:35:36,16705073
2026-03-24 16:36:30,16711860
2026-03-24 16:37:25,16741001
2026-03-24 16:38:18,16770134
2026-03-24 16:39:13,16809754
2026-03-24 16:40:07,16816929
2026-03-24 16:41:07,16806451
2026-03-24 16:42:05,16788785
2026-03-24 16:42:58,16810741
2026-03-24 16:43:53,16788785
2026-03-24 16:44:47,16799265
2026-03-24 16:45:42,16814046
2026-03-24 16:46:35,16763347
2026-03-24 16:47:31,16755762
2026-03-24 16:48:26,16755762
2026-03-24 16:49:20,16752468
2026-03-24 16:50:17,16743816
2026-03-24 16:51:11,16752006
2026-03-24 16:52:06,16759193
2026-03-24 16:52:59,16741539
2026-03-24 16:53:54,16759193
2026-03-24 16:54:47,16759193
2026-03-24 16:55:42,16741539
2026-03-24 16:56:36,16734352
2026-03-24 16:57:31,16756308
2026-03-24 16:58:25,16756308
2026-03-24 16:59:20,16796907
2026-03-24 17:00:15,16821758
2026-03-24 17:01:09,16813650
2026-03-24 17:02:04,16824129
2026-03-24 17:02:57,16799288
2026-03-24 17:03:52,16824129
2026-03-24 17:04:46,16816942
2026-03-24 17:05:41,16805467
2026-03-24 17:06:34,16819839
2026-03-24 17:07:29,16848970
2026-03-24 17:08:23,16834200
2026-03-24 17:09:16,16859459
2026-03-24 17:10:12,16812652
2026-03-24 17:11:07,16812652
2026-03-24 17:12:05,16841795
2026-03-24 17:12:58,16816942
2026-03-24 17:13:54,16834608
2026-03-24 17:14:47,16812652
2026-03-24 17:15:42,16841795
2026-03-24 17:16:35,16844678
2026-03-24 17:17:30,16859459
2026-03-24 17:18:24,16844678
2026-03-24 17:19:19,16837503
2026-03-24 17:20:15,16783521
2026-03-24 17:21:08,16805138
2026-03-24 17:22:03,16758343
2026-03-24 17:22:57,16754051
2026-03-24 17:23:52,16729200
2026-03-24 17:24:26,16754051
2026-03-24 17:25:19,16746864
2026-03-24 17:26:14,16696177
2026-03-24 17:27:07,16663752
2026-03-24 17:28:03,16646086
2026-03-24 17:28:57,16678513
2026-03-24 17:29:52,16638901
2026-03-24 17:30:48,16646475
2026-03-24 17:31:41,16639290
2026-03-24 17:32:36,16631714
2026-03-24 17:33:30,16643193
2026-03-24 17:34:26,16614060
2026-03-24 17:35:21,16614060
2026-03-24 17:36:14,16621247
2026-03-24 17:37:09,16632713
2026-03-24 17:38:03,16581626
2026-03-24 17:38:58,16549191
2026-03-24 17:39:51,16539110
2026-03-24 17:40:47,16531925
2026-03-24 17:41:42,16578731
2026-03-24 17:42:35,16567254
2026-03-24 17:43:30,16574439
2026-03-24 17:44:24,16578731
2026-03-24 17:45:19,16578731
2026-03-24 17:46:12,16564361
2026-03-24 17:47:07,16596395
2026-03-24 17:48:05,16574439
2026-03-24 17:48:59,16563962
2026-03-24 17:49:54,16603582
2026-03-24 17:50:47,16617943
2026-03-24 17:51:40,16581626
2026-03-24 17:52:35,16571546
2026-03-24 17:53:29,16557175
2026-03-24 17:54:24,16535219
2026-03-24 17:55:17,16506078
2026-03-24 17:56:12,16535219
2026-03-24 17:57:06,16545698
2026-03-24 17:58:03,16523742
2026-03-24 17:58:58,16506078
2026-03-24 17:59:52,16491317
2026-03-24 18:00:48,16491317
2026-03-24 18:01:43,16649978
2026-03-24 18:02:36,16613652
2026-03-24 18:03:31,16624130
2026-03-24 18:04:24,16653262
2026-03-24 18:05:20,16613652
2026-03-24 18:06:13,16613652
2026-03-24 18:07:08,16631306
2026-03-24 18:08:06,16538113
2026-03-24 18:08:59,16563363
2026-03-24 18:09:54,16541407
2026-03-24 18:10:47,16530927
2026-03-24 18:11:41,16541407
2026-03-24 18:12:36,16519461
2026-03-24 18:13:29,16462176
2026-03-24 18:14:25,16472653
2026-03-24 18:15:18,16393822
2026-03-24 18:16:13,16361408
2026-03-24 18:17:06,16349920
2026-03-24 18:18:04,16408183
2026-03-24 18:18:59,16415368
2026-03-24 18:19:53,16408183
2026-03-24 18:20:48,16408183
2026-03-24 18:21:43,16379062
2026-03-24 18:22:37,16361408
2026-03-24 18:23:32,16357106
2026-03-24 18:24:25,16367585
2026-03-24 18:25:21,16371876
2026-03-24 18:26:14,16349920
2026-03-24 18:27:09,16360400
2026-03-24 18:28:07,16342735
2026-03-24 18:29:05,16338444
2026-03-24 18:29:58,16407205
2026-03-24 18:30:54,16367585
2026-03-24 18:31:49,16367585
2026-03-24 18:32:42,16367585
2026-03-24 18:33:37,16379062
2026-03-24 18:34:31,16371876
2026-03-24 18:35:26,16371876
2026-03-24 18:36:19,16401008
2026-03-24 18:37:14,16433443
2026-03-24 18:38:08,16447804
2026-03-24 18:39:03,16491706
2026-03-24 18:39:56,16476945
2026-03-24 18:40:54,16465069
2026-03-24 18:41:47,16548202
2026-03-24 18:42:42,16555389
2026-03-24 18:43:36,16523352
2026-03-24 18:44:31,16527634
2026-03-24 18:45:24,16527634
2026-03-24 18:46:19,16527634
2026-03-24 18:47:12,16520449
2026-03-24 18:48:08,16560069
2026-03-24 18:49:05,16516555
2026-03-24 18:49:59,16494609
2026-03-24 18:50:54,16512274
2026-03-24 18:51:50,16541407
2026-03-24 18:52:43,16479840
2026-03-24 18:53:38,16494609
2026-03-24 18:54:31,16529928
2026-03-24 18:55:27,16529928
2026-03-24 18:56:20,16570548
2026-03-24 18:57:15,16555778
2026-03-24 18:58:09,16595388
2026-03-24 18:59:04,16627424
2026-03-24 18:59:57,16642195
2026-03-24 19:00:54,16631714
2026-03-24 19:01:48,16649380
2026-03-24 19:02:43,16652674
2026-03-24 19:03:36,16619241
2026-03-24 19:04:31,16594391
2026-03-24 19:05:25,16594391
2026-03-24 19:06:20,16601576
2026-03-24 19:07:13,16566246
2026-03-24 19:08:08,16551486
2026-03-24 19:09:06,16620239
2026-03-24 19:09:59,16587802
2026-03-24 19:10:55,16602573
2026-03-24 19:11:50,16609758
2026-03-24 19:12:43,16642195
2026-03-24 19:13:39,16620239
2026-03-24 19:14:32,16627424
2026-03-24 19:15:27,16609758
2026-03-24 19:16:20,16627424
2026-03-24 19:17:15,16620239
2026-03-24 19:18:09,16613054
2026-03-24 19:19:04,16630718
2026-03-24 19:19:57,16635010
2026-03-24 19:20:55,16627824
2026-03-24 19:21:48,16638303
2026-03-24 19:22:44,16623532
2026-03-24 19:23:37,16623532
2026-03-24 19:24:32,16616347
2026-03-24 19:25:26,16605868
2026-03-24 19:26:21,16623532
2026-03-24 19:27:14,16594391
2026-03-24 19:28:09,16576727
2026-03-24 19:29:07,16601576
2026-03-24 19:30:05,16612056
2026-03-24 19:31:03,16576727
2026-03-24 19:31:58,16576727
2026-03-24 19:32:52,16604869
2026-03-24 19:33:47,16594391
2026-03-24 19:34:40,16634012
2026-03-24 19:35:35,16590110
2026-03-24 19:36:29,16601576
2026-03-24 19:37:24,16608762
2026-03-24 19:38:17,16594001
2026-03-24 19:39:11,16586816
2026-03-24 19:40:06,16594001
2026-03-24 19:41:04,16594001
2026-03-24 19:41:59,16623132
2026-03-24 19:42:53,16583522
2026-03-24 19:43:48,16605468
2026-03-24 19:44:41,16630319
2026-03-24 19:45:36,16634611
2026-03-24 19:46:30,16630319
2026-03-24 19:47:25,16630319
2026-03-24 19:48:18,16615558
2026-03-24 19:49:13,16637504
2026-03-24 19:50:07,16684301
2026-03-24 19:51:07,16655169
2026-03-24 19:52:05,16659460
2026-03-24 19:52:58,16677125
2026-03-24 19:53:53,16705258
2026-03-24 19:54:48,16712443
2026-03-24 19:55:41,16652275
2026-03-24 19:56:36,16606875
2026-03-24 19:57:30,16606875
2026-03-24 19:58:25,16606875
2026-03-24 19:59:18,16567254
2026-03-25 08:00:06,17488607
2026-03-25 08:00:59,16857064
2026-03-25 08:01:54,16872632
2026-03-25 08:02:48,16939588
2026-03-25 08:03:43,16897083
2026-03-25 08:04:36,16838810
2026-03-25 08:05:31,16850287
2026-03-25 08:06:25,16813959
2026-03-25 08:07:20,16698412
2026-03-25 08:08:13,16657793
2026-03-25 08:09:08,16630059
2026-03-25 08:10:06,16654001
2026-03-25 08:11:04,16675558
2026-03-25 08:11:59,16694220
2026-03-25 08:12:53,16895686
2026-03-25 08:13:48,16870847
2026-03-25 08:14:41,16788710
2026-03-25 08:15:36,16781634
2026-03-25 08:16:30,16753501
2026-03-25 08:17:25,16756793
2026-03-25 08:18:19,16784927
2026-03-25 08:19:14,16791116
2026-03-25 08:20:07,16769170
2026-03-25 08:21:03,16779638
2026-03-25 08:21:58,16757682
2026-03-25 08:22:51,16790128
2026-03-25 08:23:47,16778649
2026-03-25 08:24:40,16760985
2026-03-25 08:25:35,16782941
2026-03-25 08:26:28,16758091
2026-03-25 08:27:24,16750906
2026-03-25 08:28:17,16772852
2026-03-25 08:29:12,16797702
2026-03-25 08:30:05,16840216
2026-03-25 08:31:06,16858469
2026-03-25 08:31:59,16887612
2026-03-25 08:32:54,16912462
2026-03-25 08:33:48,16933408
2026-03-25 08:34:43,16989687
2026-03-25 08:35:36,17014537
2026-03-25 08:36:31,16972023
2026-03-25 08:37:25,16979208
2026-03-25 08:38:20,16974916
2026-03-25 08:39:13,16974916
2026-03-25 08:40:08,16986393
2026-03-25 08:41:04,16993580
2026-03-25 08:41:59,16975915
2026-03-25 08:42:52,16936305
2026-03-25 08:43:47,16965446
2026-03-25 08:44:41,16969736
2026-03-25 08:45:36,16987402
2026-03-25 08:46:29,17113020
2026-03-25 08:47:24,17127391
2026-03-25 08:48:18,17149347
2026-03-25 08:49:13,17220992
2026-03-25 09:01:05,17612628
2026-03-25 09:02:03,17534346
2026-03-25 09:02:58,17569137
2026-03-25 09:03:52,17502306
2026-03-25 09:04:46,17630958
2026-03-25 09:06:42,17493725
2026-03-25 09:07:36,17597853
2026-03-25 09:08:31,17394003
2026-03-25 09:09:23,17570269
2026-03-25 09:10:17,17554331
2026-03-25 09:11:11,17687883
2026-03-25 09:12:06,17743631
2026-03-25 09:13:05,17822394
2026-03-25 09:13:58,17804280
2026-03-25 09:14:53,17845297
2026-03-25 09:15:47,17794200
2026-03-25 09:16:40,17721116
2026-03-25 09:17:36,17702083
2026-03-25 09:18:28,17640416
2026-03-25 09:19:23,17559080
2026-03-25 09:20:18,17578401
2026-03-25 09:21:12,17581176
2026-03-25 09:22:06,17573152
2026-03-25 09:23:04,17565836
2026-03-25 09:23:59,17602433
2026-03-25 09:24:52,17568739
2026-03-25 09:25:44,17571344
2026-03-25 09:26:40,17627611
2026-03-25 09:27:33,17742900
2026-03-25 09:28:29,17766792
2026-03-25 09:29:22,17728810
2026-03-25 09:30:18,17798917
2026-03-25 09:31:12,17764356
2026-03-25 09:32:15,17723090
2026-03-25 09:33:07,17811403
2026-03-25 09:34:04,17796413
2026-03-25 09:34:58,17890834
2026-03-25 09:35:53,17925984
2026-03-25 09:36:47,17896363
2026-03-25 09:37:40,17980834
2026-03-25 09:38:36,18022819
2026-03-25 09:39:29,17911922
2026-03-25 09:40:26,17944268
2026-03-25 09:41:19,17955495
2026-03-25 09:42:15,18031313
2026-03-25 09:43:08,18169645
2026-03-25 09:44:03,18270434
2026-03-25 09:44:57,18191682
2026-03-25 09:45:52,18211541
2026-03-25 09:46:46,18293487
2026-03-25 09:47:42,18253766
2026-03-25 09:48:36,18216448
2026-03-25 09:49:29,18128008
2026-03-25 09:50:26,18148278
2026-03-25 09:51:23,18254141
2026-03-25 09:52:14,18200279
2026-03-25 09:53:09,18169734
2026-03-25 09:54:05,18188088
2026-03-25 09:55:04,18213807
2026-03-25 09:55:59,18082448
2026-03-25 09:56:51,18145544
2026-03-25 09:57:43,18150423
2026-03-25 09:58:38,18151312
2026-03-25 09:59:30,18190942
2026-03-25 10:00:24,18193727
2026-03-25 10:01:19,18140355
2026-03-25 10:02:11,18086831
2026-03-25 10:03:03,18085738
2026-03-25 10:03:58,18114994
2026-03-25 10:04:53,18051607
2026-03-25 10:05:45,18185719
2026-03-25 10:06:40,18063687
2026-03-25 10:07:35,18068897
2026-03-25 10:08:27,18072848
2026-03-25 10:09:18,18119580
2026-03-25 10:10:13,18180956
2026-03-25 10:11:06,18190917
2026-03-25 10:12:05,18174241
2026-03-25 10:13:05,18113961
2026-03-25 10:14:04,18133932
2026-03-25 10:15:03,18059784
2026-03-25 10:15:58,18027348
2026-03-25 10:16:55,18037828
2026-03-25 10:17:47,18095323
2026-03-25 10:18:42,18065673
2026-03-25 10:19:36,18047304
2026-03-25 10:20:33,18053009
2026-03-25 10:21:28,18070457
2026-03-25 10:22:23,18101900
2026-03-25 10:23:18,18071956
2026-03-25 10:24:14,18074751
2026-03-25 10:25:06,18116466
2026-03-25 10:26:04,18145623
2026-03-25 10:27:03,18187539
2026-03-25 10:28:03,18142124
2026-03-25 10:29:07,18161091
2026-03-25 10:29:59,18158627
2026-03-25 10:30:52,18203207
2026-03-25 10:31:48,18150588
2026-03-25 10:32:42,18140907
2026-03-25 10:33:36,18065079
2026-03-25 10:34:32,18098832
2026-03-25 10:35:25,18152289
2026-03-25 10:36:19,18117158
2026-03-25 10:37:14,18176541
2026-03-25 10:38:06,18131716
2026-03-25 10:38:58,18102993
2026-03-25 10:39:50,17998278
2026-03-25 10:40:43,18042504
2026-03-25 10:41:40,18005069
2026-03-25 10:42:32,18027504
2026-03-25 10:43:28,17981511
2026-03-25 10:44:23,18045376
2026-03-25 10:45:18,18010753
2026-03-25 10:46:13,17963043
2026-03-25 10:47:07,18021832
2026-03-25 10:48:04,18040783
2026-03-25 10:48:59,17991098
2026-03-25 10:49:54,17995190
2026-03-25 10:50:48,18072434
2026-03-25 10:51:44,18000284
2026-03-25 10:52:38,17967944
2026-03-25 10:53:34,17980723
2026-03-25 10:54:26,17971841
2026-03-25 10:55:21,18027934
2026-03-25 10:56:16,18062375
2026-03-25 10:57:12,18020097
2026-03-25 10:58:07,18056130
2026-03-25 10:58:59,18050052
2026-03-25 10:59:51,18088800
2026-03-25 11:00:44,18314511
2026-03-25 11:01:39,18384239
2026-03-25 11:02:33,18413284
2026-03-25 11:03:27,18311949
2026-03-25 11:04:21,18399763
2026-03-25 11:05:16,18448489
2026-03-25 11:06:13,18470474
2026-03-25 11:07:08,18398383
2026-03-25 11:08:03,18329227
2026-03-25 11:08:59,18349382
2026-03-25 11:09:51,18349424
2026-03-25 11:10:44,18255286
2026-03-25 11:11:41,18306020
2026-03-25 11:12:33,18287876
2026-03-25 11:13:28,18275600
2026-03-25 11:14:22,18215191
2026-03-25 11:15:19,18322193
2026-03-25 11:16:14,18267177
2026-03-25 11:17:09,18267692
2026-03-25 11:18:05,18262906
2026-03-25 11:19:03,18203596
2026-03-25 11:19:56,18201690
2026-03-25 11:20:52,18175721
2026-03-25 11:21:48,18133876
2026-03-25 11:22:43,18170386
2026-03-25 11:23:39,18076604
2026-03-25 11:24:34,18109120
2026-03-25 11:25:31,18147449
2026-03-25 11:26:24,18050532
2026-03-25 11:27:19,18072686
2026-03-25 11:28:16,18059605
2026-03-25 11:29:08,18072782
2026-03-25 11:30:03,18070792
2026-03-25 11:30:58,18114419
2026-03-25 11:31:52,18073507
2026-03-25 11:32:48,18057019
2026-03-25 11:33:43,18089679
2026-03-25 11:34:35,18064624
2026-03-25 11:35:30,18068206
2026-03-25 11:36:24,18057124
2026-03-25 11:37:20,18018501
2026-03-25 11:38:12,18082168
2026-03-25 11:39:07,18020178
2026-03-25 11:40:05,17986270
2026-03-25 11:40:59,18031785
2026-03-25 11:41:56,17977284
2026-03-25 11:42:50,18036560
2026-03-25 11:43:46,17959912
2026-03-25 11:44:38,18005827
2026-03-25 11:45:33,17994848
2026-03-25 11:46:26,17947342
2026-03-25 11:47:22,18000652
2026-03-25 11:48:16,17998450
2026-03-25 11:49:10,17957941
2026-03-25 11:50:04,17999290
2026-03-25 11:50:59,18025141
2026-03-25 11:51:54,17954490
2026-03-25 11:52:51,17930342
2026-03-25 11:53:43,17979460
2026-03-25 11:54:38,17923356
2026-03-25 11:55:34,17901220
2026-03-25 11:56:26,17799920
2026-03-25 11:57:18,17834750
2026-03-25 11:58:13,17794345
2026-03-25 11:59:05,17781891
2026-03-25 11:59:57,17752948
2026-03-25 12:00:51,17772505
2026-03-25 12:01:49,17798031
2026-03-25 12:02:42,17730477
2026-03-25 12:03:39,17809114
2026-03-25 12:04:35,17796212
2026-03-25 12:05:29,17748411
2026-03-25 12:06:24,17792836
2026-03-25 12:07:20,17769549
2026-03-25 12:08:16,17820133
2026-03-25 12:09:11,17772324
2026-03-25 12:10:06,17761166
2026-03-25 12:11:04,17735627
2026-03-25 12:11:56,17743307
2026-03-25 12:12:51,17698746
2026-03-25 12:13:46,17640464
2026-03-25 12:14:42,17625014
2026-03-25 12:15:34,17586382
2026-03-25 12:16:26,17631908
2026-03-25 12:17:21,17672422
2026-03-25 12:18:17,17664473
2026-03-25 12:19:12,17661819
2026-03-25 12:20:04,17645436
2026-03-25 12:20:56,17627672
2026-03-25 12:21:52,17658944
2026-03-25 12:22:48,17627923
2026-03-25 12:23:42,17676395
2026-03-25 12:24:37,17644844
2026-03-25 12:25:32,17642234
2026-03-25 12:26:27,17611075
2026-03-25 12:27:24,17630184
2026-03-25 12:28:19,17628455
2026-03-25 12:29:11,17608467
2026-03-25 12:30:05,17601609
2026-03-25 12:31:04,17607018
2026-03-25 12:32:04,17574783
2026-03-25 12:32:59,17567114
2026-03-25 12:33:54,17542384
2026-03-25 12:34:48,17485927
2026-03-25 12:35:45,17581296
2026-03-25 12:36:37,17554874
2026-03-25 12:37:32,17589787
2026-03-25 12:38:28,17538162
2026-03-25 12:39:20,17532747
2026-03-25 12:40:18,17509498
2026-03-25 12:41:11,17510861
2026-03-25 12:42:03,17565197
2026-03-25 12:42:58,17550268
2026-03-25 12:43:50,17544620
2026-03-25 12:44:42,17510606
2026-03-25 12:45:34,17505725
2026-03-25 12:46:30,17565337
2026-03-25 12:47:23,17522947
2026-03-25 12:48:21,17483345
2026-03-25 12:49:17,17537008
2026-03-25 12:50:12,17551618
2026-03-25 12:51:07,17600631
2026-03-25 12:52:06,17600479
2026-03-25 12:53:03,17580151
2026-03-25 12:54:03,17649138
2026-03-25 12:54:59,17578820
2026-03-25 12:55:12,17564299
2026-03-25 12:56:05,17618201
2026-03-25 12:57:05,17602342
2026-03-25 12:57:19,17569462
2026-03-25 12:58:12,17640885
2026-03-25 12:59:09,17614149
2026-03-25 13:00:03,17649823
2026-03-25 13:00:59,17702089
2026-03-25 13:01:56,17732681
2026-03-25 13:02:48,17611721
2026-03-25 13:03:41,17649378
2026-03-25 13:04:33,17621546
2026-03-25 13:05:31,17601779
2026-03-25 13:06:26,17592173
2026-03-25 13:07:22,17539900
2026-03-25 13:08:18,17621419
2026-03-25 13:09:12,17662830
2026-03-25 13:10:09,17664969
2026-03-25 13:11:06,17758943
2026-03-25 13:11:58,17759999
2026-03-25 13:12:50,17779940
2026-03-25 13:13:45,17777201
2026-03-25 13:14:38,17777291
2026-03-25 13:15:30,17725599
2026-03-25 13:16:22,17644496
2026-03-25 13:17:16,17649906
2026-03-25 13:18:12,17677956
2026-03-25 13:19:10,17702904
2026-03-25 13:20:05,17748579
2026-03-25 13:21:03,17744841
2026-03-25 13:22:03,17771063
2026-03-25 13:23:04,17816413
2026-03-25 13:24:03,17861821
2026-03-25 13:24:59,17831552
2026-03-25 13:25:56,17904217
2026-03-25 13:26:48,17930793
2026-03-25 13:27:43,17938926
2026-03-25 13:28:35,17963719
2026-03-25 13:29:27,17923783
2026-03-25 13:30:20,17953429
2026-03-25 13:31:18,17993864
2026-03-25 13:32:10,17970381
2026-03-25 13:33:06,17962656
2026-03-25 13:34:03,17973181
2026-03-25 13:35:04,17941288
2026-03-25 13:35:59,17983200
2026-03-25 13:36:51,18002921
2026-03-25 13:37:48,18025005
2026-03-25 13:38:40,18112030
2026-03-25 13:39:35,18128892
2026-03-25 13:40:30,18083363
2026-03-25 13:41:22,18097595
2026-03-25 13:42:14,18129290
2026-03-25 13:43:09,18100515
2026-03-25 13:44:04,18093110
2026-03-25 13:45:04,18081787
2026-03-25 13:45:59,18021040
2026-03-25 13:46:58,18068085
2026-03-25 13:47:50,18055465
2026-03-25 13:48:44,18052042
2026-03-25 13:49:37,17998817
2026-03-25 13:50:31,17890316
2026-03-25 13:51:26,17934548
2026-03-25 13:52:22,17947705
2026-03-25 13:53:14,17922938
2026-03-25 13:54:07,18001800
2026-03-25 13:55:05,17975082
2026-03-25 13:55:59,17936200
2026-03-25 13:56:51,17971176
2026-03-25 13:57:44,17958373
2026-03-25 13:58:41,17914895
2026-03-25 13:59:33,17838269
2026-03-25 14:00:26,17849622
2026-03-25 14:01:24,17800584
2026-03-25 14:02:16,17808595
2026-03-25 14:03:09,17780726
2026-03-25 14:04:04,17833170
2026-03-25 14:04:56,17829252
2026-03-25 14:05:49,17776991
2026-03-25 14:06:43,17794364
2026-03-25 14:07:40,17754925
2026-03-25 14:08:32,17777321
2026-03-25 14:09:24,17766917
2026-03-25 14:10:17,17749383
2026-03-25 14:11:13,17771452
2026-03-25 14:12:05,17683848
2026-03-25 14:13:03,17705795
2026-03-25 14:14:03,17700245
2026-03-25 14:15:03,17640965
2026-03-25 14:15:59,17693040
2026-03-25 14:16:54,17725904
2026-03-25 14:17:47,17675935
2026-03-25 14:18:43,17643624
2026-03-25 14:19:36,17619722
2026-03-25 14:20:29,17583828
2026-03-25 14:21:22,17649382
2026-03-25 14:22:18,17591636
2026-03-25 14:23:10,17631374
2026-03-25 14:24:05,17642846
2026-03-25 14:25:05,17709447
2026-03-25 14:25:59,17672806
2026-03-25 14:26:54,17733590
2026-03-25 14:27:49,17674213
2026-03-25 14:28:45,17621261
2026-03-25 14:29:38,17604489
2026-03-25 14:30:30,17619179
2026-03-25 14:31:23,17596520
2026-03-25 14:32:20,17641020
2026-03-25 14:33:15,17597801
2026-03-25 14:34:11,17571542
2026-03-25 14:35:03,17492620
2026-03-25 14:36:03,17543003
2026-03-25 14:36:58,17598783
2026-03-25 14:37:55,17619336
2026-03-25 14:38:49,17646578
2026-03-25 14:39:40,17661732
2026-03-25 14:40:34,17715624
2026-03-25 14:41:26,17632289
2026-03-25 14:42:23,17559746
2026-03-25 14:43:18,17613737
2026-03-25 14:44:10,17605853
2026-03-25 14:45:06,17661025
2026-03-25 14:45:58,17630586
2026-03-25 14:46:54,17712506
2026-03-25 14:47:46,17722777
2026-03-25 14:48:38,17707709
2026-03-25 14:49:33,17643753
2026-03-25 14:50:26,17681193
2026-03-25 14:51:20,17685784
2026-03-25 14:52:15,17769482
2026-03-25 14:53:07,17754643
2026-03-25 14:54:07,17684927
2026-03-25 14:55:04,17642076
2026-03-25 14:55:59,17663623
2026-03-25 14:56:51,17682592
2026-03-25 14:57:43,17658540
2026-03-25 14:58:38,17742165
2026-03-25 14:59:30,17699747
2026-03-25 15:00:25,17669013
2026-03-25 15:01:21,17723001
2026-03-25 15:02:13,17701474
2026-03-25 15:03:05,17684785
2026-03-25 15:04:03,17666119
2026-03-25 15:04:58,17634182
2026-03-25 15:05:52,17639672
2026-03-25 15:06:44,17668508
2026-03-25 15:07:39,17684073
2026-03-25 15:08:35,17686768
2026-03-25 15:09:30,17679491
2026-03-25 15:10:23,17656947
2026-03-25 15:11:19,17579805
2026-03-25 15:12:11,17598460
2026-03-25 15:13:07,17586832
2026-03-25 15:13:59,17659731
2026-03-25 15:14:50,17665819
2026-03-25 15:15:46,17682988
2026-03-25 15:16:39,17658439
2026-03-25 15:17:34,17709812
2026-03-25 15:18:30,17744353
2026-03-25 15:19:26,17745500
2026-03-25 15:20:19,17683479
2026-03-25 15:21:12,17683479
2026-03-25 15:22:08,17683479
2026-03-25 15:23:04,17683479
2026-03-25 15:23:56,17683479
2026-03-25 15:24:48,17683479
2026-03-25 15:25:43,17683479
2026-03-25 15:26:38,17683479
2026-03-25 15:27:30,17683479
2026-03-25 15:28:26,17683479
2026-03-25 15:29:17,17683479
2026-03-25 15:30:09,17683479
2026-03-25 15:31:04,17721694
2026-03-25 15:31:56,17721694
2026-03-25 15:32:48,17721694
2026-03-25 15:33:43,17721694
2026-03-25 15:34:35,17721694
2026-03-25 15:35:27,17721694
2026-03-25 15:36:19,17721694
2026-03-25 15:37:11,17721694
2026-03-25 15:38:04,17721694
2026-03-25 15:38:56,17721694
2026-03-25 15:39:48,17721694
2026-03-25 15:40:41,17728090
2026-03-25 15:41:36,17692161
2026-03-25 15:42:32,17708318
2026-03-25 15:43:24,17737161
2026-03-25 15:44:16,17731772
2026-03-25 15:45:08,17754317
2026-03-25 15:46:03,17788447
2026-03-25 15:47:03,17782959
2026-03-25 15:47:59,17766811
2026-03-25 15:48:51,17768608
2026-03-25 15:49:43,17777580
2026-03-25 15:50:36,17769496
2026-03-25 15:51:32,17767710
2026-03-25 15:52:24,17773099
2026-03-25 15:53:16,17764915
2026-03-25 15:54:08,17755933
2026-03-25 15:55:03,17756931
2026-03-25 15:55:59,17724497
2026-03-25 15:56:51,17722700
2026-03-25 15:57:43,17735373
2026-03-25 15:58:35,17711123
2026-03-25 15:59:27,17676203
2026-03-25 16:00:19,17706633
2026-03-25 16:01:16,17716613
2026-03-25 16:02:08,17721204
2026-03-25 16:03:03,17752540
2026-03-25 16:03:59,17731083
2026-03-25 16:04:51,17753637
2026-03-25 16:05:43,17749246
2026-03-25 16:06:35,17742960
2026-03-25 16:07:28,17737470
2026-03-25 16:08:20,17736472
2026-03-25 16:09:12,17707830
2026-03-25 16:10:04,17705035
2026-03-25 16:10:56,17682590
2026-03-25 16:11:53,17705834
2026-03-25 16:12:45,17688777
2026-03-25 16:13:39,17685983
2026-03-25 16:14:36,17708428
2026-03-25 16:15:28,17713818
2026-03-25 16:16:20,17719207
2026-03-25 16:17:11,17720205
2026-03-25 16:18:03,17751531
2026-03-25 16:18:55,17741760
2026-03-25 16:19:47,17739066
2026-03-25 16:20:41,17748947
2026-03-25 16:21:33,17744455
2026-03-25 16:22:25,17720205
2026-03-25 16:23:17,17710626
2026-03-25 16:24:09,17707931
2026-03-25 16:25:04,17712212
2026-03-25 16:26:03,17678100
2026-03-25 16:27:07,17709417
2026-03-25 16:27:59,17709417
2026-03-25 16:28:51,17686872
2026-03-25 16:29:43,17686872
2026-03-25 16:30:35,17685175
2026-03-25 16:31:32,17692961
2026-03-25 16:32:24,17697251
2026-03-25 16:33:16,17666613
2026-03-25 16:34:08,17706931
2026-03-25 16:35:07,17697749
2026-03-25 16:35:59,17669706
2026-03-25 16:36:51,17688877
2026-03-25 16:37:43,17690573
2026-03-25 16:38:35,17664616
2026-03-25 16:39:27,17691672
2026-03-25 16:40:19,17666424
2026-03-25 16:41:16,17691672
2026-03-25 16:42:08,17693369
2026-03-25 16:43:06,17665525
2026-03-25 16:43:58,17665525
2026-03-25 16:44:50,17690773
2026-03-25 16:45:42,17692771
2026-03-25 16:46:34,17672013
2026-03-25 16:47:26,17672901
2026-03-25 16:48:18,17699946
2026-03-25 16:49:10,17673001
2026-03-25 16:50:04,17726992
2026-03-25 16:50:59,17697360
2026-03-25 16:51:56,17726992
2026-03-25 16:52:48,17695565
2026-03-25 16:53:39,17697360
2026-03-25 16:54:31,17664927
2026-03-25 16:55:23,17697262
2026-03-25 16:56:15,17697262
2026-03-25 16:57:07,17692870
2026-03-25 16:57:59,17690175
2026-03-25 16:58:51,17710925
2026-03-25 16:59:43,17709227
2026-03-25 17:00:35,17737770
2026-03-25 17:01:32,17701942
2026-03-25 17:02:24,17702842
2026-03-25 17:03:16,17700147
2026-03-25 17:04:11,17700147
2026-03-25 17:05:07,17729787
2026-03-25 17:05:59,17756734
2026-03-25 17:06:51,17738657
2026-03-25 17:07:45,17763908
2026-03-25 17:08:42,17783659
2026-03-25 17:09:34,17783548
2026-03-25 17:10:27,17808799
2026-03-25 17:11:23,17815885
2026-03-25 17:12:15,17820276
2026-03-25 17:13:07,17817582
2026-03-25 17:13:59,17815785
2026-03-25 17:14:51,17844527
2026-03-25 17:15:43,17875864
2026-03-25 17:16:35,17909885
2026-03-25 17:17:27,17917070
2026-03-25 17:18:19,17948409
2026-03-25 17:19:11,17955592
2026-03-25 17:20:03,17934833
2026-03-25 17:20:56,17897320
2026-03-25 17:21:52,17870174
2026-03-25 17:22:44,17905205
2026-03-25 17:23:36,17920463
2026-03-25 17:24:28,17929545
2026-03-25 17:25:20,17900913
2026-03-25 17:26:12,17877458
2026-03-25 17:27:04,17873066
2026-03-25 17:27:55,17852209
2026-03-25 17:28:47,17840635
2026-03-25 17:29:39,17814684
2026-03-25 17:30:34,17873966
2026-03-25 17:31:26,17898218
2026-03-25 17:32:18,17915274
2026-03-25 17:33:10,17895523
2026-03-25 17:34:05,17922458
2026-03-25 17:35:04,17919664
2026-03-25 17:36:04,17919664
2026-03-25 17:37:03,17836144
2026-03-25 17:37:59,17837940
2026-03-25 17:38:51,17816481
2026-03-25 17:39:43,17845125
2026-03-25 17:40:36,17870373
2026-03-25 17:41:32,17894527
2026-03-25 17:42:24,17891832
2026-03-25 17:43:16,17894527
2026-03-25 17:44:08,17897320
2026-03-25 17:45:03,17901710
2026-03-25 17:45:59,17901710
2026-03-25 17:46:51,17873066
2026-03-25 17:47:43,17901710
2026-03-25 17:48:35,17881950
2026-03-25 17:49:27,17917080
2026-03-25 17:50:20,17891930
2026-03-25 17:51:16,17889136
2026-03-25 17:52:08,17881950
2026-03-25 17:53:03,17882948
2026-03-25 17:53:59,17850612
2026-03-25 17:54:51,17856801
2026-03-25 17:55:43,17882051
2026-03-25 17:56:35,17897221
2026-03-25 17:57:27,17921471
2026-03-25 17:58:19,17919674
2026-03-25 17:59:11,17884645
2026-03-25 18:00:03,17888337
2026-03-25 18:00:56,17898219
2026-03-25 18:01:52,17903708
2026-03-25 18:02:44,17923568
2026-03-25 18:03:36,17923468
2026-03-25 18:04:28,17919077
2026-03-25 18:05:20,17918179
2026-03-25 18:06:12,17909994
2026-03-25 18:07:04,17934247
2026-03-25 18:07:56,17938738
2026-03-25 18:08:48,17938738
2026-03-25 18:09:40,17945923
2026-03-25 18:10:34,17944127
2026-03-25 18:11:26,17921671
2026-03-25 18:12:18,17945823
2026-03-25 18:13:10,17948618
2026-03-25 18:14:05,17967369
2026-03-25 18:15:04,17969165
2026-03-25 18:16:03,17960982
2026-03-25 18:17:03,17961880
2026-03-25 18:17:59,17961880
2026-03-25 18:18:51,17929556
2026-03-25 18:19:43,17927859
2026-03-25 18:20:36,17935044
2026-03-25 18:21:33,17939436
2026-03-25 18:22:28,17933348
2026-03-25 18:23:19,17933248
2026-03-25 18:24:11,17935044
2026-03-25 18:25:03,17937739
2026-03-25 18:25:55,17916181
2026-03-25 18:26:47,17945823
2026-03-25 18:27:39,17921571
2026-03-25 18:28:31,17890135
2026-03-25 18:29:23,17890235
2026-03-25 18:30:18,17915484
2026-03-25 18:31:10,17918179
2026-03-25 18:32:04,17894726
2026-03-25 18:32:56,17866083
2026-03-25 18:33:48,17867779
2026-03-25 18:34:40,17866083
2026-03-25 18:35:32,17888638
2026-03-25 18:36:24,17885944
2026-03-25 18:37:16,17892131
2026-03-25 18:38:08,17889436
2026-03-25 18:39:03,17911891
2026-03-25 18:39:59,17916282
2026-03-25 18:40:52,17884946
2026-03-25 18:41:48,17911891
2026-03-25 18:42:40,17882251
2026-03-25 18:43:32,17884946
2026-03-25 18:44:24,17909096
2026-03-25 18:45:16,17870473
2026-03-25 18:46:08,17868777
2026-03-25 18:47:03,17899216
2026-03-25 18:47:58,17890333
2026-03-25 18:48:54,17888636
2026-03-25 18:49:46,17891432
2026-03-25 18:50:41,17892329
2026-03-25 18:51:33,17862789
2026-03-25 18:52:25,17882547
2026-03-25 18:53:17,17861792
2026-03-25 18:54:09,17888038
2026-03-25 18:55:03,17856701
2026-03-25 18:56:03,17828758
2026-03-25 18:56:59,17856701
2026-03-25 18:57:51,17840433
2026-03-25 18:58:43,17861192
2026-03-25 18:59:35,17869076
2026-03-25 19:00:28,17841134
2026-03-25 19:01:25,17860895
2026-03-25 19:02:17,17843528
2026-03-25 19:03:09,17897420
2026-03-25 19:04:03,17894726
2026-03-25 19:05:03,17900912
2026-03-25 19:06:07,17894625
2026-03-25 19:06:59,17894625
2026-03-25 19:07:51,17895624
2026-03-25 19:08:43,17873068
2026-03-25 19:09:35,17908097
2026-03-25 19:10:28,17908097
2026-03-25 19:11:24,17871172
2026-03-25 19:12:16,17871172
2026-03-25 19:13:08,17897118
2026-03-25 19:14:03,17870173
2026-03-25 19:14:59,17897219
2026-03-25 19:15:51,17899914
2026-03-25 19:16:43,17935743
2026-03-25 19:17:35,17931352
2026-03-25 19:18:27,17934047
2026-03-25 19:19:19,17934047
2026-03-25 19:20:11,17914285
2026-03-25 19:21:04,17936741
2026-03-25 19:22:03,17941132
2026-03-25 19:23:07,17939436
2026-03-25 19:23:59,17929655
2026-03-25 19:24:51,17935843
2026-03-25 19:25:43,17935843
2026-03-25 19:26:35,17900713
2026-03-25 19:27:27,17931154
2026-03-25 19:28:19,17909595
2026-03-25 19:29:11,17939237
2026-03-25 19:30:05,17942630
2026-03-25 19:31:07,17937140
2026-03-25 19:31:59,17940635
2026-03-25 19:32:51,17906502
2026-03-25 19:33:43,17936243
2026-03-25 19:34:35,17929856
2026-03-25 19:35:27,17934346
2026-03-25 19:36:22,17941732
2026-03-25 19:37:14,17913786
2026-03-25 19:38:06,17916481
2026-03-25 19:38:57,17947920
2026-03-25 19:39:49,17925464
2026-03-25 19:40:42,17918278
2026-03-25 19:41:39,17922769
2026-03-25 19:42:31,17954108
2026-03-25 19:43:23,17956801
2026-03-25 19:44:15,17955104
2026-03-25 19:45:07,17957799
2026-03-25 19:45:59,17958798
2026-03-25 19:46:50,17940722
2026-03-25 19:47:42,17911991
2026-03-25 19:48:34,17920165
2026-03-25 19:49:26,17923558
2026-03-25 19:50:19,17953296
2026-03-25 19:51:15,17933438
2026-03-25 19:52:07,17940624
2026-03-25 19:52:59,17964875
2026-03-25 19:53:51,17963178
2026-03-25 19:54:46,17960483
2026-03-25 19:55:42,17992920
2026-03-25 19:56:34,18019855
2026-03-25 19:57:26,18002001
2026-03-25 19:58:18,17978049
2026-03-25 19:59:10,17969875
2026-03-26 08:00:06,17562195
2026-03-26 08:00:58,17602904
2026-03-26 08:01:53,17431478
2026-03-26 08:02:45,17366109
2026-03-26 08:03:40,17326799
2026-03-26 08:04:35,17155461
2026-03-26 08:05:28,17133717
2026-03-26 08:06:23,17104873
2026-03-26 08:07:18,17132518
2026-03-26 08:08:10,17076739
2026-03-26 08:09:05,17008287
2026-03-26 08:09:57,17020662
2026-03-26 08:10:50,17026402
2026-03-26 08:11:45,17037969
2026-03-26 08:12:37,17110912
2026-03-26 08:13:32,17087759
2026-03-26 08:14:24,17037180
2026-03-26 08:15:16,17009135
2026-03-26 08:16:12,17044964
2026-03-26 08:17:04,17125273
2026-03-26 08:17:56,17119484
2026-03-26 08:18:48,17096043
2026-03-26 08:19:43,17048648
2026-03-26 08:20:35,16992990
2026-03-26 08:21:32,17021620
2026-03-26 08:22:27,16985667
2026-03-26 08:23:19,16971796
2026-03-26 08:24:11,17001924
2026-03-26 08:25:06,17006424
2026-03-26 08:26:04,17018291
2026-03-26 08:27:03,16941854
2026-03-26 08:27:59,17006213
2026-03-26 08:28:55,17052212
2026-03-26 08:29:47,17091845
2026-03-26 08:30:40,17074579
2026-03-26 08:31:36,17091334
2026-03-26 08:32:28,17079459
2026-03-26 08:33:24,17078472
2026-03-26 08:34:16,17093242
2026-03-26 08:35:08,17091544
2026-03-26 08:36:03,17068500
2026-03-26 08:36:58,17064208
2026-03-26 08:37:50,17096333
2026-03-26 08:38:42,17060406
2026-03-26 08:39:37,17022791
2026-03-26 08:40:30,17017391
2026-03-26 08:41:27,16983071
2026-03-26 08:42:22,17018281
2026-03-26 08:43:17,17052801
2026-03-26 08:44:09,17043022
2026-03-26 08:45:04,16987272
2026-03-26 08:45:59,16894151
2026-03-26 08:46:55,16923790
2026-03-26 08:47:47,16862124
2026-03-26 08:48:42,16879091
2026-03-26 08:49:34,16857842
2026-03-26 09:10:58,16692638
2026-03-26 09:11:54,16554005
2026-03-26 09:12:47,16455716
2026-03-26 09:13:41,16302224
2026-03-26 09:14:35,16663031
2026-03-26 09:15:30,16853115
2026-03-26 09:16:24,16833151
2026-03-26 09:17:17,16891264
2026-03-26 09:18:12,16796004
2026-03-26 09:19:06,16818169
2026-03-26 09:19:59,16789307
2026-03-26 09:20:55,16847295
2026-03-26 09:21:52,17001931
2026-03-26 09:22:45,17008045
2026-03-26 09:23:39,17087334
2026-03-26 09:24:34,16993684
2026-03-26 09:25:28,16891423
2026-03-26 09:26:21,16842032
2026-03-26 09:27:15,16954481
2026-03-26 09:28:10,16950723
2026-03-26 09:29:04,16989367
2026-03-26 09:29:59,16958672
2026-03-26 09:30:54,17117390
2026-03-26 09:31:48,17086312
2026-03-26 09:32:42,16988617
2026-03-26 09:33:35,16986562
2026-03-26 09:34:31,16919416
2026-03-26 09:35:25,16824552
2026-03-26 09:36:20,16786293
2026-03-26 09:37:14,16841483
2026-03-26 09:38:07,16862341
2026-03-26 09:39:03,16786163
2026-03-26 09:39:56,16749631
2026-03-26 09:40:52,16748035
2026-03-26 09:41:46,16699687
2026-03-26 09:42:40,16756538
2026-03-26 09:43:35,16669717
2026-03-26 09:44:28,16694766
2026-03-26 09:45:24,16585874
2026-03-26 09:46:17,16522982
2026-03-26 09:47:11,16478271
2026-03-26 09:48:06,16414158
2026-03-26 09:49:04,16378975
2026-03-26 09:49:59,16422991
2026-03-26 09:50:56,16402876
2026-03-26 09:51:48,16332947
2026-03-26 09:52:40,16343344
2026-03-26 09:53:35,16382159
2026-03-26 09:54:29,16360436
2026-03-26 09:55:23,16315806
2026-03-26 09:56:17,16488456
2026-03-26 09:57:12,16434743
2026-03-26 09:58:06,16468942
2026-03-26 09:59:04,16444253
2026-03-26 09:59:59,16480905
2026-03-26 10:00:51,16473763
2026-03-26 10:01:45,16406026
2026-03-26 10:02:39,16366509
2026-03-26 10:03:33,16311884
2026-03-26 10:04:26,16278860
2026-03-26 10:05:23,16150917
2026-03-26 10:06:16,16135807
2026-03-26 10:07:10,16098462
2026-03-26 10:08:05,16011152
2026-03-26 10:08:58,16046217
2026-03-26 10:09:54,16002903
2026-03-26 10:10:47,16009734
2026-03-26 10:11:43,16021665
2026-03-26 10:12:36,15997294
2026-03-26 10:13:32,16013783
2026-03-26 10:14:26,15880275
2026-03-26 10:15:21,15956272
2026-03-26 10:16:15,16085812
2026-03-26 10:17:09,16100893
2026-03-26 10:18:04,15999366
2026-03-26 10:18:58,15996481
2026-03-26 10:19:51,16073277
2026-03-26 10:20:47,16036730
2026-03-26 10:21:43,15991168
2026-03-26 10:22:37,15952516
2026-03-26 10:23:31,15918183
2026-03-26 10:24:26,15941445
2026-03-26 10:25:20,15817410
2026-03-26 10:26:15,15889087
2026-03-26 10:27:09,15843624
2026-03-26 10:28:06,15818105
2026-03-26 10:28:58,15813613
2026-03-26 10:29:50,15880668
2026-03-26 10:30:42,15843415
2026-03-26 10:31:40,15889821
2026-03-26 10:32:32,15948193
2026-03-26 10:33:24,16000309
2026-03-26 10:34:19,16023629
2026-03-26 10:35:11,15962539
2026-03-26 10:36:03,15970778
2026-03-26 10:36:58,15891726
2026-03-26 10:37:55,15927475
2026-03-26 10:38:47,15748179
2026-03-26 10:39:39,15712647
2026-03-26 10:40:31,15611113
2026-03-26 10:41:24,15671313
2026-03-26 10:42:21,15651532
2026-03-26 10:43:16,15574968
2026-03-26 10:44:08,15537451
2026-03-26 10:45:05,15556327
2026-03-26 10:46:03,15594074
2026-03-26 10:47:03,15543758
2026-03-26 10:47:59,15472607
2026-03-26 10:48:55,15474203
2026-03-26 10:49:47,15524725
2026-03-26 10:50:41,15581129
2026-03-26 10:51:36,15735300
2026-03-26 10:52:33,15587581
2026-03-26 10:53:24,15744126
2026-03-26 10:54:19,15671387
2026-03-26 10:55:13,15420530
2026-03-26 10:56:09,15529737
2026-03-26 10:57:04,15585590
2026-03-26 10:57:59,15501234
2026-03-26 10:58:56,15452111
2026-03-26 10:59:48,15596042
2026-03-26 11:00:42,15577551
2026-03-26 11:01:38,15570551
2026-03-26 11:02:30,15565135
2026-03-26 11:03:25,15485395
2026-03-26 11:04:17,15419628
2026-03-26 11:05:11,15495810
2026-03-26 11:06:05,15401288
2026-03-26 11:07:03,15456997
2026-03-26 11:08:07,15386747
2026-03-26 11:08:59,15443371
2026-03-26 11:09:56,15469247
2026-03-26 11:10:48,15482547
2026-03-26 11:11:34,15532859
2026-03-26 11:12:30,15498529
2026-03-26 11:13:25,15489548
2026-03-26 11:14:17,15796506
2026-03-26 11:15:09,15911491
2026-03-26 11:16:05,15817988
2026-03-26 11:16:57,16162029
2026-03-26 11:17:49,16079270
2026-03-26 11:18:41,15927320
2026-03-26 11:19:36,15914099
2026-03-26 11:20:29,16108136
2026-03-26 11:21:23,15954640
2026-03-26 11:22:19,15992914
2026-03-26 11:23:15,15943137
2026-03-26 11:24:08,15970458
2026-03-26 11:25:03,15818632
2026-03-26 11:25:56,15846334
2026-03-26 11:26:53,15742303
2026-03-26 11:27:48,15699429
2026-03-26 11:28:44,15523322
2026-03-26 11:29:36,15587035
2026-03-26 11:30:29,15542809
2026-03-26 11:31:23,15965446
2026-03-26 11:32:21,16203698
2026-03-26 11:33:16,16226471
2026-03-26 11:34:11,16302655
2026-03-26 11:35:06,16269722
2026-03-26 11:35:59,16484551
2026-03-26 11:36:54,16195674
2026-03-26 11:37:47,16155376
2026-03-26 11:38:39,16180903
2026-03-26 11:39:30,16221224
2026-03-26 11:40:23,16165320
2026-03-26 11:41:16,16194511
2026-03-26 11:42:12,16213353
2026-03-26 11:43:07,16216548
2026-03-26 11:43:59,16203434
2026-03-26 11:44:51,16214336
2026-03-26 11:45:44,16240051
2026-03-26 11:46:36,16316247
2026-03-26 11:47:32,16290525
2026-03-26 11:48:25,16243179
2026-03-26 11:49:19,16276277
2026-03-26 11:50:19,16218603
2026-03-26 11:51:12,16168130
2026-03-26 11:52:07,16182550
2026-03-26 11:53:03,16163873
2026-03-26 11:53:55,16200888
2026-03-26 11:54:50,16170733
2026-03-26 11:55:45,16160394
2026-03-26 11:56:37,16084216
2026-03-26 11:57:34,16127296
2026-03-26 11:58:29,16087561
2026-03-26 11:59:21,16091077
2026-03-26 12:00:13,16060192
2026-03-26 12:01:07,16095335
2026-03-26 12:02:03,16106995
2026-03-26 12:03:07,15997699
2026-03-26 12:04:06,16037836
2026-03-26 12:04:58,15983279
2026-03-26 12:05:55,16016204
2026-03-26 12:06:48,16030799
2026-03-26 12:07:44,15975496
2026-03-26 12:08:40,16015231
2026-03-26 12:09:32,15993609
2026-03-26 12:10:25,16014881
2026-03-26 12:11:17,15964417
2026-03-26 12:12:14,15989966
2026-03-26 12:13:09,15968508
2026-03-26 12:14:04,16044158
2026-03-26 12:15:03,16086327
2026-03-26 12:15:58,16093604
2026-03-26 12:16:54,16071607
2026-03-26 12:17:46,16031287
2026-03-26 12:18:42,16071234
2026-03-26 12:19:34,16058694
2026-03-26 12:20:27,15992466
2026-03-26 12:21:21,15998080
2026-03-26 12:22:13,16033060
2026-03-26 12:23:05,16078545
2026-03-26 12:23:57,16085930
2026-03-26 12:24:49,16064297
2026-03-26 12:25:44,16075405
2026-03-26 12:26:38,16105006
2026-03-26 12:27:35,16094277
2026-03-26 12:28:30,16130486
2026-03-26 12:29:22,16101653
2026-03-26 12:30:17,16156393
2026-03-26 12:31:12,16175071
2026-03-26 12:32:09,16212097
2026-03-26 12:33:04,16230598
2026-03-26 12:34:07,16285329
2026-03-26 12:34:59,16311236
2026-03-26 12:35:52,16303850
2026-03-26 12:36:44,16311236
2026-03-26 12:37:39,16376909
2026-03-26 12:38:31,16444203
2026-03-26 12:39:23,16398903
2026-03-26 12:40:16,16444203
2026-03-26 12:41:11,16382611
2026-03-26 12:42:03,16392706
2026-03-26 12:42:58,16358944
2026-03-26 12:43:50,16344697
2026-03-26 12:44:42,16382611
2026-03-26 12:45:35,16406114
2026-03-26 12:46:29,16368190
2026-03-26 12:47:25,16344697
2026-03-26 12:48:17,16359468
2026-03-26 12:49:12,16359293
2026-03-26 12:50:04,16305261
2026-03-26 12:50:59,16305261
2026-03-26 12:51:53,16321379
2026-03-26 12:52:45,16267164
2026-03-26 12:53:37,16256260
2026-03-26 12:54:29,16259952
2026-03-26 12:55:24,16214662
2026-03-26 12:56:19,16221874
2026-03-26 12:57:15,16229084
2026-03-26 12:58:10,16207627
2026-03-26 12:59:05,16314169
2026-03-26 13:00:04,16314169
2026-03-26 13:00:59,16338020
2026-03-26 13:01:51,16276594
2026-03-26 13:02:43,16314344
2026-03-26 13:03:41,16321729
2026-03-26 13:04:34,16352258
2026-03-26 13:05:26,16314169
2026-03-26 13:06:19,16359468
2026-03-26 13:07:14,16352083
2026-03-26 13:08:06,16442691
2026-03-26 13:08:58,16419538
2026-03-26 13:09:53,16522398
2026-03-26 13:10:49,16511494
2026-03-26 13:11:42,16504108
2026-03-26 13:12:34,16473570
2026-03-26 13:13:29,16495541
2026-03-26 13:14:23,16518879
2026-03-26 13:15:20,16511668
2026-03-26 13:16:14,16526254
2026-03-26 13:17:06,16443205
2026-03-26 13:18:05,16435830
2026-03-26 13:19:03,16390705
2026-03-26 13:19:59,16307307
2026-03-26 13:20:51,16307307
2026-03-26 13:21:46,16352607
2026-03-26 13:22:42,16466708
2026-03-26 13:23:38,16469554
2026-03-26 13:24:30,16436004
2026-03-26 13:25:25,16421584
2026-03-26 13:26:21,16445251
2026-03-26 13:27:14,16407337
2026-03-26 13:28:09,16369074
2026-03-26 13:29:04,16383495
2026-03-26 13:30:03,16352791
2026-03-26 13:30:59,16360166
2026-03-26 13:31:55,16329289
2026-03-26 13:32:49,16336664
2026-03-26 13:33:44,16321904
2026-03-26 13:34:36,16276594
2026-03-26 13:35:33,16254613
2026-03-26 13:36:26,16223900
2026-03-26 13:37:21,16196900
2026-03-26 13:38:13,16226580
2026-03-26 13:39:05,16207627
2026-03-26 13:40:03,16184124
2026-03-26 13:40:59,16276245
2026-03-26 13:41:55,16230935
2026-03-26 13:42:50,16196725
2026-03-26 13:43:45,16200417
2026-03-26 13:44:41,16178610
2026-03-26 13:45:33,16209303
2026-03-26 13:46:28,16216873
2026-03-26 13:47:20,16216689
2026-03-26 13:48:11,16193207
2026-03-26 13:49:06,16231285
2026-03-26 13:49:58,16231459
2026-03-26 13:50:52,16193381
2026-03-26 13:51:47,16207802
2026-03-26 13:52:43,16169703
2026-03-26 13:53:38,16139164
2026-03-26 13:54:34,16104594
2026-03-26 13:55:29,16119853
2026-03-26 13:56:25,16124393
2026-03-26 13:57:17,16176738
2026-03-26 13:58:12,16138814
2026-03-26 13:59:04,16048392
2026-03-26 13:59:56,16071885
2026-03-26 14:00:49,16131604
2026-03-26 14:01:45,16147723
2026-03-26 14:02:42,16133475
2026-03-26 14:03:34,16119064
2026-03-26 14:04:30,16102762
2026-03-26 14:05:22,16133475
2026-03-26 14:06:18,16088350
2026-03-26 14:07:13,16057464
2026-03-26 14:08:05,16057290
2026-03-26 14:08:57,16012165
2026-03-26 14:09:52,16048392
2026-03-26 14:10:46,16057115
2026-03-26 14:11:42,16019376
2026-03-26 14:12:34,15973901
2026-03-26 14:13:29,16014147
2026-03-26 14:14:24,16040493
2026-03-26 14:15:16,15973552
2026-03-26 14:16:09,16011476
2026-03-26 14:17:05,15997055
2026-03-26 14:18:05,15944535
2026-03-26 14:19:03,15966166
2026-03-26 14:20:03,16018686
2026-03-26 14:20:59,15999725
2026-03-26 14:21:54,15992339
2026-03-26 14:22:46,15976896
2026-03-26 14:23:38,15958781
2026-03-26 14:24:33,15928077
2026-03-26 14:25:27,15897365
2026-03-26 14:26:23,15885653
2026-03-26 14:27:19,15881072
2026-03-26 14:28:11,15873687
2026-03-26 14:29:03,15888282
2026-03-26 14:29:56,15866486
2026-03-26 14:30:50,15799554
2026-03-26 14:31:47,15799554
2026-03-26 14:32:40,15792519
2026-03-26 14:33:35,15791536
2026-03-26 14:34:27,15777749
2026-03-26 14:35:20,15808627
2026-03-26 14:36:13,15832119
2026-03-26 14:37:10,15899410
2026-03-26 14:38:04,15801775
2026-03-26 14:39:03,15823223
2026-03-26 14:39:58,15808802
2026-03-26 14:40:54,15823223
2026-03-26 14:41:51,15884640
2026-03-26 14:42:46,15816013
2026-03-26 14:43:38,15922554
2026-03-26 14:44:30,15808802
2026-03-26 14:45:26,15763329
2026-03-26 14:46:22,15808453
2026-03-26 14:47:14,15770539
2026-03-26 14:48:06,15744292
2026-03-26 14:49:04,15691947
2026-03-26 14:50:03,15721327
2026-03-26 14:51:04,15722660
2026-03-26 14:51:58,15710360
2026-03-26 14:52:55,15695391
2026-03-26 14:53:47,15623533
2026-03-26 14:54:41,15570670
2026-03-26 14:55:38,15594153
2026-03-26 14:56:34,15617106
2026-03-26 14:57:26,15601901
2026-03-26 14:58:21,15541278
2026-03-26 14:59:13,15533284
2026-03-26 15:00:05,15511114
2026-03-26 15:00:59,15541837
2026-03-26 15:01:55,15481732
2026-03-26 15:02:50,15541837
2026-03-26 15:03:45,15556513
2026-03-26 15:04:37,15541278
2026-03-26 15:05:29,15586942
2026-03-26 15:06:22,15519656
2026-03-26 15:07:17,15518589
2026-03-26 15:08:13,15563997
2026-03-26 15:09:08,15571208
2026-03-26 15:10:04,15541044
2026-03-26 15:11:03,15556796
2026-03-26 15:11:59,15526073
2026-03-26 15:12:54,15556249
2026-03-26 15:13:46,15548489
2026-03-26 15:14:38,15601364
2026-03-26 15:15:30,15601364
2026-03-26 15:16:25,15548489
2026-03-26 15:17:17,15517775
2026-03-26 15:18:09,15594153
2026-03-26 15:19:04,15563997
2026-03-26 15:19:56,15496703
2026-03-26 15:20:50,15541837
2026-03-26 15:21:46,15541837
2026-03-26 15:22:41,15541837
2026-03-26 15:23:38,15541837
2026-03-26 15:24:30,15541837
2026-03-26 15:25:25,15541837
2026-03-26 15:26:20,15541837
2026-03-26 15:27:12,15541837
2026-03-26 15:28:08,15541837
2026-03-26 15:29:03,15541837
2026-03-26 15:29:59,15541837
2026-03-26 15:30:54,15512996
2026-03-26 15:31:46,15512996
2026-03-26 15:32:38,15512996
2026-03-26 15:33:30,15512996
2026-03-26 15:34:26,15512996
2026-03-26 15:35:22,15512996
2026-03-26 15:36:14,15512996
2026-03-26 15:37:09,15512996
2026-03-26 15:38:04,15512996
2026-03-26 15:39:03,15512996
2026-03-26 15:40:03,15618754
2026-03-26 15:40:57,15686618
2026-03-26 15:41:54,15747475
2026-03-26 15:42:49,15747475
2026-03-26 15:43:43,15808344
2026-03-26 15:44:40,15876208
2026-03-26 15:45:32,15838284
2026-03-26 15:46:27,15785399
2026-03-26 15:47:19,15800370
2026-03-26 15:48:11,15838284
2026-03-26 15:49:03,15853243
2026-03-26 15:49:55,15853243
2026-03-26 15:50:49,15906138
2026-03-26 15:51:41,15929081
2026-03-26 15:52:33,15906138
2026-03-26 15:53:25,15929081
2026-03-26 15:54:17,15906138
2026-03-26 15:55:08,15929081
2026-03-26 15:56:03,15929081
2026-03-26 15:57:07,15929081
2026-03-26 15:57:59,15929081
2026-03-26 15:58:51,15891167
2026-03-26 15:59:43,15944052
2026-03-26 16:00:35,15966995
2026-03-26 16:01:31,15966995
2026-03-26 16:02:23,15989960
2026-03-26 16:03:15,15989960
2026-03-26 16:04:07,15952036
2026-03-26 16:04:59,15989960
2026-03-26 16:05:51,15989960
2026-03-26 16:06:43,15966995
2026-03-26 16:07:35,15891167
2026-03-26 16:08:27,15929081
2026-03-26 16:09:18,15876208
2026-03-26 16:10:10,15876208
2026-03-26 16:11:03,15853243
2026-03-26 16:11:59,15891167
2026-03-26 16:12:51,15853243
2026-03-26 16:13:43,15891167
2026-03-26 16:14:35,15853243
2026-03-26 16:15:30,15838284
2026-03-26 16:16:26,15838284
2026-03-26 16:17:21,15838284
2026-03-26 16:18:17,15861237
2026-03-26 16:19:09,15823313
2026-03-26 16:20:04,15876208
2026-03-26 16:20:58,15861237
2026-03-26 16:21:54,15846268
2026-03-26 16:22:46,15861237
2026-03-26 16:23:38,15823313
2026-03-26 16:24:33,15823313
2026-03-26 16:25:29,15861237
2026-03-26 16:26:21,15876208
2026-03-26 16:27:13,15899151
2026-03-26 16:28:07,15914122
2026-03-26 16:29:04,15876208
2026-03-26 16:29:58,15914122
2026-03-26 16:30:52,15914122
2026-03-26 16:31:47,15861237
2026-03-26 16:32:43,15899151
2026-03-26 16:33:38,15861237
2026-03-26 16:34:34,15899151
2026-03-26 16:35:26,15899151
2026-03-26 16:36:18,15899151
2026-03-26 16:37:13,15914122
2026-03-26 16:38:09,15876208
2026-03-26 16:39:04,15914122
2026-03-26 16:40:03,15929081
2026-03-26 16:40:57,15891167
2026-03-26 16:41:54,15891167
2026-03-26 16:42:46,15876208
2026-03-26 16:43:38,15876208
2026-03-26 16:44:30,15823313
2026-03-26 16:45:21,15823313
2026-03-26 16:46:13,15838284
2026-03-26 16:47:07,15861237
2026-03-26 16:48:03,15861237
2026-03-26 16:48:55,15861237
2026-03-26 16:49:47,15838284
2026-03-26 16:50:42,15785399
2026-03-26 16:51:36,15785399
2026-03-26 16:52:33,15770430
2026-03-26 16:53:25,15823313
2026-03-26 16:54:17,15785399
2026-03-26 16:55:08,15785399
2026-03-26 16:56:03,15785399
2026-03-26 16:57:03,15823313
2026-03-26 16:57:59,15800370
2026-03-26 16:58:51,15770430
2026-03-26 16:59:43,15785399
2026-03-26 17:00:35,15785399
2026-03-26 17:01:32,15785399
2026-03-26 17:02:26,15785399
2026-03-26 17:03:23,15732506
2026-03-26 17:04:15,15732506
2026-03-26 17:05:09,15747475
2026-03-26 17:06:06,15785399
2026-03-26 17:06:58,15777405
2026-03-26 17:07:52,15724532
2026-03-26 17:08:49,15762446
2026-03-26 17:09:41,15709561
2026-03-26 17:10:33,15724532
2026-03-26 17:11:30,15724532
2026-03-26 17:12:22,15709561
2026-03-26 17:13:13,15709561
2026-03-26 17:14:05,15709561
2026-03-26 17:14:57,15671647
2026-03-26 17:15:52,15709561
2026-03-26 17:16:44,15686618
2026-03-26 17:17:36,15671647
2026-03-26 17:18:28,15671647
2026-03-26 17:19:20,15671647
2026-03-26 17:20:12,15671647
2026-03-26 17:21:04,15671647
2026-03-26 17:22:03,15671647
2026-03-26 17:23:07,15656678
2026-03-26 17:23:59,15671647
2026-03-26 17:24:51,15671647
2026-03-26 17:25:43,15671647
2026-03-26 17:26:35,15671647
2026-03-26 17:27:27,15671647
2026-03-26 17:28:19,15633723
2026-03-26 17:29:10,15648694
2026-03-26 17:30:07,15633723
2026-03-26 17:31:05,15671647
2026-03-26 17:32:05,15618754
2026-03-26 17:32:57,15580830
2026-03-26 17:33:52,15580830
2026-03-26 17:34:44,15618754
2026-03-26 17:35:36,15618754
2026-03-26 17:36:32,15618754
2026-03-26 17:37:28,15565859
2026-03-26 17:38:20,15565859
2026-03-26 17:39:12,15550900
2026-03-26 17:40:07,15550900
2026-03-26 17:41:04,15550900
2026-03-26 17:42:04,15550900
2026-03-26 17:42:59,15565859
2026-03-26 17:43:56,15588824
2026-03-26 17:44:48,15603783
2026-03-26 17:45:43,15603783
2026-03-26 17:46:38,15603783
2026-03-26 17:47:30,15588824
2026-03-26 17:48:21,15550900
2026-03-26 17:49:16,15573853
2026-03-26 17:50:11,15535929
2026-03-26 17:51:06,15558884
2026-03-26 17:52:04,15520960
2026-03-26 17:53:03,15520960
2026-03-26 17:53:59,15505989
2026-03-26 17:54:54,15520960
2026-03-26 17:55:49,15520960
2026-03-26 17:56:44,15520960
2026-03-26 17:57:36,15558884
2026-03-26 17:58:31,15520960
2026-03-26 17:59:26,15520960
2026-03-26 18:00:20,15520960
2026-03-26 18:01:15,15520960
2026-03-26 18:02:07,15468085
2026-03-26 18:02:59,15476059
2026-03-26 18:03:54,15438155
2026-03-26 18:04:46,15438155
2026-03-26 18:05:38,15453116
2026-03-26 18:06:31,15491020
2026-03-26 18:07:28,15505989
2026-03-26 18:08:20,15505989
2026-03-26 18:09:12,15505989
2026-03-26 18:10:07,15505989
2026-03-26 18:11:05,15483056
2026-03-26 18:11:57,15520960
2026-03-26 18:12:52,15505989
2026-03-26 18:13:47,15491020
2026-03-26 18:14:39,15491020
2026-03-26 18:15:31,15491020
2026-03-26 18:16:26,15491020
2026-03-26 18:17:18,15491020
2026-03-26 18:18:10,15476059
2026-03-26 18:19:05,15476059
2026-03-26 18:19:59,15491020
2026-03-26 18:20:54,15453116
2026-03-26 18:21:46,15491020
2026-03-26 18:22:41,15491020
2026-03-26 18:23:33,15491020
2026-03-26 18:24:25,15476059
2026-03-26 18:25:20,15491020
2026-03-26 18:26:16,15491020
2026-03-26 18:27:07,15476059
2026-03-26 18:28:03,15491020
2026-03-26 18:28:58,15491020
2026-03-26 18:29:53,15453116
2026-03-26 18:30:46,15491020
2026-03-26 18:31:41,15476059
2026-03-26 18:32:33,15461090
2026-03-26 18:33:25,15408215
2026-03-26 18:34:20,15431150
2026-03-26 18:35:12,15416189
2026-03-26 18:36:07,15393246
2026-03-26 18:37:04,15431150
2026-03-26 18:38:04,15431150
2026-03-26 18:39:03,15431150
2026-03-26 18:39:58,15461090
2026-03-26 18:40:56,15461090
2026-03-26 18:41:50,15461090
2026-03-26 18:42:47,15408215
2026-03-26 18:43:39,15393246
2026-03-26 18:44:30,15446119
2026-03-26 18:45:26,15431150
2026-03-26 18:46:20,15431150
2026-03-26 18:47:17,15378285
2026-03-26 18:48:11,15431150
2026-03-26 18:49:06,15416189
2026-03-26 18:50:03,15378285
2026-03-26 18:50:56,15416189
2026-03-26 18:51:51,15416189
2026-03-26 18:52:47,15416189
2026-03-26 18:53:39,15416189
2026-03-26 18:54:34,15416189
2026-03-26 18:55:29,15416189
2026-03-26 18:56:24,15401220
2026-03-26 18:57:16,15363316
2026-03-26 18:58:10,15416189
2026-03-26 18:59:05,15416189
2026-03-26 19:00:04,15416189
2026-03-26 19:00:59,15378285
2026-03-26 19:01:51,15363316
2026-03-26 19:02:43,15378285
2026-03-26 19:03:38,15401220
2026-03-26 19:04:30,15363316
2026-03-26 19:05:21,15386249
2026-03-26 19:06:16,15401220
2026-03-26 19:07:11,15401220
2026-03-26 19:08:06,15348345
2026-03-26 19:09:05,15348345
2026-03-26 19:10:04,15348345
2026-03-26 19:10:57,15348345
2026-03-26 19:11:49,15310421
2026-03-26 19:12:44,15363316
2026-03-26 19:13:39,15348345
2026-03-26 19:14:31,15325392
2026-03-26 19:15:25,15363316
2026-03-26 19:16:21,15401220
2026-03-26 19:17:17,15393246
2026-03-26 19:18:11,15408215
2026-03-26 19:19:08,15423186
2026-03-26 19:20:03,15423186
2026-03-26 19:20:57,15438155
2026-03-26 19:21:52,15461090
2026-03-26 19:22:48,15423186
2026-03-26 19:23:43,15438155
2026-03-26 19:24:40,15423186
2026-03-26 19:25:34,15408215
2026-03-26 19:26:29,15408215
2026-03-26 19:27:21,15408215
2026-03-26 19:28:16,15408215
2026-03-26 19:29:08,15370291
2026-03-26 19:30:04,15393246
2026-03-26 19:30:57,15393246
2026-03-26 19:31:49,15393246
2026-03-26 19:32:41,15393246
2026-03-26 19:33:33,15408215
2026-03-26 19:34:28,15446119
2026-03-26 19:35:19,15446119
2026-03-26 19:36:14,15461090
2026-03-26 19:37:09,15461090
2026-03-26 19:38:04,15461090
2026-03-26 19:39:03,15513983
2026-03-26 19:39:58,15499014
2026-03-26 19:40:55,15513983
2026-03-26 19:41:47,15513983
2026-03-26 19:42:42,15513983
2026-03-26 19:43:34,15528944
2026-03-26 19:44:26,15499014
2026-03-26 19:45:21,15476059
2026-03-26 19:46:16,15499014
2026-03-26 19:47:10,15499014
2026-03-26 19:48:07,15484043
2026-03-26 19:49:05,15521967
2026-03-26 19:50:04,15521967
2026-03-26 19:50:58,15521967
2026-03-26 19:51:53,15521967
2026-03-26 19:52:48,15521967
2026-03-26 19:53:44,15521967
2026-03-26 19:54:36,15536938
2026-03-26 19:55:31,15499014
2026-03-26 19:56:26,15536938
2026-03-26 19:57:18,15499014
2026-03-26 19:58:13,15499014
2026-03-26 19:59:05,15484043
2026-03-26 19:59:56,15484043
2026-03-27 08:07:34,13416597
2026-03-27 08:08:26,13409612
2026-03-27 08:09:22,13371698
2026-03-27 08:10:18,13431568
2026-03-27 08:11:12,13499412
2026-03-27 08:12:06,13507406
2026-03-27 08:13:04,13575250
2026-03-27 08:13:59,13640788
2026-03-27 08:14:53,13713633
2026-03-27 08:15:47,13771515
2026-03-27 08:16:41,13799451
2026-03-27 08:17:36,13887253
2026-03-27 08:18:29,13840368
2026-03-27 08:19:23,13698662
2026-03-27 08:20:18,13642794
2026-03-27 08:21:12,13599879
2026-03-27 08:22:07,13700658
2026-03-27 08:23:04,13743563
2026-03-27 08:24:07,13743563
2026-03-27 08:25:03,13657755
2026-03-27 08:25:59,13657755
2026-03-27 08:26:51,13556976
2026-03-27 08:27:47,13529032
2026-03-27 08:28:40,13486119
2026-03-27 08:29:35,13486119
2026-03-27 08:30:31,13499102
2026-03-27 08:31:25,13527036
2026-03-27 08:32:20,13527036
2026-03-27 08:33:14,13569939
2026-03-27 08:34:07,13627825
2026-03-27 08:35:05,13655757
2026-03-27 08:35:59,13713633
2026-03-27 08:36:53,13784480
2026-03-27 08:37:48,13814420
2026-03-27 08:38:41,13756546
2026-03-27 08:39:35,13728602
2026-03-27 08:40:31,13657755
2026-03-27 08:41:26,13715627
2026-03-27 08:42:20,13788472
2026-03-27 08:43:15,13904220
2026-03-27 08:44:09,13917193
2026-03-27 08:45:04,13859321
2026-03-27 08:45:50,13960108
2026-03-27 08:46:44,13887253
2026-03-27 08:47:38,13844350
2026-03-27 08:48:33,13801445
2026-03-27 08:49:26,13801445
2026-03-27 08:49:27,13801445
2026-03-27 09:01:08,13821457
2026-03-27 09:02:04,13763033
2026-03-27 09:02:57,13685430
2026-03-27 09:03:55,13726273
2026-03-27 09:04:49,13943237
2026-03-27 09:05:44,13989481
2026-03-27 09:06:39,13930693
2026-03-27 09:07:35,13780642
2026-03-27 09:08:32,13865426
2026-03-27 09:09:26,13819603
2026-03-27 09:10:20,13674335
2026-03-27 09:11:14,13547899
2026-03-27 09:12:09,13562429
2026-03-27 09:12:23,13577185
2026-03-27 09:13:17,13589514
2026-03-27 09:13:40,13553088
2026-03-27 09:14:33,13517315
2026-03-27 09:15:29,13386168
2026-03-27 09:16:23,13313753
2026-03-27 09:17:19,13298782
2026-03-27 09:17:31,13342834
2026-03-27 09:18:12,13373698
2026-03-27 09:18:25,13417020
2026-03-27 09:18:48,13473338
2026-03-27 09:19:05,13517593
2026-03-27 09:19:58,13372549
2026-03-27 09:20:54,13547737
2026-03-27 09:21:51,13589514
2026-03-27 09:22:45,13459709
2026-03-27 09:23:38,13342405
2026-03-27 09:24:33,13262161
2026-03-27 09:25:27,13311542
2026-03-27 09:26:21,13210980
2026-03-27 09:27:14,13313966
2026-03-27 09:28:11,13226164
2026-03-27 09:29:04,13232866
2026-03-27 09:30:04,13195300
2026-03-27 09:31:03,13413608
2026-03-27 09:31:58,13340988
2026-03-27 09:32:52,13456316
2026-03-27 09:33:46,13521462
2026-03-27 09:34:41,13390167
2026-03-27 09:35:33,13326017
2026-03-27 09:36:28,13231515
2026-03-27 09:37:21,13252744
2026-03-27 09:38:16,13223021
2026-03-27 09:39:10,13165145
2026-03-27 09:40:05,13149252
2026-03-27 09:41:04,13134281
2026-03-27 09:41:59,13105919
2026-03-27 09:42:53,13041773
2026-03-27 09:43:48,12931578
2026-03-27 09:44:42,12843279
2026-03-27 09:45:36,12829664
2026-03-27 09:46:31,12872780
2026-03-27 09:47:25,12772003
2026-03-27 09:47:35,12786972
2026-03-27 09:48:19,12773356
2026-03-27 09:49:15,12758395
2026-03-27 09:50:09,12751694
2026-03-27 09:51:06,12804209
2026-03-27 09:51:59,12907281
2026-03-27 09:52:53,12876419
2026-03-27 09:53:48,12951538
2026-03-27 09:54:42,12760671
2026-03-27 09:55:36,12701875
2026-03-27 09:56:30,12802857
2026-03-27 09:57:25,12860739
2026-03-27 09:58:19,12774921
2026-03-27 09:58:53,12730235
2026-03-27 09:59:14,12687332
2026-03-27 09:59:47,12585406
2026-03-27 10:00:07,12628526
2026-03-27 10:00:43,12643495
2026-03-27 10:08:23,12699105
2026-03-27 10:09:19,12742010
2026-03-27 10:31:40,13476276
2026-03-27 10:32:35,13562534
2026-03-27 10:33:30,13562534
2026-03-27 10:34:22,13663321
2026-03-27 10:35:18,13560753
2026-03-27 10:36:13,13534160
2026-03-27 10:37:08,13419057
2026-03-27 10:38:03,13403873
2026-03-27 10:38:58,13491032
2026-03-27 10:39:50,13433373
2026-03-27 10:40:43,13448342
2026-03-27 10:41:35,13478069
2026-03-27 10:42:30,13565871
2026-03-27 10:43:13,13637150
2026-03-27 10:44:06,13462710
2026-03-27 10:45:06,13549096
2026-03-27 10:46:03,13487835
2026-03-27 10:46:58,13440403
2026-03-27 10:47:52,13482449
2026-03-27 10:48:46,13359935
2026-03-27 10:49:40,13357939
2026-03-27 10:50:36,13300055
2026-03-27 10:51:30,13265459
2026-03-27 10:52:24,13134918
2026-03-27 10:53:19,13104988
2026-03-27 10:54:13,13060241
2026-03-27 10:55:07,13094815
2026-03-28 08:00:41,13391826
2026-03-28 08:01:31,13391826
2026-03-28 08:02:22,13391826
2026-03-28 08:03:12,13391826
2026-03-28 08:04:03,13391826
2026-03-28 08:04:53,13391826
2026-03-28 08:05:43,13391826
2026-03-28 08:06:34,13391826
2026-03-28 08:07:24,13391826
2026-03-28 08:08:14,13391826
2026-03-28 08:09:04,13391826
2026-03-28 08:09:55,13391826
2026-03-28 08:10:45,13391826
2026-03-28 08:11:38,13391826
2026-03-28 08:12:28,13391826
2026-03-28 08:13:18,13391826
2026-03-28 08:14:08,13391826
2026-03-28 08:14:58,13391826
2026-03-28 08:15:48,13391826
2026-03-28 08:16:39,13391826
2026-03-28 08:17:29,13391826
2026-03-28 08:18:19,13391826
2026-03-28 08:19:09,13391826
2026-03-28 08:19:59,13391826
2026-03-28 08:20:49,13391826
2026-03-28 08:21:42,13391826
2026-03-28 08:22:32,13391826
2026-03-28 08:23:23,13391826
2026-03-28 08:24:13,13391826
2026-03-28 08:25:03,13391826
2026-03-28 08:25:53,13391826
2026-03-28 08:26:43,13391826
2026-03-28 08:27:33,13391826
2026-03-28 08:28:24,13391826
2026-03-28 08:29:14,13391826
2026-03-28 08:30:04,13391826
2026-03-28 08:30:54,13391826
2026-03-28 08:31:46,13391826
2026-03-28 08:32:37,13391826
2026-03-28 08:33:27,13391826
2026-03-28 08:34:17,13391826
2026-03-28 08:35:07,13391826
2026-03-28 08:35:57,13391826
2026-03-28 08:36:48,13391826
2026-03-28 08:37:38,13391826
2026-03-28 08:38:28,13391826
2026-03-28 08:39:18,13391826
2026-03-28 08:40:09,13391826
2026-03-28 08:40:59,13391826
2026-03-28 08:41:51,13391826
2026-03-30 15:12:42,12382629
2026-03-30 15:13:36,12397598
2026-03-30 15:14:30,12316438
2026-03-30 15:15:25,12402256
2026-03-30 15:16:17,12269871
2026-03-30 15:17:12,12288502
2026-03-30 15:18:07,12192380
2026-03-30 15:18:59,12284840
2026-03-30 15:19:54,12180399
2026-03-30 15:20:48,12203678
2026-03-30 15:21:40,12203678
2026-03-30 15:22:32,12203678
2026-03-30 15:23:27,12203678
2026-03-30 15:24:22,12203678
2026-03-30 15:25:14,12203678
2026-03-30 15:26:07,12203678
2026-03-30 15:27:05,12203678
2026-03-30 15:27:57,12203678
2026-03-30 15:28:52,12203678
2026-03-30 15:29:47,12203678
2026-03-30 15:30:40,12083594
2026-03-30 15:31:35,12083594
2026-03-30 15:32:30,12083594
2026-03-30 15:33:25,12083594
2026-03-30 15:34:20,12083594
2026-03-30 15:35:15,12083594
2026-03-30 15:36:09,12083594
2026-03-30 15:37:04,12083594
2026-03-30 15:37:59,12083594
2026-03-30 15:38:54,12083594
2026-03-30 15:39:49,12083594
2026-03-30 15:40:42,12184381
2026-03-30 15:41:37,12199352
2026-03-30 15:42:32,12156437
2026-03-30 15:43:27,12242255
2026-03-30 15:44:22,12227284
2026-03-30 15:45:17,12285160
2026-03-30 15:46:11,12285160
2026-03-30 15:47:06,12242255
2026-03-30 15:48:04,12300129
2026-03-30 15:48:59,12343042
2026-03-30 15:49:54,12343042
2026-03-30 15:50:48,12343042
2026-03-30 15:51:43,12358013
2026-03-30 15:52:37,12257224
2026-03-30 15:53:32,12229292
2026-03-30 15:54:27,12214321
2026-03-30 15:55:22,12242255
2026-03-30 15:56:17,12199352
2026-03-30 15:57:11,12156437
2026-03-30 15:58:06,12199352
2026-03-30 15:59:04,12141466
2026-03-30 15:59:59,12184381
2026-03-30 16:00:53,12141466
2026-03-30 16:01:47,12141466
2026-03-30 16:02:42,12113534
2026-03-30 16:03:37,12098563
2026-03-30 16:04:32,12141466
2026-03-30 16:05:26,12113534
2026-03-30 16:06:19,12199352
2026-03-30 16:07:12,12141466
2026-03-30 16:08:04,12156437
2026-03-30 16:08:59,12141466
2026-03-30 16:09:20,12141466
2026-03-30 16:10:26,12141466
2026-03-30 16:11:21,12141466
2026-03-30 16:12:16,12141466
2026-03-30 16:13:11,12184381
2026-03-30 16:14:06,12126497
2026-03-30 16:14:59,12126497
2026-03-30 16:15:53,12141466
2026-03-30 16:16:48,12126497
2026-03-30 16:17:43,12141466
2026-03-30 16:18:36,12098563
2026-03-30 16:19:28,12098563
2026-03-30 16:20:23,12083594
2026-03-30 16:21:15,12098563
2026-03-30 16:22:11,12083594
2026-03-30 16:23:06,12126497
2026-03-30 16:24:04,12126497
2026-03-30 16:24:58,12126497
2026-03-30 16:25:54,12126497
2026-03-30 16:26:48,12068633
2026-03-30 16:27:43,12068633
2026-03-30 16:28:38,12068633
2026-03-30 16:29:33,12068633
2026-03-30 16:30:28,12025728
2026-03-30 16:31:22,12083594
2026-03-30 16:32:17,12025728
2026-03-30 16:33:12,12083594
2026-03-30 16:34:07,12083594
2026-03-30 16:35:05,12040689
2026-03-30 16:36:03,12025728
2026-03-30 16:36:56,12083594
2026-03-30 16:37:48,12025728
2026-03-30 16:38:43,12040689
2026-03-30 16:39:35,12040689
2026-03-30 16:40:30,12025728
2026-03-30 16:41:25,12025728
2026-03-30 16:42:20,12040689
2026-03-30 16:43:15,12068633
2026-03-30 16:44:10,12083594
2026-03-30 16:45:05,12025728
2026-03-30 16:46:03,12040689
2026-03-30 16:46:58,12025728
2026-03-30 16:47:53,12010759
2026-03-30 16:48:48,12025728
2026-03-30 16:49:43,12025728
2026-03-30 16:50:37,12040689
2026-03-30 16:51:32,12083594
2026-03-30 16:52:27,12068633
2026-03-30 16:53:23,12025728
2026-03-30 16:54:18,12025728
2026-03-30 16:55:13,12025728
2026-03-30 16:56:08,12025728
2026-03-30 16:57:03,12068633
2026-03-30 16:57:58,12040689
2026-03-30 16:58:53,12040689
2026-03-30 16:59:48,12083594
2026-03-30 17:00:43,12068633
2026-03-30 17:01:38,12068633
2026-03-30 17:02:33,12083594
2026-03-30 17:03:28,12025728
2026-03-30 17:04:23,12083594
2026-03-30 17:05:18,12068633
2026-03-30 17:06:13,12154451
2026-03-30 17:07:08,12154451
2026-03-30 17:08:03,12154451
2026-03-30 17:08:58,12111536
2026-03-30 17:09:53,12154451
2026-03-30 17:10:48,12111536
2026-03-30 17:11:43,12126497
2026-03-30 17:12:38,12154451
2026-03-30 17:13:33,12126497
2026-03-30 17:14:28,12111536
2026-03-30 17:15:21,12126497
2026-03-30 17:16:16,12154451
2026-03-30 17:17:11,12111536
2026-03-30 17:18:06,12169412
2026-03-30 17:19:04,12154451
2026-03-30 17:19:59,12154451
2026-03-30 17:20:54,12169412
2026-03-30 17:21:49,12169412
2026-03-30 17:22:44,12184381
2026-03-30 17:23:39,12169412
2026-03-30 17:24:34,12184381
2026-03-30 17:25:29,12141466
2026-03-30 17:26:24,12199352
2026-03-30 17:27:19,12199352
2026-03-30 17:28:14,12184381
2026-03-30 17:29:09,12227284
2026-03-30 17:30:04,12227284
2026-03-30 17:30:59,12227284
2026-03-30 17:31:54,12227284
2026-03-30 17:32:49,12227284
2026-03-30 17:33:44,12285160
2026-03-30 17:34:39,12285160
2026-03-30 17:35:35,12285160
2026-03-30 17:36:30,12227284
2026-03-30 17:37:25,12242255
2026-03-30 17:38:20,12242255
2026-03-30 17:39:15,12270189
2026-03-30 17:40:10,12285160
2026-03-30 17:41:04,12270189
2026-03-30 17:41:59,12285160
2026-03-30 17:42:54,12343042
2026-03-30 17:43:49,12343042
2026-03-30 17:44:44,12343042
2026-03-30 17:45:39,12385947
2026-03-30 17:46:34,12385947
2026-03-30 17:47:30,12400918
2026-03-30 17:48:25,12443821
2026-03-30 17:49:20,12358013
2026-03-30 17:50:17,12415877
2026-03-30 17:51:12,12415877
2026-03-30 17:52:07,12415877
2026-03-30 17:53:05,12415877
2026-03-30 17:54:03,12415877
2026-03-30 17:54:58,12430848
2026-03-30 17:55:53,12415877
2026-03-30 17:56:48,12473751
2026-03-30 17:57:41,12473751
2026-03-30 17:58:34,12531635
2026-03-30 17:59:26,12559569
2026-03-30 17:59:49,12602474
2026-03-30 18:00:43,12559569
2026-03-30 18:01:38,12602474
2026-03-30 18:02:30,12617443
2026-03-30 18:03:25,12703261
2026-03-30 18:04:20,12688292
2026-03-30 18:05:15,12731195
2026-03-30 18:06:10,12703261
2026-03-30 18:07:05,12617443
2026-03-30 18:08:03,12559569
2026-03-30 18:08:58,12559569
2026-03-30 18:09:53,12544598
2026-03-30 18:10:47,12559569
2026-03-30 18:11:42,12544598
2026-03-30 18:12:37,12544598
2026-03-30 18:13:32,12501695
2026-03-30 18:14:27,12473751
2026-03-30 18:15:19,12473751
2026-03-30 18:16:14,12416028
2026-03-30 18:17:09,12416028
2026-03-30 18:18:04,12416028
2026-03-30 18:18:59,12416028
2026-03-30 18:19:54,12448961
2026-03-30 18:20:48,12448961
2026-03-30 18:21:43,12481896
2026-03-30 18:22:38,12481896
2026-03-30 18:23:33,12514819
2026-03-30 18:24:28,12481896
2026-03-30 18:25:23,12514819
2026-03-30 18:26:18,12481896
2026-03-30 18:27:12,12448961
2026-03-30 18:28:07,12448961
2026-03-30 18:29:05,12383113
2026-03-30 18:30:03,12416028
2026-03-30 18:30:58,12383113
2026-03-30 18:31:53,12416028
2026-03-30 18:32:48,12448961
2026-03-30 18:33:42,12416028
2026-03-30 18:34:37,12448961
2026-03-30 18:35:32,12448961
2026-03-30 18:36:27,12448961
2026-03-30 18:37:22,12383113
2026-03-30 18:38:17,12383113
2026-03-30 18:39:12,12383113
2026-03-30 18:40:07,12416028
2026-03-30 18:41:05,12416028
2026-03-30 18:41:59,12416028
2026-03-30 18:42:54,12383113
2026-03-30 18:43:49,12383113
2026-03-30 18:44:44,12350180
2026-03-30 18:45:39,12350180
2026-03-30 18:46:34,12383113
2026-03-30 18:47:29,12383113
2026-03-30 18:48:24,12416028
2026-03-30 18:49:19,12383113
2026-03-30 18:50:17,12416028
2026-03-30 18:51:12,12383113
2026-03-30 18:52:06,12383113
2026-03-30 18:53:04,12383113
2026-03-30 18:53:59,12416028
2026-03-30 18:54:54,12383113
2026-03-30 18:55:49,12416028
2026-03-30 18:56:44,12383113
2026-03-30 18:57:39,12416028
2026-03-30 18:58:34,12416028
2026-03-30 18:59:29,12416028
2026-03-30 19:00:23,12383113
2026-03-30 19:01:18,12416028
2026-03-30 19:02:13,12416028
2026-03-30 19:03:05,12416028
2026-03-30 19:04:03,12416028
2026-03-30 19:04:58,12383113
2026-03-30 19:05:53,12383113
2026-03-30 19:06:48,12383113
2026-03-30 19:07:43,12416028
2026-03-30 19:08:38,12383113
2026-03-30 19:09:33,12416028
2026-03-30 19:10:28,12416028
2026-03-30 19:11:23,12416028
2026-03-30 19:12:18,12416028
2026-03-30 19:13:13,12448961
2026-03-30 19:14:09,12416028
2026-03-30 19:15:05,12416028
2026-03-30 19:16:03,12416028
2026-03-30 19:16:58,12383113
2026-03-30 19:17:53,12383113
2026-03-30 19:18:48,12383113
2026-03-30 19:19:43,12416028
2026-03-30 19:20:37,12416028
2026-03-30 19:21:32,12416028
2026-03-30 19:22:27,12416028
2026-03-30 19:23:22,12416028
2026-03-30 19:24:17,12383113
2026-03-30 19:25:11,12383113
2026-03-30 19:26:06,12350180
2026-03-30 19:27:04,12383113
2026-03-30 19:27:59,12350180
2026-03-30 19:28:54,12350180
2026-03-30 19:29:49,12350180
2026-03-30 19:30:44,12383113
2026-03-30 19:31:38,12350180
2026-03-30 19:32:33,12350180
2026-03-30 19:33:25,12323099
2026-03-30 19:34:20,12323099
2026-03-30 19:35:15,12323099
2026-03-30 19:36:10,12350046
2026-03-30 19:37:04,12323099
2026-03-30 19:37:59,12350046
2026-03-30 19:38:54,12323099
2026-03-30 19:39:50,12323099
2026-03-30 19:40:44,12323099
2026-03-30 19:41:39,12296164
2026-03-30 19:42:34,12296164
2026-03-30 19:43:29,12269217
2026-03-30 19:44:24,12269217
2026-03-30 19:45:19,12269217
2026-03-30 19:46:14,12242272
2026-03-30 19:47:09,12269217
2026-03-30 19:48:04,12269217
2026-03-30 19:48:59,12296164
2026-03-30 19:49:54,12296164
2026-03-30 19:50:48,12323099
2026-03-30 19:51:43,12296164
2026-03-30 19:52:38,12296164
2026-03-30 19:53:33,12323099
2026-03-30 19:54:28,12323099
2026-03-30 19:55:23,12323099
2026-03-30 19:56:18,12323099
2026-03-30 19:57:11,12350046
2026-03-30 19:58:06,12350046
2026-03-30 19:58:58,12323099
2026-03-30 19:59:53,12350046
2026-03-31 08:00:05,10892799
2026-03-31 08:00:59,11000563
2026-03-31 08:01:52,11054445
2026-03-31 08:02:45,11027498
2026-03-31 08:03:37,10973626
2026-03-31 08:04:31,10946681
2026-03-31 08:05:24,11000563
2026-03-31 08:06:17,11054445
2026-03-31 08:07:10,11108327
2026-03-31 08:08:06,11081390
2026-03-31 08:09:05,11081390
2026-03-31 08:09:58,11081390
2026-03-31 08:10:51,11108327
2026-03-31 08:11:44,11027498
2026-03-31 08:12:37,11000563
2026-03-31 08:13:30,11000563
2026-03-31 08:14:23,11000563
2026-03-31 08:15:16,11027498
2026-03-31 08:16:09,11054445
2026-03-31 08:17:05,10973626
2026-03-31 08:17:58,11000563
2026-03-31 08:18:54,11000563
2026-03-31 08:19:48,10973626
2026-03-31 08:20:41,10946681
2026-03-31 08:21:34,10973626
2026-03-31 08:22:27,10973626
2026-03-31 08:23:20,10892799
2026-03-31 08:24:13,10919744
2026-03-31 08:25:06,10946681
2026-03-31 08:25:59,10919744
2026-03-31 08:26:52,10919744
2026-03-31 08:27:45,10892799
2026-03-31 08:28:38,10919744
2026-03-31 08:29:31,10919744
2026-03-31 08:30:24,10946681
2026-03-31 08:31:17,10946681
2026-03-31 08:32:10,10973626
2026-03-31 08:33:03,10946681
2026-03-31 08:33:56,10946681
2026-03-31 08:34:49,10919744
2026-03-31 08:35:42,10919744
2026-03-31 08:36:35,10946681
2026-03-31 08:37:28,10946681
2026-03-31 08:38:22,10946681
2026-03-31 08:39:15,10919744
2026-03-31 08:40:08,10865852
2026-03-31 08:41:04,10892799
2026-03-31 08:41:57,10865852
2026-03-31 08:42:50,10892799
2026-03-31 08:43:43,10892799
2026-03-31 08:44:36,10892799
2026-03-31 08:45:29,10811970
2026-03-31 08:46:22,10838917
2026-03-31 08:47:15,10758088
2026-03-31 08:48:08,10785025
2026-03-31 08:49:04,10758088
2026-03-31 08:49:57,12239889
2026-03-31 09:01:29,11338874
2026-03-31 09:02:22,11478584
2026-03-31 09:03:15,11439323
2026-03-31 09:04:10,11305880
2026-03-31 09:05:08,11211575
2026-03-31 11:32:19,11816950
2026-03-31 11:33:18,11774676
2026-03-31 11:34:15,11690041
2026-03-31 11:35:14,11738914
2026-03-31 11:36:10,11689511
2026-03-31 11:37:03,11663587
2026-03-31 11:38:08,11666375
2026-03-31 11:39:07,11629229
2026-03-31 11:39:27,11652016
2026-03-31 11:40:21,11600793
2026-03-31 11:41:15,11653667
2026-03-31 11:42:08,11575894
2026-03-31 11:43:06,11649576
2026-03-31 11:44:08,11600394
2026-03-31 11:45:04,11633289
2026-03-31 11:45:58,11606061
2026-03-31 11:50:53,11713500
2026-03-31 12:05:20,11724968
2026-03-31 12:06:15,11787380
2026-03-31 12:07:09,11754907
2026-03-31 12:08:05,11818946
2026-03-31 12:08:58,11778293
2026-03-31 12:09:55,11799447
2026-03-31 12:10:49,11803279
2026-03-31 12:11:42,11838298
2026-03-31 12:12:36,11861125
2026-03-31 12:13:30,11907358
2026-03-31 12:14:23,11856637
2026-03-31 12:15:17,11964776
2026-03-31 12:16:11,11941324
2026-03-31 12:17:04,11903241
2026-03-31 12:17:58,11870505
2026-03-31 12:18:51,11891687
2026-03-31 12:19:46,11834608
2026-03-31 12:20:42,11805066
2026-03-31 12:21:36,11711015
2026-03-31 12:22:30,11828133
2026-03-31 12:23:24,11825873
2026-03-31 12:24:18,11794201
2026-03-31 12:25:14,11855550
2026-03-31 12:26:08,11857271
2026-03-31 12:27:04,11800670
2026-03-31 12:27:58,11797476
2026-03-31 12:28:52,11730250
2026-03-31 12:29:46,11814366
2026-03-31 12:30:40,11787421
2026-03-31 12:31:34,11870170
2026-03-31 12:32:29,11840496
2026-03-31 12:33:22,11746899
2026-03-31 12:34:14,11733362
2026-03-31 12:35:08,11757843
2026-03-31 12:36:05,11689988
2026-03-31 12:36:59,11616411
2026-03-31 12:37:52,11586368
2026-03-31 12:38:46,11562759
2026-03-31 12:39:39,11595249
2026-03-31 12:40:33,11650037
2026-03-31 12:41:26,11556446
2026-03-31 12:42:20,11524910
2026-03-31 12:43:13,11536721
2026-03-31 12:44:07,11739535
2026-03-31 12:45:03,11676700
2026-03-31 12:45:57,11658602
2026-03-31 12:46:51,11555988
2026-03-31 12:47:44,11575149
2026-03-31 12:48:38,11558053
2026-03-31 12:49:33,11503127
2026-03-31 12:50:26,11609974
2026-03-31 12:51:19,11663710
2026-03-31 12:52:12,11612279
2026-03-31 12:53:06,11642654
2026-03-31 12:53:59,11526855
2026-03-31 12:54:53,11507967
2026-03-31 12:55:47,11495926
2026-03-31 12:56:40,11439778
2026-03-31 12:57:34,11440572
2026-03-31 12:58:28,11413296
2026-03-31 12:59:21,11388022
2026-03-31 13:00:19,11456141
2026-03-31 13:01:12,11366989
2026-03-31 13:02:06,11627512
2026-03-31 13:03:03,11645611
2026-03-31 13:03:57,11615137
2026-03-31 13:04:51,11697767
2026-03-31 13:05:45,11664908
2026-03-31 13:06:40,11730640
2026-03-31 13:07:34,11938349
2026-03-31 13:08:28,12004952
2026-03-31 13:09:22,11928307
2026-03-31 13:10:16,12267074
2026-03-31 13:11:09,12473900
2026-03-31 13:12:06,12467512
2026-03-31 13:12:59,12430995
2026-03-31 13:13:53,12540565
2026-03-31 13:14:46,12697178
2026-03-31 13:15:41,12670695
2026-03-31 13:16:34,12647417
2026-03-31 13:17:29,12661313
2026-03-31 13:18:24,12604708
2026-03-31 13:19:19,12750401
2026-03-31 13:20:17,12825019
2026-03-31 13:21:11,12585314
2026-03-31 13:22:05,12432437
2026-03-31 13:22:59,12574731
2026-03-31 13:23:53,12557228
2026-03-31 13:24:47,12306140
2026-03-31 13:25:42,12418302
2026-03-31 13:26:37,12316050
2026-03-31 13:27:30,12238507
2026-03-31 13:28:24,12288211
2026-03-31 13:29:18,12270770
2026-03-31 13:30:12,12324118
2026-03-31 13:31:07,12329321
2026-03-31 13:32:04,12336532
2026-03-31 13:32:59,12347978
2026-03-31 13:33:54,12392126
2026-03-31 13:34:47,12332022
2026-03-31 13:35:42,12272475
2026-03-31 13:36:38,12235152
2026-03-31 13:37:33,12253129
2026-03-31 13:38:26,12249079
2026-03-31 13:39:21,12137096
2026-03-31 13:40:16,12269374
2026-03-31 13:41:11,12359892
2026-03-31 13:42:07,12248496
2026-03-31 13:43:05,12318846
2026-03-31 13:43:59,12271220
2026-03-31 13:44:53,12209175
2026-03-31 13:45:47,12255370
2026-03-31 13:46:41,12207307
2026-03-31 13:47:36,12141479
2026-03-31 13:48:31,12192177
2026-03-31 13:49:26,12246169
2026-03-31 13:50:20,12403004
2026-03-31 13:51:15,12354776
2026-03-31 13:52:08,12405519
2026-03-31 13:53:05,12437803
2026-03-31 13:53:59,12543163
2026-03-31 13:54:52,12534485
2026-03-31 13:55:47,12524884
2026-03-31 13:56:40,12438776
2026-03-31 13:57:34,12512016
2026-03-31 13:58:26,12415647
2026-03-31 13:59:21,12330949
2026-03-31 14:00:18,12401303
2026-03-31 14:01:12,12522160
2026-03-31 14:02:05,12649685
2026-03-31 14:02:57,12699495
2026-03-31 14:03:52,12661152
2026-03-31 14:04:44,12545614
2026-03-31 14:05:38,12496384
2026-03-31 14:06:32,12538609
2026-03-31 14:07:26,12459577
2026-03-31 14:08:20,12421205
2026-03-31 14:09:14,12445883
2026-03-31 14:10:09,12379836
2026-03-31 14:11:03,12378399
2026-03-31 14:11:58,12302389
2026-03-31 14:12:52,12311011
2026-03-31 14:13:46,12420691
2026-03-31 14:14:40,12558747
2026-03-31 14:15:34,12524665
2026-03-31 14:16:28,12533727
2026-03-31 14:17:22,12534367
2026-03-31 14:18:16,12488758
2026-03-31 14:19:10,12624846
2026-03-31 14:20:05,12606675
2026-03-31 14:21:03,12780578
2026-03-31 14:21:56,12750824
2026-03-31 14:22:51,12731859
2026-03-31 14:23:46,12673696
2026-03-31 14:24:41,12772150
2026-03-31 14:25:36,12830107
2026-03-31 14:26:31,12837949
2026-03-31 14:27:25,12758318
2026-03-31 14:28:21,12803651
2026-03-31 14:29:15,12720327
2026-03-31 14:30:08,12725987
2026-03-31 14:31:05,12839007
2026-03-31 14:31:59,12920036
2026-03-31 14:32:55,12881493
2026-03-31 14:33:49,12816885
2026-03-31 14:34:44,12868966
2026-03-31 14:35:39,12882244
2026-03-31 14:36:34,13040518
2026-03-31 14:37:29,12892356
2026-03-31 14:38:23,12955752
2026-03-31 14:39:18,12959043
2026-03-31 14:40:16,12986469
2026-03-31 14:41:09,12980895
2026-03-31 14:42:03,12877749
2026-03-31 14:42:55,12872680
2026-03-31 14:43:50,12810359
2026-03-31 14:44:45,12904448
2026-03-31 14:45:40,12959086
2026-03-31 14:46:32,12877606
2026-03-31 14:47:27,12884492
2026-03-31 14:48:22,12897793
2026-03-31 14:49:17,12817150
2026-03-31 14:50:11,12795610
2026-03-31 14:51:06,12911667
2026-03-31 14:51:59,12855833
2026-03-31 14:52:53,12814955
2026-03-31 14:53:48,12840589
2026-03-31 14:54:43,12868019
2026-03-31 14:55:38,12917305
2026-03-31 14:56:32,12847538
2026-03-31 14:57:25,12836143
2026-03-31 14:58:20,12705818
2026-03-31 14:59:15,12789472
2026-03-31 15:00:10,12969728
2026-03-31 15:01:03,12907651
2026-03-31 15:01:55,12977675
2026-03-31 15:02:50,12910565
2026-03-31 15:03:45,12905741
2026-03-31 15:04:39,12873329
2026-03-31 15:05:32,12850879
2026-03-31 15:06:27,12815047
2026-03-31 15:07:22,12795526
2026-03-31 15:08:16,12772715
2026-03-31 15:09:11,12690985
2026-03-31 15:10:04,12733802
2026-03-31 15:10:57,12694514
2026-03-31 15:11:52,12625864
2026-03-31 15:12:47,12728727
2026-03-31 15:13:42,12813598
2026-03-31 15:14:37,12724886
2026-03-31 15:15:30,12717062
2026-03-31 15:16:24,12768767
2026-03-31 15:17:19,12764846
2026-03-31 15:18:13,12747548
2026-03-31 15:19:08,12802620
2026-03-31 15:20:05,12820833
2026-03-31 15:20:59,12820833
2026-03-31 15:21:54,12820833
2026-03-31 15:22:46,12820833
2026-03-31 15:23:41,12820833
2026-03-31 15:24:36,12820833
2026-03-31 15:25:31,12820833
2026-03-31 15:26:26,12820833
2026-03-31 15:27:21,12820833
2026-03-31 15:28:15,12820833
2026-03-31 15:29:10,12820833
2026-03-31 15:30:05,12831312
2026-03-31 15:30:58,12775676
2026-03-31 15:31:52,12775676
2026-03-31 15:32:47,12775676
2026-03-31 15:33:41,12775676
2026-03-31 15:34:35,12775676
2026-03-31 15:35:30,12775676
2026-03-31 15:36:24,12775676
2026-03-31 15:37:18,12775676
2026-03-31 15:38:13,12775676
2026-03-31 15:39:07,12775676
2026-03-31 15:40:04,12834556
2026-03-31 15:40:58,12885643
2026-03-31 15:41:52,12910294
2026-03-31 15:42:47,12878258
2026-03-31 15:43:41,12846134
2026-03-31 15:44:36,12801023
2026-03-31 15:45:30,12820384
2026-03-31 15:46:24,12785854
2026-03-31 15:47:19,12809316
2026-03-31 15:48:13,12820584
2026-03-31 15:49:07,12790345
2026-03-31 15:50:04,12805814
2026-03-31 15:50:58,12779068
2026-03-31 15:51:52,12810404
2026-03-31 15:52:47,12791644
2026-03-31 15:53:41,12838249
2026-03-31 15:54:35,12842940
2026-03-31 15:55:29,12866981
2026-03-31 15:56:23,12865484
2026-03-31 15:57:17,12887640
2026-03-31 15:58:11,12890544
2026-03-31 15:59:06,12800532
2026-03-31 16:00:03,12822092
2026-03-31 16:00:57,12809418
2026-03-31 16:01:52,12850624
2026-03-31 16:02:46,12852218
2026-03-31 16:03:40,12823489
2026-03-31 16:04:35,12850814
2026-03-31 16:05:29,12858198
2026-03-31 16:06:21,12831563
2026-03-31 16:07:16,12862390
2026-03-31 16:08:10,12870273
2026-03-31 16:09:04,12861093
2026-03-31 16:09:58,12806911
2026-03-31 16:10:51,12829268
2026-03-31 16:11:46,12817389
2026-03-31 16:12:40,12816791
2026-03-31 16:13:34,12839747
2026-03-31 16:14:28,12769885
2026-03-31 16:15:22,12807809
2026-03-31 16:16:16,12796932
2026-03-31 16:17:10,12790544
2026-03-31 16:18:04,12788348
2026-03-31 16:18:58,12788248
2026-03-31 16:19:53,12780872
2026-03-31 16:20:46,12781970
2026-03-31 16:21:39,12763200
2026-03-31 16:22:33,12789357
2026-03-31 16:23:27,12793838
2026-03-31 16:24:21,12788659
2026-03-31 16:25:15,12763100
2026-03-31 16:26:09,12793139
2026-03-31 16:27:03,12787960
2026-03-31 16:27:58,12807709
2026-03-31 16:28:52,12803617
2026-03-31 16:29:46,12792841
2026-03-31 16:30:39,12818500
2026-03-31 16:31:34,12829268
2026-03-31 16:32:28,12805515
2026-03-31 16:33:22,12838149
2026-03-31 16:34:16,12810603
2026-03-31 16:35:11,12839347
2026-03-31 16:36:05,12809904
2026-03-31 16:36:59,12833259
2026-03-31 16:37:53,12832161
2026-03-31 16:38:47,12839247
2026-03-31 16:39:41,12841343
2026-03-31 16:40:35,12867679
2026-03-31 16:41:29,12875163
2026-03-31 16:42:24,12875163
2026-03-31 16:43:18,12904505
2026-03-31 16:44:12,12898718
2026-03-31 16:45:06,12925165
2026-03-31 16:46:04,12927959
2026-03-31 16:46:58,12905704
2026-03-31 16:47:52,12902111
2026-03-31 16:48:46,12932448
2026-03-31 16:49:40,12954195
2026-03-31 16:50:34,12932549
2026-03-31 16:51:28,12927560
2026-03-31 16:52:22,12924365
2026-03-31 16:53:16,12915782
2026-03-31 16:54:11,12917677
2026-03-31 16:55:05,12926062
2026-03-31 16:55:59,12904705
2026-03-31 16:56:53,12936840
2026-03-31 16:57:47,12956192
2026-03-31 16:58:41,12955993
2026-03-31 16:59:35,13011872
2026-03-31 17:00:29,13009876
2026-03-31 17:01:23,13006882
2026-03-31 17:02:17,12999197
2026-03-31 17:03:12,12993409
2026-03-31 17:04:06,13005185
2026-03-31 17:05:03,13037210
2026-03-31 17:05:58,13036721
2026-03-31 17:06:52,13009486
2026-03-31 17:07:47,12999009
2026-03-31 17:08:41,13006094
2026-03-31 17:09:36,13058678
2026-03-31 17:10:30,13069445
2026-03-31 17:11:25,13069457
2026-03-31 17:12:20,13061970
2026-03-31 17:13:14,13031230
2026-03-31 17:14:09,12984433
2026-03-31 17:15:03,12991520
2026-03-31 17:15:58,12979146
2026-03-31 17:16:53,12976353
2026-03-31 17:17:45,13004697
2026-03-31 17:18:39,12980943
2026-03-31 17:19:34,12947119
2026-03-31 17:20:27,12978049
2026-03-31 17:21:21,12973657
2026-03-31 17:22:15,12979046
2026-03-31 17:23:09,12949016
2026-03-31 17:24:03,12920183
2026-03-31 17:24:58,12946024
2026-03-31 17:25:52,12974454
2026-03-31 17:26:46,12944727
2026-03-31 17:27:40,12950016
2026-03-31 17:28:34,12952110
2026-03-31 17:29:28,12944028
2026-03-31 17:30:22,12943928
2026-03-31 17:31:16,12954895
2026-03-31 17:32:10,12941832
2026-03-31 17:33:04,12951312
2026-03-31 17:33:58,12955505
2026-03-31 17:34:54,12968667
2026-03-31 17:35:48,12962080
2026-03-31 17:36:42,12935145
2026-03-31 17:37:36,12907109
2026-03-31 17:38:30,12933048
2026-03-31 17:39:25,12904715
2026-03-31 17:40:19,12914994
2026-03-31 17:41:13,12939935
2026-03-31 17:42:07,12891443
2026-03-31 17:43:04,12886950
2026-03-31 17:43:58,12874079
2026-03-31 17:44:53,12873380
2026-03-31 17:45:47,12874578
2026-03-31 17:46:41,12862700
2026-03-31 17:47:35,12827370
2026-03-31 17:48:30,12829965
2026-03-31 17:49:24,12864994
2026-03-31 17:50:17,12895830
2026-03-31 17:51:11,12915386
2026-03-31 17:52:06,12907702
2026-03-31 17:53:03,12908698
2026-03-31 17:53:57,12913488
2026-03-31 17:54:51,12908398
2026-03-31 17:55:45,12914086
2026-03-31 17:56:40,12932241
2026-03-31 17:57:34,12920462
2026-03-31 17:58:28,12902310
2026-03-31 17:59:22,12902909
2026-03-31 18:00:17,12904505
2026-03-31 18:01:11,12928748
2026-03-31 18:02:05,12966273
2026-03-31 18:02:59,12968865
2026-03-31 18:03:53,12999096
2026-03-31 18:04:48,13008675
2026-03-31 18:05:42,13035313
2026-03-31 18:06:37,13018547
2026-03-31 18:07:31,13015452
2026-03-31 18:08:25,13018647
2026-03-31 18:09:19,13024535
2026-03-31 18:10:16,13002888
2026-03-31 18:11:10,12971151
2026-03-31 18:12:04,12997299
2026-03-31 18:12:58,13027429
2026-03-31 18:13:52,12965363
2026-03-31 18:14:47,13018448
2026-03-31 18:15:41,13021042
2026-03-31 18:16:35,13018648
2026-03-31 18:17:29,13019845
2026-03-31 18:18:22,13025733
2026-03-31 18:19:16,13024935
2026-03-31 18:20:10,12999397
2026-03-31 18:21:04,12971053
2026-03-31 18:21:58,13014268
2026-03-31 18:22:52,13014067
2026-03-31 18:23:46,13029038
2026-03-31 18:24:40,13052478
2026-03-31 18:25:35,13049285
2026-03-31 18:26:29,13079425
2026-03-31 18:27:23,13076232
2026-03-31 18:28:17,13079625
2026-03-31 18:29:11,13108965
2026-03-31 18:30:06,13077329
2026-03-31 18:30:59,13074934
2026-03-31 18:31:53,13071739
2026-03-31 18:32:47,13047588
2026-03-31 18:33:41,13075543
2026-03-31 18:34:35,13053078
2026-03-31 18:35:29,13055672
2026-03-31 18:36:24,13051380
2026-03-31 18:37:18,13054964
2026-03-31 18:38:12,13055363
2026-03-31 18:39:06,13040803
2026-03-31 18:40:03,13044595
2026-03-31 18:40:58,13043597
2026-03-31 18:41:52,13017448
2026-03-31 18:42:46,13012258
2026-03-31 18:43:40,12990013
2026-03-31 18:44:34,13017647
2026-03-31 18:45:28,13011361
2026-03-31 18:46:22,12985524
2026-03-31 18:47:16,12979136
2026-03-31 18:48:11,12980234
2026-03-31 18:49:05,12979435
2026-03-31 18:49:59,12984925
2026-03-31 18:50:52,12982829
2026-03-31 18:51:46,12982728
2026-03-31 18:52:40,13005673
2026-03-31 18:53:34,12999683
2026-03-31 18:54:29,12971850
2026-03-31 18:55:23,13009365
2026-03-31 18:56:18,12975143
2026-03-31 18:57:12,12968357
2026-03-31 18:58:06,12937338
2026-03-31 18:59:03,12939434
2026-03-31 18:59:57,12938327
2026-03-31 19:00:50,12941828
2026-03-31 19:01:45,12938535
2026-03-31 19:02:39,12920464
2026-03-31 19:03:33,12946510
2026-03-31 19:04:27,12908188
2026-03-31 19:05:21,12933735
2026-03-31 19:06:15,12905493
2026-03-31 19:07:09,12880642
2026-03-31 19:08:03,12906392
2026-03-31 19:08:57,12876350
2026-03-31 19:09:51,12871561
2026-03-31 19:10:45,12894117
2026-03-31 19:11:39,12888528
2026-03-31 19:12:33,12860484
2026-03-31 19:13:27,12890724
2026-03-31 19:14:21,12896212
2026-03-31 19:15:15,12871860
2026-03-31 19:16:09,12846721
2026-03-31 19:17:03,12849316
2026-03-31 19:17:57,12880442
2026-03-31 19:18:52,12849415
2026-03-31 19:19:46,12825761
2026-03-31 19:20:39,12823965
2026-03-31 19:21:34,12816391
2026-03-31 19:22:28,12787450
2026-03-31 19:23:23,12814395
2026-03-31 19:24:17,12780367
2026-03-31 19:25:11,12778271
2026-03-31 19:26:05,12775675
2026-03-31 19:26:59,12776474
2026-03-31 19:27:53,12775277
2026-03-31 19:28:47,12806911
2026-03-31 19:29:42,12776771
2026-03-31 19:30:35,12771484
2026-03-31 19:31:29,12793240
2026-03-31 19:32:24,12794137
2026-03-31 19:33:18,12787950
2026-03-31 19:34:12,12754627
2026-03-31 19:35:06,12750335
2026-03-31 19:36:04,12754617
2026-03-31 19:36:58,12724587
2026-03-31 19:37:52,12723588
2026-03-31 19:38:46,12726881
2026-03-31 19:39:40,12709316
2026-03-31 19:40:34,12682672
2026-03-31 19:41:28,12676484
2026-03-31 19:42:23,12668699
2026-03-31 19:43:17,12619208
2026-03-31 19:44:11,12607342
2026-03-31 19:45:05,12586283
2026-03-31 19:45:59,12580096
2026-03-31 19:46:53,12587272
2026-03-31 19:47:47,12644556
2026-03-31 19:48:41,12676884
2026-03-31 19:49:35,12685466
2026-03-31 19:50:29,12715506
2026-03-31 19:51:23,12730375
2026-03-31 19:52:18,12729477
2026-03-31 19:53:12,12706723
2026-03-31 19:54:06,12687261
2026-03-31 19:55:03,12648649
2026-03-31 19:55:57,12641064
2026-03-31 19:56:51,12638968
2026-03-31 19:57:45,12659327
2026-03-31 19:58:39,12693649
2026-03-31 19:59:33,12757022
2026-04-01 08:00:04,14533601
2026-04-01 08:00:57,14545165
2026-04-01 08:01:50,14496664
2026-04-01 08:02:42,14519427
2026-04-01 08:03:35,14526712
2026-04-01 08:04:27,14405664
2026-04-01 08:05:20,14396183
2026-04-01 08:06:13,14408459
2026-04-01 08:07:06,14455355
2026-04-01 08:07:59,14490186
2026-04-01 08:08:52,14509028
2026-04-01 08:09:44,14556233
2026-04-01 08:10:37,14510525
2026-04-01 08:11:30,14553050
2026-04-01 08:12:22,14547759
2026-04-01 08:13:15,14572599
2026-04-01 08:14:08,14630883
2026-04-01 08:15:04,14602231
2026-04-01 08:15:57,14574986
2026-04-01 08:16:50,14587759
2026-04-01 08:17:42,14612110
2026-04-01 08:18:35,14574298
2026-04-01 08:19:28,14585963
2026-04-01 08:20:23,14550654
2026-04-01 08:21:16,14569406
2026-04-01 08:22:09,14544466
2026-04-01 08:23:05,14524605
2026-04-01 08:23:58,14495764
2026-04-01 08:24:51,14459159
2026-04-01 08:25:44,14507041
2026-04-01 08:26:38,14533590
2026-04-01 08:27:31,14557131
2026-04-01 08:28:24,14578289
2026-04-01 08:29:17,14569906
2026-04-01 08:30:10,14534486
2026-04-01 08:31:05,14493869
2026-04-01 08:31:58,14527303
2026-04-01 08:32:50,14553038
2026-04-01 08:33:43,14532991
2026-04-01 08:34:35,14532193
2026-04-01 08:35:28,14558229
2026-04-01 08:36:21,14588968
2026-04-01 08:37:13,14590764
2026-04-01 08:38:06,14592660
2026-04-01 08:38:58,14584179
2026-04-01 08:39:51,14605733
2026-04-01 08:40:43,14607630
2026-04-01 08:41:36,14612720
2026-04-01 08:42:29,14612619
2026-04-01 08:43:21,14621003
2026-04-01 08:44:14,14620804
2026-04-01 08:45:06,14628788
2026-04-01 08:45:59,14662012
2026-04-01 08:46:52,14691752
2026-04-01 08:47:44,14663410
2026-04-01 08:48:37,14688957
2026-04-01 08:49:30,14703429
2026-04-01 09:01:51,14639997
2026-04-01 09:02:45,13459333
2026-04-01 09:03:40,13641913
2026-04-01 09:04:33,13487156
2026-04-01 09:05:26,13644838
2026-04-01 09:06:22,13702702
2026-04-01 09:07:17,13934471
2026-04-01 09:08:10,13005191
2026-04-01 09:09:06,12993014
2026-04-01 09:09:59,12674625
2026-04-01 09:10:51,12623694
2026-04-01 09:11:44,12469487
2026-04-01 09:12:38,13011857
2026-04-01 09:13:30,13059253
2026-04-01 09:14:23,12999972
2026-04-01 09:15:18,13064924
2026-04-01 09:16:11,13014192
2026-04-01 09:17:05,13074095
2026-04-01 09:18:03,13139764
2026-04-01 09:18:58,13133605
2026-04-01 09:19:52,13323134
2026-04-01 09:20:46,13294235
2026-04-01 09:21:40,13474972
2026-04-01 09:22:33,13378605
2026-04-01 09:23:25,13436570
2026-04-01 09:24:18,13683913
2026-04-01 09:25:12,13773114
2026-04-01 09:26:05,13856026
2026-04-01 09:27:03,14063722
2026-04-01 09:27:56,14179691
2026-04-01 09:28:49,14259611
2026-04-01 09:29:42,14290249
2026-04-01 09:30:35,14204181
2026-04-01 09:31:28,14176755
2026-04-01 09:32:21,14039529
2026-04-01 09:33:14,14038492
2026-04-01 09:34:09,13843262
2026-04-01 09:35:04,13840690
2026-04-01 09:35:57,13894353
2026-04-01 09:36:50,13917246
2026-04-01 09:37:43,13964650
2026-04-01 09:38:36,14024281
2026-04-01 09:39:29,14021048
2026-04-01 09:40:22,13930960
2026-04-01 09:41:15,13894621
2026-04-01 09:42:08,13865272
2026-04-01 09:43:05,13852046
2026-04-01 09:43:58,13758516
2026-04-01 09:44:50,13722200
2026-04-01 09:45:44,13973144
2026-04-01 09:46:39,13983675
2026-04-01 09:47:33,13862128
2026-04-01 09:48:26,13964184
2026-04-01 09:49:20,14121168
2026-04-01 09:50:12,14032205
2026-04-01 09:51:08,14182866
2026-04-01 09:52:04,14261708
2026-04-01 09:52:57,14180997
2026-04-01 09:53:50,14106509
2026-04-01 09:54:43,14025281
2026-04-01 09:55:36,13961669
2026-04-01 09:56:30,14041449
2026-04-01 09:57:24,14004474
2026-04-01 09:58:17,14027695
2026-04-01 09:59:10,13970278
2026-04-01 10:00:06,13933255
2026-04-01 10:00:59,13803243
2026-04-01 10:01:53,14028742
2026-04-01 10:02:47,13999680
2026-04-01 10:03:42,13830441
2026-04-01 10:04:35,13831370
2026-04-01 10:05:30,13981200
2026-04-01 10:06:24,13986366
2026-04-01 10:07:17,13986478
2026-04-01 10:08:10,13868603
2026-04-01 10:09:03,14015299
2026-04-01 10:09:56,13970012
2026-04-01 10:10:50,14008691
2026-04-01 10:11:42,13989945
2026-04-01 10:12:36,14148292
2026-04-01 10:13:28,14033830
2026-04-01 10:14:21,13963475
2026-04-01 10:15:14,14027317
2026-04-01 10:16:10,13983762
2026-04-01 10:17:04,14020797
2026-04-01 10:17:57,13979175
2026-04-01 10:18:50,13983285
2026-04-01 10:19:45,13949552
2026-04-01 10:20:39,13988817
2026-04-01 10:21:33,13973903
2026-04-01 10:22:26,13924345
2026-04-01 10:23:18,13948625
2026-04-01 10:24:11,13905199
2026-04-01 10:25:05,13938445
2026-04-01 10:25:58,13949654
2026-04-01 10:26:51,13952665
2026-04-01 10:27:44,14034813
2026-04-01 10:28:36,14018773
2026-04-01 10:29:29,14005879
2026-04-01 10:30:21,14047116
2026-04-01 10:31:14,13974071
2026-04-01 10:32:07,13915760
2026-04-01 10:32:59,13918514
2026-04-01 10:33:53,13984251
2026-04-01 10:34:46,13931957
2026-04-01 10:35:39,14004871
2026-04-01 10:36:32,14016446
2026-04-01 10:37:25,13973880
2026-04-01 10:38:18,14036846
2026-04-01 10:39:11,14067642
2026-04-01 10:40:05,14052468
2026-04-01 10:40:57,14067135
2026-04-01 10:41:50,14032665
2026-04-01 10:42:43,14054410
2026-04-01 10:43:36,14041856
2026-04-01 10:44:29,14041296
2026-04-01 10:45:22,14128260
2026-04-01 10:46:15,14081746
2026-04-01 10:47:08,14052705
2026-04-01 10:48:04,14004593
2026-04-01 10:49:03,13978176
2026-04-01 10:49:58,13919364
2026-04-01 10:50:52,13964401
2026-04-01 10:51:45,13970939
2026-04-01 10:52:38,13965206
2026-04-01 10:53:30,13964023
2026-04-01 10:54:23,14009143
2026-04-01 10:55:16,13980579
2026-04-01 10:56:09,13953974
2026-04-01 10:57:04,14035567
2026-04-01 10:57:57,14026755
2026-04-01 10:58:50,13973523
2026-04-01 10:59:43,13934402
2026-04-01 11:00:35,13906537
2026-04-01 11:01:29,13909613
2026-04-01 11:02:23,13965390
2026-04-01 11:03:18,13947345
2026-04-01 11:04:11,13940718
2026-04-01 11:05:04,13996747
2026-04-01 11:05:56,13927875
2026-04-01 11:06:50,13909613
2026-04-01 11:07:42,13869692
2026-04-01 11:08:35,13898125
2026-04-01 11:09:28,13866697
2026-04-01 11:10:21,13965829
2026-04-01 11:11:13,13963034
2026-04-01 11:12:06,14025947
2026-04-01 11:12:59,13978144
2026-04-01 11:13:52,13945120
2026-04-01 11:14:44,13929463
2026-04-01 11:15:38,13944859
2026-04-01 11:16:30,13999359
2026-04-01 11:17:23,13984512
2026-04-01 11:18:16,13960079
2026-04-01 11:19:09,13988234
2026-04-01 11:20:04,13963115
2026-04-01 11:20:57,13958224
2026-04-01 11:21:50,13970872
2026-04-01 11:22:43,14026737
2026-04-01 11:23:36,14002395
2026-04-01 11:24:29,14057936
2026-04-01 11:25:24,14002016
2026-04-01 11:26:16,14048133
2026-04-01 11:27:09,14029269
2026-04-01 11:28:05,14036497
2026-04-01 11:28:58,14048072
2026-04-01 11:29:51,14009491
2026-04-01 11:30:43,14107355
2026-04-01 11:31:37,14049850
2026-04-01 11:32:31,14047612
2026-04-01 11:33:25,14013775
2026-04-01 11:34:18,14010767
2026-04-01 11:35:11,13962118
2026-04-01 11:36:04,14097518
2026-04-01 11:36:57,14090960
2026-04-01 11:37:50,14131177
2026-04-01 11:38:43,14005101
2026-04-01 11:39:36,13984484
2026-04-01 11:40:29,14040180
2026-04-01 11:41:22,14036129
2026-04-01 11:42:15,14033832
2026-04-01 11:43:08,14015199
2026-04-01 11:44:04,14026916
2026-04-01 11:44:56,14058484
2026-04-01 11:45:49,14097368
2026-04-01 11:46:42,14068992
2026-04-01 11:47:36,14054880
2026-04-01 11:48:29,14087265
2026-04-01 11:49:21,14045917
2026-04-01 11:50:17,14092705
2026-04-01 11:51:09,14166415
2026-04-01 11:52:05,14143722
2026-04-01 11:52:58,14187404
2026-04-01 11:53:51,14154022
2026-04-01 11:54:44,14228650
2026-04-01 11:55:37,14167724
2026-04-01 11:56:29,14113552
2026-04-01 11:57:23,14167487
2026-04-01 11:58:16,14128574
2026-04-01 11:59:09,14133622
2026-04-01 12:00:05,14152424
2026-04-01 12:00:59,14164792
2026-04-01 12:01:52,14045240
2026-04-01 12:02:45,14056776
2026-04-01 12:03:38,14082386
2026-04-01 12:04:30,14089163
2026-04-01 12:05:24,14056817
2026-04-01 12:06:17,14097426
2026-04-01 12:07:10,14074371
2026-04-01 12:08:06,14039851
2026-04-01 12:08:58,14003034
2026-04-01 12:09:51,14045578
2026-04-01 12:10:45,14177905
2026-04-01 12:11:38,14161258
2026-04-01 12:12:31,14161279
2026-04-01 12:13:24,14193045
2026-04-01 12:14:16,14207198
2026-04-01 12:15:09,14207856
2026-04-01 12:16:03,14188553
2026-04-01 12:16:56,14245141
2026-04-01 12:17:50,14176769
2026-04-01 12:18:44,14182058
2026-04-01 12:19:37,14267255
2026-04-01 12:20:30,14202485
2026-04-01 12:21:24,14188716
2026-04-01 12:22:17,14201159
2026-04-01 12:23:10,14264469
2026-04-01 12:24:05,14277673
2026-04-01 12:24:59,14218802
2026-04-01 12:25:52,14212256
2026-04-01 12:26:44,14191088
2026-04-01 12:27:37,14185108
2026-04-01 12:28:30,14209782
2026-04-01 12:29:23,14208313
2026-04-01 12:30:18,14196574
2026-04-01 12:31:11,14180690
2026-04-01 12:32:04,14241748
2026-04-01 12:32:58,14227306
2026-04-01 12:33:52,14200110
2026-04-01 12:34:45,14242984
2026-04-01 12:35:38,14290638
2026-04-01 12:36:31,14240470
2026-04-01 12:37:24,14211098
2026-04-01 12:38:17,14218532
2026-04-01 12:39:11,14204361
2026-04-01 12:40:04,14173780
2026-04-01 12:40:58,14171698
2026-04-01 12:41:50,14175901
2026-04-01 12:42:43,14211089
2026-04-01 12:43:36,14134071
2026-04-01 12:44:29,14065247
2026-04-01 12:45:21,14099511
2026-04-01 12:46:15,14124680
2026-04-01 12:47:10,14041356
2026-04-01 12:48:05,14071098
2026-04-01 12:48:59,13989100
2026-04-01 12:49:52,14054518
2026-04-01 12:50:47,14074272
2026-04-01 12:51:40,14117925
2026-04-01 12:52:32,14165119
2026-04-01 12:53:25,14108104
2026-04-01 12:54:18,14139350
2026-04-01 12:55:11,14167306
2026-04-01 12:56:05,14155667
2026-04-01 12:56:58,14173621
2026-04-01 12:57:51,14169769
2026-04-01 12:58:43,14148930
2026-04-01 12:59:36,14272115
2026-04-01 13:00:29,14286657
2026-04-01 13:01:22,14237703
2026-04-01 13:02:15,14241865
2026-04-01 13:03:07,14214024
2026-04-01 13:04:03,14174884
2026-04-01 13:04:56,14248962
2026-04-01 13:05:49,14190392
2026-04-01 13:06:42,14206221
2026-04-01 13:07:34,14211301
2026-04-01 13:08:27,14214321
2026-04-01 13:09:20,14218527
2026-04-01 13:10:15,14223623
2026-04-01 13:11:08,14171667
2026-04-01 13:12:04,14144142
2026-04-01 13:12:57,14164262
2026-04-01 13:13:50,14184072
2026-04-01 13:14:42,14173763
2026-04-01 13:15:35,14149430
2026-04-01 13:16:28,14106897
2026-04-01 13:17:21,14040062
2026-04-01 13:18:13,14136140
2026-04-01 13:19:06,14128273
2026-04-01 13:19:59,14167596
2026-04-01 13:20:52,14120697
2026-04-01 13:21:46,14153462
2026-04-01 13:22:38,14135797
2026-04-01 13:23:31,14151946
2026-04-01 13:24:23,14123356
2026-04-01 13:25:16,14081199
2026-04-01 13:26:09,14133751
2026-04-01 13:27:05,14119861
2026-04-01 13:27:58,14134832
2026-04-01 13:28:51,14134742
2026-04-01 13:29:43,14158035
2026-04-01 13:30:36,14175258
2026-04-01 13:31:29,14115302
2026-04-01 13:32:21,14090833
2026-04-01 13:33:14,14103875
2026-04-01 13:34:07,14147654
2026-04-01 13:35:03,14136007
2026-04-01 13:35:57,14127755
2026-04-01 13:36:50,14128012
2026-04-01 13:37:44,14197295
2026-04-01 13:38:36,14141575
2026-04-01 13:39:29,14209219
2026-04-01 13:40:22,14136798
2026-04-01 13:41:15,14146518
2026-04-01 13:42:07,14185569
2026-04-01 13:43:04,14214768
2026-04-01 13:43:56,14226348
2026-04-01 13:44:49,14221109
2026-04-01 13:45:42,14167235
2026-04-01 13:46:34,14195989
2026-04-01 13:47:28,14181439
2026-04-01 13:48:20,14188425
2026-04-01 13:49:15,14166576
2026-04-01 13:50:10,14238822
2026-04-01 13:51:04,14258943
2026-04-01 13:51:57,14248991
2026-04-01 13:52:50,14253055
2026-04-01 13:53:42,14305049
2026-04-01 13:54:35,14234449
2026-04-01 13:55:28,14248231
2026-04-01 13:56:21,14284452
2026-04-01 13:57:14,14313832
2026-04-01 13:58:07,14262156
2026-04-01 13:59:03,14292953
2026-04-01 13:59:56,14301955
2026-04-01 14:00:50,14301196
2026-04-01 14:01:42,14345626
2026-04-01 14:02:37,14342413
2026-04-01 14:03:30,14391911
2026-04-01 14:04:25,14398970
2026-04-01 14:05:18,14378452
2026-04-01 14:06:10,14446189
2026-04-01 14:07:04,14389661
2026-04-01 14:07:56,14380279
2026-04-01 14:08:49,14359748
2026-04-01 14:09:42,14331196
2026-04-01 14:10:35,14333102
2026-04-01 14:11:29,14365309
2026-04-01 14:12:22,14398591
2026-04-01 14:13:15,14394900
2026-04-01 14:14:07,14391948
2026-04-01 14:15:03,14371059
2026-04-01 14:15:57,14434987
2026-04-01 14:16:52,14405505
2026-04-01 14:17:47,14445457
2026-04-01 14:18:43,14505497
2026-04-01 14:19:38,14495050
2026-04-01 14:20:31,14527577
2026-04-01 14:21:25,14486696
2026-04-01 14:22:18,14578620
2026-04-01 14:23:11,14563481
2026-04-01 14:24:04,14582593
2026-04-01 14:24:57,14501746
2026-04-01 14:25:50,14566577
2026-04-01 14:26:43,14537675
2026-04-01 14:27:36,14530180
2026-04-01 14:28:29,14531707
2026-04-01 14:29:22,14557355
2026-04-01 14:30:17,14574202
2026-04-01 14:31:09,14573952
2026-04-01 14:32:03,14596487
2026-04-01 14:32:58,14577037
2026-04-01 14:33:52,14531012
2026-04-01 14:34:45,14580131
2026-04-01 14:35:38,14580109
2026-04-01 14:36:33,14618182
2026-04-01 14:37:26,14559060
2026-04-01 14:38:18,14500060
2026-04-01 14:39:12,14599038
2026-04-01 14:40:05,14564687
2026-04-01 14:40:59,14590407
2026-04-01 14:41:52,14520767
2026-04-01 14:42:45,14502514
2026-04-01 14:43:38,14569918
2026-04-01 14:44:31,14621255
2026-04-01 14:45:24,14576567
2026-04-01 14:46:17,14617434
2026-04-01 14:47:10,14604908
2026-04-01 14:48:05,14642066
2026-04-01 14:48:59,14614389
2026-04-01 14:49:51,14702302
2026-04-01 14:50:44,14667741
2026-04-01 14:51:37,14679388
2026-04-01 14:52:30,14665467
2026-04-01 14:53:23,14729696
2026-04-01 14:54:15,14640058
2026-04-01 14:55:08,14613014
2026-04-01 14:56:05,14607802
2026-04-01 14:56:57,14558476
2026-04-01 14:57:50,14557324
2026-04-01 14:58:43,14575297
2026-04-01 14:59:36,14548873
2026-04-01 15:00:28,14699800
2026-04-01 15:01:22,14810855
2026-04-01 15:02:14,14829170
2026-04-01 15:03:07,14795499
2026-04-01 15:04:03,14862185
2026-04-01 15:04:56,14885348
2026-04-01 15:05:49,14824433
2026-04-01 15:06:41,14838106
2026-04-01 15:07:34,14785394
2026-04-01 15:08:27,14817917
2026-04-01 15:09:20,14757369
2026-04-01 15:10:12,14750476
2026-04-01 15:11:06,14716814
2026-04-01 15:11:59,14696315
2026-04-01 15:12:54,14796289
2026-04-01 15:13:47,14726619
2026-04-01 15:14:40,14748544
2026-04-01 15:15:33,14862217
2026-04-01 15:16:28,14893083
2026-04-01 15:17:22,14857172
2026-04-01 15:18:14,14825035
2026-04-01 15:19:08,14786843
2026-04-01 15:20:05,14768919
2026-04-01 15:20:58,14768919
2026-04-01 15:21:51,14768919
2026-04-01 15:22:44,14768919
2026-04-01 15:23:37,14768919
2026-04-01 15:24:30,14768919
2026-04-01 15:25:23,14768919
2026-04-01 15:26:16,14768919
2026-04-01 15:27:08,14768919
2026-04-01 15:28:05,14768919
2026-04-01 15:28:57,14768919
2026-04-01 15:29:50,14768919
2026-04-01 15:30:43,14636444
2026-04-01 15:31:36,14636444
2026-04-01 15:32:29,14636444
2026-04-01 15:33:21,14636444
2026-04-01 15:34:14,14636444
2026-04-01 15:35:07,14636444
2026-04-01 15:36:03,14636444
2026-04-01 15:36:55,14636444
2026-04-01 15:37:48,14636444
2026-04-01 15:38:41,14636444
2026-04-01 15:39:33,14636444
2026-04-01 15:40:26,14671662
2026-04-01 15:41:18,14611006
2026-04-01 15:42:11,14625266
2026-04-01 15:43:04,14605806
2026-04-01 15:43:56,14619778
2026-04-01 15:44:50,14589639
2026-04-01 15:45:43,14499927
2026-04-01 15:46:36,14505416
2026-04-01 15:47:29,14430476
2026-04-01 15:48:22,14393961
2026-04-01 15:49:15,14484957
2026-04-01 15:50:10,14489858
2026-04-01 15:51:06,14497043
2026-04-01 15:51:58,14415915
2026-04-01 15:52:51,14495635
2026-04-01 15:53:44,14485059
2026-04-01 15:54:37,14529866
2026-04-01 15:55:30,14522980
2026-04-01 15:56:22,14522180
2026-04-01 15:57:15,14476984
2026-04-01 15:58:08,14479070
2026-04-01 15:59:04,14457711
2026-04-01 15:59:56,14538640
2026-04-01 16:00:49,14565085
2026-04-01 16:01:41,14572970
2026-04-01 16:02:34,14539339
2026-04-01 16:03:26,14533950
2026-04-01 16:04:19,14528959
2026-04-01 16:05:13,14530056
2026-04-01 16:06:06,14504417
2026-04-01 16:07:03,14481764
2026-04-01 16:07:57,14517391
2026-04-01 16:08:51,14500326
2026-04-01 16:09:44,14527573
2026-04-01 16:10:38,14570378
2026-04-01 16:11:31,14540047
2026-04-01 16:12:25,14540645
2026-04-01 16:13:19,14566984
2026-04-01 16:14:13,14587839
2026-04-01 16:15:06,14592928
2026-04-01 16:16:03,14572870
2026-04-01 16:16:57,14564986
2026-04-01 16:17:51,14564488
2026-04-01 16:18:44,14579458
2026-04-01 16:19:38,14589037
2026-04-01 16:20:32,14607004
2026-04-01 16:21:25,14562790
2026-04-01 16:22:19,14544527
2026-04-01 16:23:12,14550727
2026-04-01 16:24:06,14514111
2026-04-01 16:25:03,14534659
2026-04-01 16:25:57,14536753
2026-04-01 16:26:50,14512311
2026-04-01 16:27:44,14533861
2026-04-01 16:28:37,14502532
2026-04-01 16:29:30,14516504
2026-04-01 16:30:24,14545028
2026-04-01 16:31:17,14550117
2026-04-01 16:32:11,14550715
2026-04-01 16:33:04,14560495
2026-04-01 16:33:57,14595326
2026-04-01 16:34:51,14570077
2026-04-01 16:35:44,14595925
2026-04-01 16:36:38,14566984
2026-04-01 16:37:31,14590634
2026-04-01 16:38:25,14566286
2026-04-01 16:39:18,14562891
2026-04-01 16:40:12,14571375
2026-04-01 16:41:05,14603909
2026-04-01 16:41:58,14598718
2026-04-01 16:42:53,14618578
2026-04-01 16:43:46,14616583
2026-04-01 16:44:39,14620476
2026-04-01 16:45:33,14586643
2026-04-01 16:46:26,14585246
2026-04-01 16:47:20,14578658
2026-04-01 16:48:14,14615586
2026-04-01 16:49:07,14616684
2026-04-01 16:50:04,14594326
2026-04-01 16:50:57,14601612
2026-04-01 16:51:50,14598317
2026-04-01 16:52:44,14589734
2026-04-01 16:53:37,14573770
2026-04-01 16:54:31,14565882
2026-04-01 16:55:24,14566885
2026-04-01 16:56:17,14566084
2026-04-01 16:57:11,14565596
2026-04-01 16:58:04,14563388
2026-04-01 16:58:58,14566683
2026-04-01 16:59:51,14591832
2026-04-01 17:00:45,14591530
2026-04-01 17:01:38,14592330
2026-04-01 17:02:31,14587441
2026-04-01 17:03:25,14561694
2026-04-01 17:04:18,14562989
2026-04-01 17:05:12,14592529
2026-04-01 17:06:05,14559698
2026-04-01 17:06:58,14591032
2026-04-01 17:07:52,14592529
2026-04-01 17:08:45,14558499
2026-04-01 17:09:38,14556714
2026-04-01 17:10:32,14559607
2026-04-01 17:11:25,14540656
2026-04-01 17:12:18,14531970
2026-04-01 17:13:12,14405535
2026-04-01 17:14:05,14407531
2026-04-01 17:14:59,14377493
2026-04-01 17:15:52,14367215
2026-04-01 17:16:46,14340574
2026-04-01 17:17:39,14361424
2026-04-01 17:18:33,14408731
2026-04-01 17:19:27,14380985
2026-04-01 17:20:20,14380487
2026-04-01 17:21:14,14379987
2026-04-01 17:22:07,14464609
2026-04-01 17:23:04,14474888
2026-04-01 17:23:58,14499138
2026-04-01 17:24:51,14496643
2026-04-01 17:25:45,14493450
2026-04-01 17:26:38,14527372
2026-04-01 17:27:31,14526075
2026-04-01 17:28:25,14497342
2026-04-01 17:29:19,14493349
2026-04-01 17:30:12,14488859
2026-04-01 17:31:06,14494147
2026-04-01 17:31:59,14441552
2026-04-01 17:32:52,14409429
2026-04-01 17:33:46,14381284
2026-04-01 17:34:39,14379987
2026-04-01 17:35:32,14421005
2026-04-01 17:36:26,14419009
2026-04-01 17:37:20,14394058
2026-04-01 17:38:13,14386175
2026-04-01 17:39:06,14386774
2026-04-01 17:40:03,14386275
2026-04-01 17:40:57,14413222
2026-04-01 17:41:50,14409229
2026-04-01 17:42:43,14414319
2026-04-01 17:43:37,14386074
2026-04-01 17:44:30,14380186
2026-04-01 17:45:23,14413021
2026-04-01 17:46:17,14402044
2026-04-01 17:47:10,14405337
2026-04-01 17:48:03,14428989
2026-04-01 17:48:57,14427691
2026-04-01 17:49:50,14407333
2026-04-01 17:50:44,14404040
2026-04-01 17:51:37,14400747
2026-04-01 17:52:31,14398250
2026-04-01 17:53:24,14403440
2026-04-01 17:54:17,14402143
2026-04-01 17:55:11,14404040
2026-04-01 17:56:04,14409827
2026-04-01 17:56:58,14413619
2026-04-01 17:57:52,14407131
2026-04-01 17:58:44,14403339
2026-04-01 17:59:37,14379589
2026-04-01 18:00:30,14379589
2026-04-01 18:01:23,14373799
2026-04-01 18:02:17,14375697
2026-04-01 18:03:10,14382682
2026-04-01 18:04:04,14355645
2026-04-01 18:04:57,14356443
2026-04-01 18:05:51,14370915
2026-04-01 18:06:44,14360138
2026-04-01 18:07:38,14333692
2026-04-01 18:08:31,14328002
2026-04-01 18:09:25,14295367
2026-04-01 18:10:18,14267833
2026-04-01 18:11:12,14238391
2026-04-01 18:12:07,14260347
2026-04-01 18:13:04,14257154
2026-04-01 18:13:58,14260347
2026-04-01 18:14:51,14261645
2026-04-01 18:15:45,14236496
2026-04-01 18:16:38,14233901
2026-04-01 18:17:31,14191296
2026-04-01 18:18:25,14188702
2026-04-01 18:19:18,14213841
2026-04-01 18:20:11,14211945
2026-04-01 18:21:04,14168043
2026-04-01 18:21:59,14142892
2026-04-01 18:22:52,14122243
2026-04-01 18:23:46,14107375
2026-04-01 18:24:39,14080926
2026-04-01 18:25:33,14171935
2026-04-01 18:26:26,14172632
2026-04-01 18:27:20,14150676
2026-04-01 18:28:13,14131325
2026-04-01 18:29:06,14135818
2026-04-01 18:30:03,14156466
2026-04-01 18:30:56,14215237
2026-04-01 18:31:50,14237793
2026-04-01 18:32:43,14214540
2026-04-01 18:33:38,14213242
2026-04-01 18:34:39,14213242
2026-04-01 18:35:40,14214540
2026-04-01 18:36:35,14233901
2026-04-01 18:37:29,14232003
2026-04-01 18:38:23,14235198
2026-04-01 18:39:16,14253959
2026-04-01 18:40:09,14253959
2026-04-01 18:41:04,14255857
2026-04-01 18:41:58,14275905
2026-04-01 18:42:51,14259749
2026-04-01 18:43:45,14255857
2026-04-01 18:44:38,14233901
2026-04-01 18:45:32,14186804
2026-04-01 18:46:25,14189999
2026-04-01 18:47:18,14215138
2026-04-01 18:48:12,14237094
2026-04-01 18:49:05,14280996
2026-04-01 18:49:59,14280996
2026-04-01 18:50:52,14264240
2026-04-01 18:51:45,14285587
2026-04-01 18:52:39,14285587
2026-04-01 18:53:32,14286885
2026-04-01 18:54:26,14307543
2026-04-01 18:55:20,14308142
2026-04-01 18:56:13,14286186
2026-04-01 18:57:06,14266834
2026-04-01 18:58:03,14267434
2026-04-01 18:58:57,14270627
2026-04-01 18:59:50,14273820
2026-04-01 19:00:43,14276414
2026-04-01 19:01:37,14301555
2026-04-01 19:02:30,14333091
2026-04-01 19:03:24,14326704
2026-04-01 19:04:17,14320316
2026-04-01 19:05:10,14348660
2026-04-01 19:06:04,14344170
2026-04-01 19:06:57,14325407
2026-04-01 19:07:51,14306645
2026-04-01 19:08:44,14284699
2026-04-01 19:09:38,14325407
2026-04-01 19:10:31,14304748
2026-04-01 19:11:25,14303451
2026-04-01 19:12:18,14304748
2026-04-01 19:13:12,14285996
2026-04-01 19:14:05,14307942
2026-04-01 19:14:59,14306645
2026-04-01 19:15:52,14306645
2026-04-01 19:16:46,14333091
2026-04-01 19:17:39,14363331
2026-04-01 19:18:33,14363331
2026-04-01 19:19:26,14360138
2026-04-01 19:20:19,14360138
2026-04-01 19:21:13,14363331
2026-04-01 19:22:06,14367822
2026-04-01 19:23:03,14392961
2026-04-01 19:23:57,14405337
2026-04-01 19:24:50,14447342
2026-04-01 19:25:42,14444747
2026-04-01 19:26:35,14408530
2026-04-01 19:27:28,14407233
2026-04-01 19:28:20,14422801
2026-04-01 19:29:13,14422801
2026-04-01 19:30:05,14425996
2026-04-01 19:31:03,14454329
2026-04-01 19:31:56,14474388
2026-04-01 19:32:48,14474388
2026-04-01 19:33:41,14471195
2026-04-01 19:34:33,14461614
2026-04-01 19:35:26,14482273
2026-04-01 19:36:18,14485466
2026-04-01 19:37:11,14488659
2026-04-01 19:38:04,14488659
2026-04-01 19:38:57,14493151
2026-04-01 19:39:49,14491254
2026-04-01 19:40:41,14491254
2026-04-01 19:41:34,14489956
2026-04-01 19:42:27,14508709
2026-04-01 19:43:19,14483570
2026-04-01 19:44:12,14508111
2026-04-01 19:45:04,14504917
2026-04-01 19:45:57,14532662
2026-04-01 19:46:50,14554618
2026-04-01 19:47:42,14554618
2026-04-01 19:48:35,14573370
2026-04-01 19:49:27,14570775
2026-04-01 19:50:20,14568880
2026-04-01 19:51:12,14595326
2026-04-01 19:52:05,14592731
2026-04-01 19:52:58,14592033
2026-04-01 19:53:50,14590736
2026-04-01 19:54:43,14595226
2026-04-01 19:55:36,14619777
2026-04-01 19:56:28,14622970
2026-04-01 19:57:21,14536453
2026-04-01 19:58:14,14492551
2026-04-01 19:59:06,14492551
2026-04-01 19:59:59,14507920
2026-04-02 08:00:03,14925045
2026-04-02 08:00:56,15095074
2026-04-02 08:01:49,15128108
2026-04-02 08:02:41,15234574
2026-04-02 08:03:34,15273297
2026-04-02 08:04:27,15277888
2026-04-02 08:05:20,15279873
2026-04-02 08:06:13,15331018
2026-04-02 08:07:06,15257276
2026-04-02 08:07:59,15203902
2026-04-02 08:08:52,15178753
2026-04-02 08:09:45,15197616
2026-04-02 08:10:37,15240420
2026-04-02 08:11:30,15220869
2026-04-02 08:12:23,15257486
2026-04-02 08:13:15,15237225
2026-04-02 08:14:08,15198813
2026-04-02 08:15:04,15174362
2026-04-02 08:15:57,15155710
2026-04-02 08:16:50,15131258
2026-04-02 08:17:42,15102715
2026-04-02 08:18:35,15102715
2026-04-02 08:19:28,15095030
2026-04-02 08:20:20,15072986
2026-04-02 08:21:13,15088543
2026-04-02 08:22:06,15095630
2026-04-02 08:22:58,15107306
2026-04-02 08:23:51,15164182
2026-04-02 08:24:43,15124173
2026-04-02 08:25:36,15092646
2026-04-02 08:26:29,15066897
2026-04-02 08:27:21,15073873
2026-04-02 08:28:14,15049832
2026-04-02 08:29:07,15021388
2026-04-02 08:29:59,15012416
2026-04-02 08:30:54,14985072
2026-04-02 08:31:47,14981069
2026-04-02 08:32:40,14978475
2026-04-02 08:33:34,14974692
2026-04-02 08:34:27,14969702
2026-04-02 08:35:20,14923196
2026-04-02 08:36:12,14922696
2026-04-02 08:37:05,14968505
2026-04-02 08:37:58,14989243
2026-04-02 08:38:50,14991149
2026-04-02 08:39:43,14991858
2026-04-02 08:40:35,14996349
2026-04-02 08:41:28,15011818
2026-04-02 08:42:20,15003434
2026-04-02 08:43:13,14973694
2026-04-02 08:44:06,14995052
2026-04-02 08:44:58,14995052
2026-04-02 08:45:51,14916819
2026-04-02 08:46:44,14871519
2026-04-02 08:47:36,14908934
2026-04-02 08:48:29,14908934
2026-04-02 08:49:22,14934083
2026-04-02 09:01:47,14655222
2026-04-02 09:02:40,14880602
2026-04-02 09:03:34,14776210
2026-04-02 09:04:27,15005370
2026-04-02 09:05:21,15201508
2026-04-02 09:06:15,15079942
2026-04-02 09:07:07,15022089
2026-04-02 09:08:04,15056818
2026-04-02 09:08:58,14753166
2026-04-02 09:09:51,14793398
2026-04-02 09:10:44,14747084
2026-04-02 09:11:37,14755036
2026-04-02 09:12:30,14756723
2026-04-02 09:13:23,14780834
2026-04-02 09:14:15,14568619
2026-04-02 09:15:10,14595558
2026-04-02 09:16:03,14685928
2026-04-02 09:16:56,14722144
2026-04-02 09:17:49,14691507
2026-04-02 09:18:42,14726145
2026-04-02 09:19:36,14622993
2026-04-02 09:20:29,14681317
2026-04-02 09:21:21,14681974
2026-04-02 09:22:15,14647704
2026-04-02 09:23:08,14740630
2026-04-02 09:24:04,14626170
2026-04-02 09:24:58,14560540
2026-04-02 09:25:51,14620003
2026-04-02 09:26:44,14602277
2026-04-02 09:27:37,14527637
2026-04-02 09:28:30,14423856
2026-04-02 09:29:23,14486879
2026-04-02 09:30:16,14467421
2026-04-02 09:31:11,14385323
2026-04-02 09:32:03,14422165
2026-04-02 09:32:56,14512494
2026-04-02 09:33:50,14448462
2026-04-02 09:34:43,14437225
2026-04-02 09:35:36,14453091
2026-04-02 09:36:30,14414849
2026-04-02 09:37:24,14384230
2026-04-02 09:38:16,14335399
2026-04-02 09:39:09,14410177
2026-04-02 09:40:06,14391117
2026-04-02 09:40:58,14370199
2026-04-02 09:41:51,14453730
2026-04-02 09:42:44,14436596
2026-04-02 09:43:37,14515107
2026-04-02 09:44:30,14428590
2026-04-02 09:45:23,14465417
2026-04-02 09:46:17,14516924
2026-04-02 09:47:11,14467902
2026-04-02 09:48:04,14406745
2026-04-02 09:48:58,14495657
2026-04-02 09:49:50,14483581
2026-04-02 09:50:44,14434411
2026-04-02 09:51:38,14451405
2026-04-02 09:52:31,14391386
2026-04-02 09:53:24,14401317
2026-04-02 09:54:17,14442126
2026-04-02 09:55:10,14441980
2026-04-02 09:56:03,14448971
2026-04-02 09:56:56,14470147
2026-04-02 09:57:49,14517872
2026-04-02 09:58:41,14536075
2026-04-02 09:59:34,14368064
2026-04-02 10:00:27,14523455
2026-04-02 10:01:21,14386043
2026-04-02 10:02:15,14403808
2026-04-02 10:03:08,14390525
2026-04-02 10:04:09,14043896
2026-04-02 10:05:05,13964843
2026-04-02 10:05:58,13921002
2026-04-02 10:06:51,13924655
2026-04-02 10:07:44,13780889
2026-04-02 10:08:36,13754911
2026-04-02 10:09:29,14019157
2026-04-02 10:10:22,14007806
2026-04-02 10:11:15,14171496
2026-04-02 10:12:08,14131836
2026-04-02 10:13:03,14024860
2026-04-02 10:13:56,13919837
2026-04-02 10:14:49,13976075
2026-04-02 10:15:43,14038440
2026-04-02 10:16:38,13826606
2026-04-02 10:17:33,13930491
2026-04-02 10:18:27,13756110
2026-04-02 10:19:21,13628278
2026-04-02 10:20:16,13989414
2026-04-02 10:21:09,14323584
2026-04-02 10:22:03,14072916
2026-04-02 10:22:56,14132366
2026-04-02 10:23:49,14196938
2026-04-02 10:24:43,14218841
2026-04-02 10:25:36,13940470
2026-04-02 10:26:30,14055025
2026-04-02 10:27:23,14210400
2026-04-02 10:28:17,14161098
2026-04-02 10:29:10,14242880
2026-04-02 10:30:04,14159003
2026-04-02 10:30:59,13906670
2026-04-02 10:31:53,13831131
2026-04-02 10:32:46,13799690
2026-04-02 10:33:41,13873195
2026-04-02 10:34:34,13926325
2026-04-02 10:35:27,14151943
2026-04-02 10:36:22,13981503
2026-04-02 10:37:15,14114750
2026-04-02 10:38:08,13847705
2026-04-02 10:39:04,13791054
2026-04-02 10:39:57,13824152
2026-04-02 10:40:49,13648251
2026-04-02 10:41:42,13657915
2026-04-02 10:42:35,13555858
2026-04-02 10:43:29,13518478
2026-04-02 10:44:22,13556400
2026-04-02 10:45:15,13487524
2026-04-02 10:46:09,13365463
2026-04-02 10:47:04,13376688
2026-04-02 10:48:03,13181135
2026-04-02 10:48:57,13449852
2026-04-02 10:49:51,13625459
2026-04-02 10:50:44,13835298
2026-04-02 10:51:37,13931893
2026-04-02 10:52:31,13892498
2026-04-02 10:53:23,13831055
2026-04-02 10:54:17,13789735
2026-04-02 10:55:11,13895151
2026-04-02 10:56:04,14071158
2026-04-02 10:56:57,13954537
2026-04-02 10:57:50,13934085
2026-04-02 10:58:43,13949269
2026-04-02 10:59:36,13902122
2026-04-02 11:00:28,13789852
2026-04-02 11:01:22,13770885
2026-04-02 11:02:16,13612138
2026-04-02 11:03:09,13602767
2026-04-02 11:04:05,13593317
2026-04-02 11:04:58,13511648
2026-04-02 11:05:52,13473435
2026-04-02 11:06:45,13432271
2026-04-02 11:07:38,13695340
2026-04-02 11:08:31,13572080
2026-04-02 11:09:24,13500618
2026-04-02 11:10:17,13471303
2026-04-02 11:11:10,13544161
2026-04-02 11:12:03,13543400
2026-04-02 11:12:56,13461343
2026-04-02 11:13:49,13491519
2026-04-02 11:14:42,13435828
2026-04-02 11:15:35,13567277
2026-04-02 11:16:29,13553733
2026-04-02 11:17:22,13522692
2026-04-02 11:18:15,13612911
2026-04-02 11:19:10,13768676
2026-04-02 11:20:03,13685954
2026-04-02 11:20:55,13644913
2026-04-02 11:21:48,13560696
2026-04-02 11:22:41,13573162
2026-04-02 11:23:33,13513939
2026-04-02 11:24:26,13392587
2026-04-02 11:25:21,13496916
2026-04-02 11:26:15,13513120
2026-04-02 11:27:08,13476790
2026-04-02 11:28:04,13411499
2026-04-02 11:28:57,13361308
2026-04-02 11:29:50,13365350
2026-04-02 11:30:44,13358074
2026-04-02 11:31:36,13288599
2026-04-02 11:32:29,13199881
2026-04-02 11:33:23,13181895
2026-04-02 11:34:16,13389621
2026-04-02 11:35:09,13426704
2026-04-02 11:36:04,13440161
2026-04-02 11:36:58,13202087
2026-04-02 11:37:51,13060207
2026-04-02 11:38:44,13136082
2026-04-02 11:39:37,13074388
2026-04-02 11:40:31,13152103
2026-04-02 11:41:24,13288311
2026-04-02 11:42:18,13284003
2026-04-02 11:43:11,13276428
2026-04-02 11:44:04,13290814
2026-04-02 11:44:57,13335472
2026-04-02 11:45:51,13394545
2026-04-02 11:46:45,13395092
2026-04-02 11:47:38,13387946
2026-04-02 11:48:33,13287591
2026-04-02 11:49:26,13242343
2026-04-02 11:50:19,13258046
2026-04-02 11:51:12,13321288
2026-04-02 11:52:05,13333140
2026-04-02 11:52:58,13424228
2026-04-02 11:53:51,13500895
2026-04-02 11:54:44,13440128
2026-04-02 11:55:37,13541197
2026-04-02 11:56:30,13434067
2026-04-02 11:57:24,13466611
2026-04-02 11:58:18,13500653
2026-04-02 11:59:11,13448493
2026-04-02 12:00:04,13366451
2026-04-02 12:00:59,13308079
2026-04-02 12:01:52,13304605
2026-04-02 12:02:45,13219294
2026-04-02 12:03:40,13131806
2026-04-02 12:04:33,13094585
2026-04-02 12:05:26,13104367
2026-04-02 12:06:19,13205328
2026-04-02 12:07:13,13267581
2026-04-02 12:08:06,13127480
2026-04-02 12:08:58,13198629
2026-04-02 12:09:52,13207806
2026-04-02 12:10:47,13157822
2026-04-02 12:11:40,13223029
2026-04-02 12:12:34,13226994
2026-04-02 12:13:27,13322351
2026-04-02 12:14:20,13298162
2026-04-02 12:15:13,13275774
2026-04-02 12:16:07,13311756
2026-04-02 12:17:03,13287661
2026-04-02 12:17:56,13262366
2026-04-02 12:18:49,13248668
2026-04-02 12:19:42,13226214
2026-04-02 12:20:36,13152167
2026-04-02 12:21:30,13185114
2026-04-02 12:22:23,13242890
2026-04-02 12:23:16,13259278
2026-04-02 12:24:09,13310068
2026-04-02 12:25:03,13299712
2026-04-02 12:25:57,13342305
2026-04-02 12:26:50,13352027
2026-04-02 12:27:43,13260116
2026-04-02 12:28:37,13176708
2026-04-02 12:29:30,13246108
2026-04-02 12:30:23,13219307
2026-04-02 12:31:16,13262193
2026-04-02 12:32:11,13221021
2026-04-02 12:33:04,13132620
2026-04-02 12:33:58,13172800
2026-04-02 12:34:51,13149930
2026-04-02 12:35:46,13141715
2026-04-02 12:36:39,13148159
2026-04-02 12:37:33,13053809
2026-04-02 12:38:28,13016411
2026-04-02 12:39:22,12948630
2026-04-02 12:40:18,12922077
2026-04-02 12:41:13,12902720
2026-04-02 12:42:06,12960272
2026-04-02 12:42:59,12906741
2026-04-02 12:43:52,13099001
2026-04-02 12:44:45,13111730
2026-04-02 12:53:06,12787101
2026-04-02 12:53:59,12735287
2026-04-02 12:54:54,12702782
2026-04-02 12:55:48,12733193
2026-04-02 12:56:42,12752470
2026-04-02 12:57:36,12767031
2026-04-02 12:58:30,12744909
2026-04-02 12:59:24,12758528
2026-04-02 13:00:18,12794602
2026-04-02 13:01:12,12896963
2026-04-02 13:02:06,12803816
2026-04-02 13:03:04,12768753
2026-04-02 13:03:58,12772879
2026-04-02 13:04:52,12735981
2026-04-02 13:05:46,12741364
2026-04-02 13:06:38,12732153
2026-04-02 13:07:32,12708976
2026-04-02 13:08:26,12794775
2026-04-02 13:09:20,12948995
2026-04-02 13:10:16,12884264
2026-04-02 13:11:11,12917185
2026-04-02 13:12:04,12913747
2026-04-02 13:12:59,12849547
2026-04-02 13:13:53,12923157
2026-04-02 13:14:46,12963751
2026-04-02 13:15:40,13035053
2026-04-02 13:16:34,13064086
2026-04-02 13:17:27,13012700
2026-04-02 13:18:25,13017193
2026-04-02 13:19:20,12967074
2026-04-02 13:20:13,12910220
2026-04-02 13:21:06,12925037
2026-04-02 13:22:04,12888961
2026-04-02 13:22:57,12848422
2026-04-02 13:23:51,12870176
2026-04-02 13:24:45,12851191
2026-04-02 13:25:40,12870090
2026-04-02 13:26:35,12874866
2026-04-02 13:27:29,12887860
2026-04-02 13:28:23,12848639
2026-04-02 13:29:17,12816205
2026-04-02 13:30:11,12822114
2026-04-02 13:31:05,12865561
2026-04-02 13:31:59,12857014
2026-04-02 13:32:53,12862438
2026-04-02 13:33:48,12868734
2026-04-02 13:34:42,12883931
2026-04-02 13:35:36,12856684
2026-04-02 13:36:30,12781066
2026-04-02 13:37:24,12839406
2026-04-02 13:38:18,12826344
2026-04-02 13:39:12,12796285
2026-04-02 13:40:06,12771517
2026-04-02 13:40:59,12765780
2026-04-02 13:41:53,12790753
2026-04-02 13:42:47,12813998
2026-04-02 13:43:41,12922743
2026-04-02 13:44:35,12856130
2026-04-02 13:45:29,12858137
2026-04-02 13:46:23,12832876
2026-04-02 13:47:17,12849828
2026-04-02 13:48:11,12905877
2026-04-02 13:49:05,12896412
2026-04-02 13:49:59,12905192
2026-04-02 13:50:53,12920402
2026-04-02 13:51:47,12867115
2026-04-02 13:52:41,12845990
2026-04-02 13:53:35,12774873
2026-04-02 13:54:29,12750295
2026-04-02 13:55:23,12757091
2026-04-02 13:56:17,12786232
2026-04-02 13:57:12,12845674
2026-04-02 13:58:06,12882314
2026-04-02 13:59:03,12934185
2026-04-02 13:59:56,12880719
2026-04-02 14:00:50,12909550
2026-04-02 14:01:45,12898523
2026-04-02 14:02:39,12910408
2026-04-02 14:03:32,12891650
2026-04-02 14:04:27,12884462
2026-04-02 14:05:21,12821636
2026-04-02 14:06:15,12816003
2026-04-02 14:07:10,12789976
2026-04-02 14:08:04,12800359
2026-04-02 14:08:59,12766867
2026-04-02 14:09:53,12698254
2026-04-02 14:10:47,12672615
2026-04-02 14:11:39,12633139
2026-04-02 14:12:32,12619390
2026-04-02 14:13:26,12661560
2026-04-02 14:14:19,12687126
2026-04-02 14:15:12,12677485
2026-04-02 14:16:06,12663995
2026-04-02 14:17:03,12620391
2026-04-02 14:17:56,12605251
2026-04-02 14:18:49,12644172
2026-04-02 14:19:43,12657138
2026-04-02 14:20:35,12590896
2026-04-02 14:21:29,12567116
2026-04-02 14:22:23,12593684
2026-04-02 14:23:16,12476013
2026-04-02 14:24:09,12457247
2026-04-02 14:25:06,12460057
2026-04-02 14:26:03,12455289
2026-04-02 14:26:56,12419764
2026-04-02 14:27:50,12304128
2026-04-02 14:28:43,12346939
2026-04-02 14:29:36,12246206
2026-04-02 14:30:31,12295038
2026-04-02 14:31:25,12237456
2026-04-02 14:32:18,12223683
2026-04-02 14:33:12,12237696
2026-04-02 14:34:05,12132029
2026-04-02 14:34:58,12152308
2026-04-02 14:35:52,12100547
2026-04-02 14:36:45,12050127
2026-04-02 14:37:39,12016827
2026-04-02 14:38:32,11988179
2026-04-02 14:39:25,11958741
2026-04-02 14:40:18,11923051
2026-04-02 14:41:12,11949294
2026-04-02 14:42:06,11918406
2026-04-02 14:43:04,11968482
2026-04-02 14:43:58,11942698
2026-04-02 14:44:52,11998442
2026-04-02 14:45:47,11939678
2026-04-02 14:46:42,11931388
2026-04-02 14:47:36,11870336
2026-04-02 14:48:31,11879372
2026-04-02 14:49:27,11904705
2026-04-02 14:50:21,11902359
2026-04-02 14:51:16,11800002
2026-04-02 14:52:10,11808715
2026-04-02 14:53:04,11787207
2026-04-02 14:53:58,11836740
2026-04-02 14:54:53,11782053
2026-04-02 14:55:48,11741764
2026-04-02 14:56:42,11755589
2026-04-02 14:57:37,11742297
2026-04-02 14:58:26,11743220
2026-04-02 14:59:21,11718594
2026-04-02 15:00:18,11734859
2026-04-02 15:01:13,11762986
2026-04-02 15:02:06,11831819
2026-04-02 15:03:04,11864544
2026-04-02 15:03:58,11853206
2026-04-02 15:04:53,12031663
2026-04-02 15:05:47,12041674
2026-04-02 15:06:41,12087694
2026-04-02 15:07:35,12161601
2026-04-02 15:08:29,12207627
2026-04-02 15:09:23,12290783
2026-04-02 15:10:16,12244108
2026-04-02 15:11:11,12243665
2026-04-02 15:12:05,12220389
2026-04-02 15:13:03,12268458
2026-04-02 15:13:57,12287950
2026-04-02 15:14:51,12266034
2026-04-02 15:15:46,12341092
2026-04-02 15:16:41,12374651
2026-04-02 15:17:35,12355091
2026-04-02 15:18:31,12406033
2026-04-02 15:19:26,12414265
2026-04-02 15:20:19,12349751
2026-04-02 15:21:15,12349751
2026-04-02 15:22:09,12349751
2026-04-02 15:23:04,12349751
2026-04-02 15:23:58,12349751
2026-04-02 15:24:53,12349751
2026-04-02 15:25:46,12349751
2026-04-02 15:26:40,12349751
2026-04-02 15:27:36,12349751
2026-04-02 15:28:30,12349751
2026-04-02 15:29:25,12349751
2026-04-02 15:30:19,12364549
2026-04-02 15:31:13,12323991
2026-04-02 15:32:08,12323991
2026-04-02 15:33:06,12323991
2026-04-02 15:34:04,12323991
2026-04-02 15:34:58,12323991
2026-04-02 15:35:53,12323991
2026-04-02 15:36:48,12323991
2026-04-02 15:37:42,12323991
2026-04-02 15:38:37,12323991
2026-04-02 15:39:32,12323991
2026-04-02 15:40:26,12374633
2026-04-02 15:41:21,12400179
2026-04-02 15:42:16,12394041
2026-04-02 15:43:11,12396488
2026-04-02 15:44:05,12414503
2026-04-02 15:45:03,12476857
2026-04-02 15:45:58,12504603
2026-04-02 15:46:53,12556138
2026-04-02 15:47:48,12532943
2026-04-02 15:48:43,12488334
2026-04-02 15:49:37,12448565
2026-04-02 15:50:31,12419671
2026-04-02 15:51:26,12415989
2026-04-02 15:52:21,12397475
2026-04-02 15:53:16,12462197
2026-04-02 15:54:11,12466326
2026-04-02 15:55:06,12490281
2026-04-02 15:56:04,12490530
2026-04-02 15:56:58,12452965
2026-04-02 15:57:52,12456109
2026-04-02 15:58:47,12482005
2026-04-02 15:59:41,12488133
2026-04-02 16:00:36,12462236
2026-04-02 16:01:30,12469159
2026-04-02 16:02:25,12443772
2026-04-02 16:03:19,12469112
2026-04-02 16:04:14,12456936
2026-04-02 16:05:08,12443824
2026-04-02 16:06:03,12482036
2026-04-02 16:06:58,12450659
2026-04-02 16:07:52,12447765
2026-04-02 16:08:48,12464819
2026-04-02 16:09:43,12434790
2026-04-02 16:10:37,12440579
2026-04-02 16:11:31,12423662
2026-04-02 16:12:26,12448603
2026-04-02 16:13:21,12447604
2026-04-02 16:14:15,12459431
2026-04-02 16:15:10,12434890
2026-04-02 16:16:03,12448654
2026-04-02 16:16:57,12457636
2026-04-02 16:17:52,12455088
2026-04-02 16:18:46,12448503
2026-04-02 16:19:41,12445520
2026-04-02 16:20:35,12461527
2026-04-02 16:21:30,12465120
2026-04-02 16:22:25,12475786
2026-04-02 16:23:19,12477593
2026-04-02 16:24:14,12506437
2026-04-02 16:25:09,12508273
2026-04-02 16:26:03,12521796
2026-04-02 16:26:58,12527535
2026-04-02 16:27:52,12497995
2026-04-02 16:28:47,12536366
2026-04-02 16:29:42,12511717
2026-04-02 16:30:36,12527485
2026-04-02 16:31:30,12526635
2026-04-02 16:32:25,12532174
2026-04-02 16:33:19,12528183
2026-04-02 16:34:14,12517912
2026-04-02 16:35:08,12520608
2026-04-02 16:36:03,12503143
2026-04-02 16:36:58,12496318
2026-04-02 16:37:52,12493373
2026-04-02 16:38:47,12499310
2026-04-02 16:39:41,12501247
2026-04-02 16:40:36,12502646
2026-04-02 16:41:30,12513124
2026-04-02 16:42:24,12513872
2026-04-02 16:43:19,12506387
2026-04-02 16:44:14,12522815
2026-04-02 16:45:08,12520220
2026-04-02 16:46:03,12505350
2026-04-02 16:46:58,12495919
2026-04-02 16:47:52,12514181
2026-04-02 16:48:46,12488322
2026-04-02 16:49:41,12513581
2026-04-02 16:50:35,12506685
2026-04-02 16:51:30,12505099
2026-04-02 16:52:24,12473223
2026-04-02 16:53:19,12488254
2026-04-02 16:54:14,12486905
2026-04-02 16:55:08,12467245
2026-04-02 16:56:03,12491247
2026-04-02 16:56:57,12501367
2026-04-02 16:57:51,12506198
2026-04-02 16:58:46,12523613
2026-04-02 16:59:40,12534072
2026-04-02 17:00:34,12533774
2026-04-02 17:01:28,12521656
2026-04-02 17:02:23,12539012
2026-04-02 17:03:17,12561916
2026-04-02 17:04:12,12560318
2026-04-02 17:05:06,12549789
2026-04-02 17:06:05,12553094
2026-04-02 17:06:59,12536127
2026-04-02 17:07:53,12526895
2026-04-02 17:08:48,12504949
2026-04-02 17:09:42,12499111
2026-04-02 17:10:36,12520707
2026-04-02 17:11:30,12521605
2026-04-02 17:12:25,12493471
2026-04-02 17:13:19,12495220
2026-04-02 17:14:14,12495470
2026-04-02 17:15:08,12466229
2026-04-02 17:16:03,12442727
2026-04-02 17:16:57,12439383
2026-04-02 17:17:51,12430809
2026-04-02 17:18:46,12414092
2026-04-02 17:19:40,12411796
2026-04-02 17:20:34,12391247
2026-04-02 17:21:29,12396229
2026-04-02 17:22:23,12372278
2026-04-02 17:23:17,12367686
2026-04-02 17:24:11,12359752
2026-04-02 17:25:06,12378665
2026-04-02 17:26:04,12354413
2026-04-02 17:26:58,12358006
2026-04-02 17:27:54,12353665
2026-04-02 17:28:52,12341647
2026-04-02 17:29:46,12341088
2026-04-02 17:30:40,12343443
2026-04-02 17:31:35,12334970
2026-04-02 17:32:29,12333475
2026-04-02 17:33:23,12364104
2026-04-02 17:34:18,12355879
2026-04-02 17:35:12,12373545
2026-04-02 17:36:07,12367857
2026-04-02 17:37:05,12333575
2026-04-02 17:37:59,12339503
2026-04-02 17:38:53,12312907
2026-04-02 17:39:48,12312956
2026-04-02 17:40:42,12334164
2026-04-02 17:41:36,12304622
2026-04-02 17:42:30,12337158
2026-04-02 17:43:25,12327528
2026-04-02 17:44:19,12353773
2026-04-02 17:45:14,12326280
2026-04-02 17:46:09,12341001
2026-04-02 17:47:03,12335920
2026-04-02 17:47:57,12336567
2026-04-02 17:48:52,12320350
2026-04-02 17:49:46,12341607
2026-04-02 17:50:40,12342746
2026-04-02 17:51:35,12334514
2026-04-02 17:52:29,12334812
2026-04-02 17:53:24,12311559
2026-04-02 17:54:18,12333813
2026-04-02 17:55:13,12318494
2026-04-02 17:56:08,12310011
2026-04-02 17:57:06,12330322
2026-04-02 17:58:03,12324582
2026-04-02 17:58:57,12325581
2026-04-02 17:59:51,12333265
2026-04-02 18:00:46,12365801
2026-04-02 18:01:40,12369492
2026-04-02 18:02:34,12399322
2026-04-02 18:03:29,12418334
2026-04-02 18:04:23,12387448
2026-04-02 18:05:17,12382258
2026-04-02 18:06:12,12400869
2026-04-02 18:07:07,12366857
2026-04-02 18:08:04,12382215
2026-04-02 18:08:58,12361318
2026-04-02 18:09:53,12364310
2026-04-02 18:10:48,12356978
2026-04-02 18:11:42,12334023
2026-04-02 18:12:37,12333025
2026-04-02 18:13:31,12311509
2026-04-02 18:14:25,12320052
2026-04-02 18:15:20,12299195
2026-04-02 18:16:15,12292555
2026-04-02 18:17:09,12292507
2026-04-02 18:18:04,12300032
2026-04-02 18:18:58,12288203
2026-04-02 18:19:53,12283265
2026-04-02 18:20:47,12299233
2026-04-02 18:21:41,12283863
2026-04-02 18:22:36,12312517
2026-04-02 18:23:30,12319742
2026-04-02 18:24:25,12316746
2026-04-02 18:25:20,12300890
2026-04-02 18:26:15,12325479
2026-04-02 18:27:09,12306767
2026-04-02 18:28:04,12313615
2026-04-02 18:28:58,12305132
2026-04-02 18:29:53,12305529
2026-04-02 18:30:47,12285621
2026-04-02 18:31:41,12281777
2026-04-02 18:32:35,12275442
2026-04-02 18:33:30,12264613
2026-04-02 18:34:25,12275989
2026-04-02 18:35:19,12273994
2026-04-02 18:36:14,12278236
2026-04-02 18:37:08,12268065
2026-04-02 18:38:03,12264771
2026-04-02 18:38:57,12267666
2026-04-02 18:39:51,12280890
2026-04-02 18:40:46,12292906
2026-04-02 18:41:40,12302836
2026-04-02 18:42:35,12272705
2026-04-02 18:43:29,12289671
2026-04-02 18:44:24,12284481
2026-04-02 18:45:18,12281437
2026-04-02 18:46:12,12260780
2026-04-02 18:47:07,12264870
2026-04-02 18:48:04,12259880
2026-04-02 18:49:53,12267616
2026-04-02 18:50:47,12243963
2026-04-02 18:51:42,12263973
2026-04-02 18:52:37,12259532
2026-04-02 18:53:31,12251147
2026-04-02 18:54:25,12279041
2026-04-02 18:55:20,12250750
2026-04-02 18:56:14,12253344
2026-04-02 18:57:09,12215530
2026-04-02 18:58:03,12223514
2026-04-02 18:58:58,12246059
2026-04-02 18:59:52,12241968
2026-04-02 19:00:47,12229653
2026-04-02 19:01:41,12205790
2026-04-02 19:02:36,12214933
2026-04-02 19:03:30,12215229
2026-04-02 19:04:25,12219214
2026-04-02 19:05:19,12233035
2026-04-02 19:06:14,12213575
2026-04-02 19:07:08,12221199
2026-04-02 19:08:03,12246799
2026-04-02 19:08:57,12222497
2026-04-02 19:09:51,12249194
2026-04-02 19:10:45,12220652
2026-04-02 19:11:40,12234373
2026-04-02 19:12:34,12206729
2026-04-02 19:13:28,12165072
2026-04-02 19:14:23,12189673
2026-04-02 19:15:18,12168106
2026-04-02 19:16:13,12177297
2026-04-02 19:17:07,12137887
2026-04-02 19:18:04,12132109
2026-04-02 19:18:59,12103276
2026-04-02 19:19:53,12120041
2026-04-02 19:20:47,12094136
2026-04-02 19:21:42,12109304
2026-04-02 19:22:36,12076281
2026-04-02 19:23:30,12054276
2026-04-02 19:24:25,12056970
2026-04-02 19:25:19,12025392
2026-04-02 19:26:14,12031280
2026-04-02 19:27:08,12028387
2026-04-02 19:28:03,12056419
2026-04-02 19:28:57,12042149
2026-04-02 19:29:51,12040551
2026-04-02 19:30:46,12054574
2026-04-02 19:31:40,12038006
2026-04-02 19:32:34,12063807
2026-04-02 19:33:29,12064653
2026-04-02 19:34:24,12029873
2026-04-02 19:35:19,12072739
2026-04-02 19:36:13,12076381
2026-04-02 19:37:08,12100123
2026-04-02 19:38:06,12098377
2026-04-02 19:39:03,12130564
2026-04-02 19:39:58,12108506
2026-04-02 19:40:52,12099325
2026-04-02 19:41:46,12120881
2026-04-02 19:42:41,12135453
2026-04-02 19:43:36,12146579
2026-04-02 19:44:30,12147927
2026-04-02 19:45:24,12164983
2026-04-02 19:46:19,12155365
2026-04-02 19:47:13,12167587
2026-04-02 19:48:07,12148615
2026-04-02 19:49:05,12148617
2026-04-02 19:49:59,12105262
2026-04-02 19:50:53,12106209
2026-04-02 19:51:48,12093586
2026-04-02 19:52:42,12092040
2026-04-02 19:53:37,12076129
2026-04-02 19:54:31,12090294
2026-04-02 19:55:26,12064803
2026-04-02 19:56:21,12041252
2026-04-02 19:57:15,12053326
2026-04-02 19:58:09,12088956
2026-04-02 19:59:04,12093338
2026-04-02 19:59:58,12323991
2026-04-03 08:37:21,13341549
2026-04-03 08:38:15,13372487
2026-04-03 08:39:08,13317806
2026-04-03 08:40:03,13388952
2026-04-03 08:40:56,13430262
2026-04-03 08:41:49,13436549
2026-04-03 08:42:43,13462695
2026-04-03 08:43:36,13442635
2026-04-03 08:44:29,13474212
2026-04-03 08:45:23,13475559
2026-04-03 08:46:16,13472466
2026-04-03 08:47:09,13497017
2026-04-03 08:48:05,13473164
2026-04-03 08:48:58,13490829
2026-04-03 08:49:51,13512388
2026-04-03 09:01:23,13828323
2026-04-03 09:02:17,14089709
2026-04-03 09:03:10,14032444
2026-04-03 09:04:03,14190231
2026-04-03 09:04:57,14389464
2026-04-03 09:05:51,14409927
2026-04-03 09:06:45,14472141
2026-04-03 09:07:39,14713214
2026-04-03 09:08:33,14763815
2026-04-03 09:09:28,14584046
2026-04-03 09:10:21,14551121
2026-04-03 09:11:15,14554824
2026-04-03 09:12:09,14672345
2026-04-03 09:13:04,14816600
2026-04-03 09:13:58,14919853
2026-04-03 09:14:51,14882709
2026-04-03 09:15:45,14895240
2026-04-03 09:16:40,14811197
2026-04-03 09:17:34,14805533
2026-04-03 09:18:27,14865144
2026-04-03 09:19:21,14695688
2026-04-03 09:20:18,14590673
2026-04-03 09:21:13,14506247
2026-04-03 09:22:07,14479240
2026-04-03 09:23:05,14394294
2026-04-03 09:23:59,14474656
2026-04-03 09:24:52,14419570
2026-04-03 09:25:47,14601814
2026-04-03 09:26:41,14652143
2026-04-03 09:27:34,14758056
2026-04-03 09:28:27,14774710
2026-04-03 09:29:21,14790523
2026-04-03 09:30:17,14654325
2026-04-03 09:31:11,14523535
2026-04-03 09:32:04,14512303
2026-04-03 09:32:59,14537749
2026-04-03 09:33:53,14554054
2026-04-03 09:34:48,14542859
2026-04-03 09:35:43,14565839
2026-04-03 09:36:35,14533741
2026-04-03 09:37:31,14526941
2026-04-03 09:38:26,14534215
2026-04-03 09:39:21,14743385
2026-04-03 09:40:17,14603210
2026-04-03 09:41:11,14658053
2026-04-03 09:42:04,14951885
2026-04-03 09:42:57,15035797
2026-04-03 09:43:52,14857371
2026-04-03 09:44:45,14881555
2026-04-03 09:45:38,14904190
2026-04-03 09:46:31,14914596
2026-04-03 09:47:26,14901960
2026-04-03 09:48:18,14831267
2026-04-03 09:49:12,14821788
2026-04-03 09:50:05,14813379
2026-04-03 09:50:59,14883194
2026-04-03 09:51:54,14871991
2026-04-03 09:52:49,14886977
2026-04-03 09:53:43,14867343
2026-04-03 09:54:35,14865670
2026-04-03 09:55:29,14911426
2026-04-03 09:56:23,14893475
2026-04-03 09:57:17,14952481
2026-04-03 09:58:10,14968094
2026-04-03 09:59:04,15010759
2026-04-03 09:59:58,15051380
2026-04-03 10:00:54,14984101
2026-04-03 10:01:47,14971872
2026-04-03 10:02:39,15034867
2026-04-03 10:03:32,15010795
2026-04-03 10:04:26,15036539
2026-04-03 10:05:19,15089787
2026-04-03 10:06:13,15048853
2026-04-03 10:07:06,15056440
2026-04-03 10:07:59,15013971
2026-04-03 10:08:53,15075092
2026-04-03 10:09:47,15078906
2026-04-03 10:10:40,15093949
2026-04-03 10:11:34,15034769
2026-04-03 10:12:27,14967579
2026-04-03 10:13:21,14965939
2026-04-03 10:14:14,14992086
2026-04-03 10:15:08,15023547
2026-04-03 10:16:05,15091743
2026-04-03 10:16:59,15050184
2026-04-03 10:17:52,15036385
2026-04-03 10:18:47,15044749
2026-04-03 10:19:42,15048264
2026-04-03 10:20:36,14959071
2026-04-03 10:21:29,14928640
2026-04-03 10:22:24,14960398
2026-04-03 10:23:19,14977024
2026-04-03 10:24:13,14967000
2026-04-03 10:25:06,15027979
2026-04-03 10:25:58,15065000
2026-04-03 10:26:51,14981812
2026-04-03 10:27:45,15020262
2026-04-03 10:28:39,15061881
2026-04-03 10:29:33,15052189
2026-04-03 10:30:26,15045671
2026-04-03 10:31:20,15045529
2026-04-03 10:32:14,15086044
2026-04-03 10:33:08,15078123
2026-04-03 10:34:03,14945561
2026-04-03 10:34:57,14990854
2026-04-03 10:35:51,14981351
2026-04-03 10:36:40,15059319
2026-04-03 10:37:33,15082423
2026-04-03 10:38:27,15176738
2026-04-03 10:39:20,15265810
2026-04-03 10:40:18,15157171
2026-04-03 10:41:11,15122410
2026-04-03 10:42:05,15154173
2026-04-03 10:42:58,15251796
2026-04-03 10:43:50,15289178
2026-04-03 10:44:42,15345293
2026-04-03 10:45:35,15330947
2026-04-03 10:46:27,15174756
2026-04-03 10:47:21,15191019
2026-04-03 10:48:16,15291968
2026-04-03 10:49:10,15271590
2026-04-03 10:50:04,15345024
2026-04-03 10:50:58,15361537
2026-04-03 10:51:51,15308121
2026-04-03 10:52:44,15212963
2026-04-03 10:53:36,15214841
2026-04-03 10:54:30,15180326
2026-04-03 10:55:25,15274564
2026-04-03 10:56:19,15188599
2026-04-03 10:57:13,15224377
2026-04-03 10:58:06,15205668
2026-04-03 10:59:04,15079450
2026-04-03 10:59:57,15143414
2026-04-03 11:00:51,15054871
2026-04-03 11:01:45,15003394
2026-04-03 11:02:39,14971091
2026-04-03 11:03:33,15027488
2026-04-03 11:04:26,15087523
2026-04-03 11:05:22,15003947
2026-04-03 11:06:15,14920042
2026-04-03 11:07:08,14854648
2026-04-03 11:08:03,14796451
2026-04-03 11:08:56,14843442
2026-04-03 11:09:50,14828971
2026-04-03 11:10:43,14797632
2026-04-03 11:11:37,14749267
2026-04-03 11:12:31,14699836
2026-04-03 11:13:26,14686272
2026-04-03 11:14:20,14699015
2026-04-03 11:15:15,14620250
2026-04-03 11:16:11,14618999
2026-04-03 11:17:05,14658968
2026-04-03 11:18:03,14707357
2026-04-03 11:18:55,14693369
2026-04-03 11:19:50,14760886
2026-04-03 11:20:45,14830770
2026-04-03 11:21:40,14806126
2026-04-03 11:22:35,14790210
2026-04-03 11:23:27,14747232
2026-04-03 11:24:22,14729975
2026-04-03 11:25:16,14724741
2026-04-03 11:26:11,14710030
2026-04-03 11:27:05,14664253
2026-04-03 11:27:59,14680905
2026-04-03 11:28:54,14684134
2026-04-03 11:29:48,14678903
2026-04-03 11:30:43,14598371
2026-04-03 11:31:36,14562756
2026-04-03 11:32:28,14501580
2026-04-03 11:33:21,14409157
2026-04-03 11:34:16,14343061
2026-04-03 11:35:10,14294552
2026-04-03 11:36:04,14311418
2026-04-03 11:36:57,14490089
2026-04-03 11:37:49,14426451
2026-04-03 11:38:42,14317737
2026-04-03 11:39:35,14310799
2026-04-03 11:40:28,14322871
2026-04-03 11:41:21,14381946
2026-04-03 11:42:14,14360714
2026-04-03 11:43:07,14311989
2026-04-03 11:44:03,14311797
2026-04-03 11:44:55,14306034
2026-04-03 11:45:49,14288879
2026-04-03 11:46:42,14201563
2026-04-03 11:47:37,14241753
2026-04-03 11:48:30,14256677
2026-04-03 11:49:22,14266429
2026-04-03 11:50:16,14348475
2026-04-03 11:51:08,14370175
2026-04-03 11:52:04,14428590
2026-04-03 11:52:59,14534829
2026-04-03 11:53:53,14531957
2026-04-03 11:54:46,14537064
2026-04-03 11:55:38,14555946
2026-04-03 11:56:33,14471379
2026-04-03 11:57:25,14470721
2026-04-03 11:58:20,14440322
2026-04-03 11:59:15,14441210
2026-04-03 12:00:10,14380890
2026-04-03 12:01:05,14441790
2026-04-03 12:02:03,14465758
2026-04-03 12:02:58,14501812
2026-04-03 12:03:50,14525101
2026-04-03 12:04:45,14459999
2026-04-03 12:05:38,14438474
2026-04-03 12:06:30,14468129
2026-04-03 12:07:25,14388863
2026-04-03 12:08:20,14379751
2026-04-03 12:09:12,14391403
2026-04-03 12:10:07,14379379
2026-04-03 12:11:05,14425046
2026-04-03 12:12:03,14364993
2026-04-03 12:12:55,14335047
2026-04-03 12:13:50,14354321
2026-04-03 12:14:45,14306538
2026-04-03 12:15:38,14296610
2026-04-03 12:16:33,14305013
2026-04-03 12:17:28,14265690
2026-04-03 12:18:24,14284733
2026-04-03 12:19:19,14284158
2026-04-03 12:20:17,14288550
2026-04-03 12:21:12,14360997
2026-04-03 12:22:07,14394286
2026-04-03 12:23:05,14405340
2026-04-03 12:24:03,14434272
2026-04-03 12:24:55,14387960
2026-04-03 12:25:47,14380681
2026-04-03 12:26:42,14338901
2026-04-03 12:27:38,14356963
2026-04-03 12:28:32,14382109
2026-04-03 12:29:27,14325102
2026-04-03 12:30:22,14352992
2026-04-03 12:31:17,14429789
2026-04-03 12:32:12,14413111
2026-04-03 12:33:08,14381540
2026-04-03 12:34:03,14457438
2026-04-03 12:34:58,14502426
2026-04-03 12:35:53,14559493
2026-04-03 12:36:48,14513666
2026-04-03 12:37:43,14499994
2026-04-03 12:38:38,14518099
2026-04-03 12:39:34,14516025
2026-04-03 12:40:29,14526612
2026-04-03 12:41:24,14454329
2026-04-03 12:42:19,14457105
2026-04-03 12:43:14,14508950
2026-04-03 12:44:09,14513894
2026-04-03 12:45:04,14528893
2026-04-03 12:46:03,14542297
2026-04-03 12:46:58,14601181
2026-04-03 12:47:52,14533454
2026-04-03 12:48:45,14516590
2026-04-03 12:49:40,14502941
2026-04-03 12:50:35,14545964
2026-04-03 12:51:30,14575243
2026-04-03 12:52:25,14570227
2026-04-03 12:53:20,14557369
2026-04-03 12:54:12,14629005
2026-04-03 12:55:05,14602701
2026-04-03 12:56:03,14654977
2026-04-03 12:56:58,14675324
2026-04-03 12:57:50,14667644
2026-04-03 12:58:46,14667726
2026-04-03 12:59:40,14714016
2026-04-03 13:00:33,14653308
2026-04-03 13:01:27,14659123
2026-04-03 13:02:22,14649465
2026-04-03 13:03:16,14704018
2026-04-03 13:04:10,14672692
2026-04-03 13:05:04,14668953
2026-04-03 13:05:58,14677622
2026-04-03 13:06:51,14713290
2026-04-03 13:07:44,14695807
2026-04-03 13:08:39,14709158
2026-04-03 13:09:33,14712755
2026-04-03 13:10:28,14747497
2026-04-03 13:11:22,14739512
2026-04-03 13:12:18,14765051
2026-04-03 13:13:13,14764712
2026-04-03 13:14:07,14718309
2026-04-03 13:15:03,14681699
2026-04-03 13:15:56,14702504
2026-04-03 13:16:51,14696670
2026-04-03 13:17:46,14724787
2026-04-03 13:18:40,14675370
2026-04-03 13:19:34,14707807
2026-04-03 13:20:27,14662693
2026-04-03 13:21:24,14702927
2026-04-03 13:22:16,14693443
2026-04-03 13:23:09,14690999
2026-04-03 13:24:05,14651835
2026-04-03 13:25:03,14641704
2026-04-03 13:25:55,14646408
2026-04-03 13:26:50,14642705
2026-04-03 13:27:46,14625566
2026-04-03 13:28:40,14573230
2026-04-03 13:29:35,14524469
2026-04-03 13:30:30,14484104
2026-04-03 13:31:25,14509209
2026-04-03 13:32:20,14557449
2026-04-03 13:33:15,14585836
2026-04-03 13:34:10,14609660
2026-04-03 13:35:06,14599088
2026-04-03 13:36:04,14595016
2026-04-03 13:36:56,14650048
2026-04-03 13:37:51,14664098
2026-04-03 13:38:46,14599867
2026-04-03 13:39:41,14601723
2026-04-03 13:40:36,14641590
2026-04-03 13:41:31,14604694
2026-04-03 13:42:26,14601942
2026-04-03 13:43:21,14570036
2026-04-03 13:44:16,14502380
2026-04-03 13:45:11,14528969
2026-04-03 13:46:06,14658432
2026-04-03 13:47:04,14676289
2026-04-03 13:47:59,14685897
2026-04-03 13:48:51,14670443
2026-04-03 13:49:46,14691200
2026-04-03 13:50:41,14663883
2026-04-03 13:51:37,14727239
2026-04-03 13:52:31,14708316
2026-04-03 13:53:26,14687732
2026-04-03 13:54:22,14672774
2026-04-03 13:55:14,14695135
2026-04-03 13:56:09,14690206
2026-04-03 13:57:05,14714450
2026-04-03 13:58:03,14720771
2026-04-03 13:58:58,14738826
2026-04-03 13:59:53,14737354
2026-04-03 14:00:48,14730353
2026-04-03 14:01:43,14683895
2026-04-03 14:02:38,14716500
2026-04-03 14:03:30,14696399
2026-04-03 14:04:26,14715167
2026-04-03 14:05:18,14718203
2026-04-03 14:06:13,14732806
2026-04-03 14:07:06,14735054
2026-04-03 14:08:04,14718444
2026-04-03 14:08:58,14688829
2026-04-03 14:09:51,14685053
2026-04-03 14:10:46,14694927
2026-04-03 14:11:41,14738229
2026-04-03 14:12:36,14737799
2026-04-03 14:13:31,14686040
2026-04-03 14:14:26,14704976
2026-04-03 14:15:21,14711144
2026-04-03 14:16:17,14725409
2026-04-03 14:17:11,14678284
2026-04-03 14:18:04,14634877
2026-04-03 14:19:03,14606874
2026-04-03 14:19:57,14581450
2026-04-03 14:20:52,14645561
2026-04-03 14:21:45,14648448
2026-04-03 14:22:40,14689539
2026-04-03 14:23:35,14679537
2026-04-03 14:24:27,14691418
2026-04-03 14:25:20,14630002
2026-04-03 14:26:15,14719249
2026-04-03 14:27:10,14696535
2026-04-03 14:28:05,14713595
2026-04-03 14:29:03,14752998
2026-04-03 14:29:58,14736678
2026-04-03 14:30:53,14717706
2026-04-03 14:31:48,14778459
2026-04-03 14:32:43,14762078
2026-04-03 14:33:36,14712622
2026-04-03 14:34:30,14715247
2026-04-03 14:35:23,14699607
2026-04-03 14:36:21,14721169
2026-04-03 14:37:15,14708884
2026-04-03 14:38:09,14719214
2026-04-03 14:39:05,14746729
2026-04-03 14:39:58,14745675
2026-04-03 14:40:51,14735668
2026-04-03 14:41:44,14735691
2026-04-03 14:42:40,14678776
2026-04-03 14:43:35,14670856
2026-04-03 14:44:30,14678477
2026-04-03 14:45:25,14688414
2026-04-03 14:46:20,14745525
2026-04-03 14:47:15,14726976
2026-04-03 14:48:09,14727291
2026-04-03 14:49:05,14751509
2026-04-03 14:49:59,14770027
2026-04-03 14:50:53,14799591
2026-04-03 14:51:46,14759400
2026-04-03 14:52:39,14788474
2026-04-03 14:53:32,14810869
2026-04-03 14:54:27,14811552
2026-04-03 14:55:20,14795530
2026-04-03 14:56:13,14756256
2026-04-03 14:57:06,14781544
2026-04-03 14:57:59,14779675
2026-04-03 14:58:52,14787664
2026-04-03 14:59:45,14750587
2026-04-03 15:00:40,14834500
2026-04-03 15:01:33,14822196
2026-04-03 15:02:26,14812231
2026-04-03 15:03:18,14803338
2026-04-03 15:04:11,14790748
2026-04-03 15:05:04,14804165
2026-04-03 15:05:57,14779735
2026-04-03 15:06:50,14754589
2026-04-03 15:07:44,14752702
2026-04-03 15:08:36,14746549
2026-04-03 15:09:29,14722702
2026-04-03 15:10:22,14658089
2026-04-03 15:11:16,14699792
2026-04-03 15:12:08,14714300
2026-04-03 15:13:06,14683442
2026-04-03 15:13:59,14674792
2026-04-03 15:14:52,14673220
2026-04-03 15:15:47,14673782
2026-04-03 15:16:41,14637333
2026-04-03 15:17:35,14679093
2026-04-03 15:18:29,14659324
2026-04-03 15:19:22,14624961
2026-04-03 15:20:16,14605123
2026-04-03 15:21:10,14605123
2026-04-03 15:22:04,14605123
2026-04-03 15:22:58,14605123
2026-04-03 15:23:51,14605123
2026-04-03 15:24:45,14605123
2026-04-03 15:25:39,14605123
2026-04-03 15:26:32,14605123
2026-04-03 15:27:26,14605123
2026-04-03 15:28:19,14605123
2026-04-03 15:29:13,14605123
2026-04-03 15:30:07,14608865
2026-04-03 15:31:03,14469127
2026-04-03 15:31:56,14469127
2026-04-03 15:32:50,14469127
2026-04-03 15:33:45,14469127
2026-04-03 15:34:38,14469127
2026-04-03 15:35:32,14469127
2026-04-03 15:36:27,14469127
2026-04-03 15:37:20,14469127
2026-04-03 15:38:14,14469127
2026-04-03 15:39:08,14469127
2026-04-03 15:40:05,14509594
2026-04-03 15:40:59,14514238
2026-04-03 15:41:52,14525503
2026-04-03 15:42:46,14483549
2026-04-03 15:43:39,14475564
2026-04-03 15:44:32,14449926
2026-04-03 15:45:27,14472471
2026-04-03 15:46:20,14472222
2026-04-03 15:47:14,14475503
2026-04-03 15:48:07,14475853
2026-04-03 15:49:04,14461541
2026-04-03 15:49:58,14461392
2026-04-03 15:50:51,14452759
2026-04-03 15:51:44,14451511
2026-04-03 15:52:38,14437401
2026-04-03 15:53:31,14396232
2026-04-03 15:54:25,14426471
2026-04-03 15:55:18,14427820
2026-04-03 15:56:11,14404817
2026-04-03 15:57:06,14412750
2026-04-03 15:57:59,14409456
2026-04-03 15:58:53,14426172
2026-04-03 15:59:46,14423877
2026-04-03 16:00:39,14419886
2026-04-03 16:01:33,14462489
2026-04-03 16:02:26,14435893
2026-04-03 16:03:20,14463836
2026-04-03 16:04:13,14465783
2026-04-03 16:05:07,14446074
2026-04-03 16:06:03,14419486
2026-04-03 16:06:57,14408408
2026-04-03 16:07:50,14400175
2026-04-03 16:08:44,14378169
2026-04-03 16:09:38,14372880
2026-04-03 16:10:31,14350685
2026-04-03 16:11:24,14349036
2026-04-03 16:12:18,14353678
2026-04-03 16:13:12,14349338
2026-04-03 16:14:05,14343398
2026-04-03 16:14:58,14340805
2026-04-03 16:15:52,14353769
2026-04-03 16:16:45,14331821
2026-04-03 16:17:39,14357061
2026-04-03 16:18:33,14327133
2026-04-03 16:19:26,14338708
2026-04-03 16:20:19,14321243
2026-04-03 16:21:13,14324534
2026-04-03 16:22:06,14341841
2026-04-03 16:23:03,14348477
2026-04-03 16:23:56,14351122
2026-04-03 16:24:50,14352470
2026-04-03 16:25:43,14343937
2026-04-03 16:26:37,14349425
2026-04-03 16:27:31,14346481
2026-04-03 16:28:24,14352470
2026-04-03 16:29:18,14352820
2026-04-03 16:30:11,14383307
2026-04-03 16:31:04,14377370
2026-04-03 16:31:58,14381060
2026-04-03 16:32:51,14424265
2026-04-03 16:33:45,14428559
2026-04-03 16:34:38,14428858
2026-04-03 16:35:32,14406213
2026-04-03 16:36:26,14402620
2026-04-03 16:37:19,14405915
2026-04-03 16:38:13,14429156
2026-04-03 16:39:06,14405216
2026-04-03 16:40:03,14395683
2026-04-03 16:40:56,14388697
2026-04-03 16:41:49,14372078
2026-04-03 16:42:43,14363098
2026-04-03 16:43:37,14365792
2026-04-03 16:44:30,14365792
2026-04-03 16:45:24,14386701
2026-04-03 16:46:17,14383408
2026-04-03 16:47:11,14363146
2026-04-03 16:48:04,14390743
2026-04-03 16:48:58,14394036
2026-04-03 16:49:52,14386850
2026-04-03 16:50:45,14368886
2026-04-03 16:51:39,14391192
2026-04-03 16:52:32,14347479
2026-04-03 16:53:25,14369135
2026-04-03 16:54:19,14347179
2026-04-03 16:55:13,14345832
2026-04-03 16:56:07,14338197
2026-04-03 16:57:04,14340194
2026-04-03 16:57:57,14349278
2026-04-03 16:58:51,14330413
2026-04-03 16:59:44,14293449
2026-04-03 17:00:37,14289157
2026-04-03 17:01:31,14288806
2026-04-03 17:02:24,14294747
2026-04-03 17:03:17,14312411
2026-04-03 17:04:11,14292700
2026-04-03 17:05:05,14288408
2026-04-03 17:05:58,14313708
2026-04-03 17:06:53,14294195
2026-04-03 17:07:46,14298837
2026-04-03 17:08:40,14266600
2026-04-03 17:09:33,14289256
2026-04-03 17:10:26,14289256
2026-04-03 17:11:20,14296542
2026-04-03 17:12:13,14304176
2026-04-03 17:13:07,14304476
2026-04-03 17:14:03,14323027
2026-04-03 17:14:56,14322831
2026-04-03 17:15:50,14326124
2026-04-03 17:16:44,14315894
2026-04-03 17:17:37,14313898
2026-04-03 17:18:31,14298888
2026-04-03 17:19:24,14291950
2026-04-03 17:20:17,14297249
2026-04-03 17:21:11,14293258
2026-04-03 17:22:05,14301241
2026-04-03 17:22:58,14303828
2026-04-03 17:23:52,14301542
2026-04-03 17:24:45,14311412
2026-04-03 17:25:39,14312459
2026-04-03 17:26:32,14361714
2026-04-03 17:27:26,14329177
2026-04-03 17:28:20,14351430
2026-04-03 17:29:13,14337700
2026-04-03 17:30:07,14356061
2026-04-03 17:31:03,14376082
2026-04-03 17:31:56,14353426
2026-04-03 17:32:50,14374323
2026-04-03 17:33:43,14349375
2026-04-03 17:34:36,14370682
2026-04-03 17:35:30,14352019
2026-04-03 17:36:24,14356362
2026-04-03 17:37:18,14353017
2026-04-03 17:38:11,14347081
2026-04-03 17:39:04,14348078
2026-04-03 17:39:58,14338796
2026-04-03 17:40:51,14319894
2026-04-03 17:41:45,14340094
2026-04-03 17:42:38,14313498
2026-04-03 17:43:32,14288907
2026-04-03 17:44:25,14288908
2026-04-03 17:45:18,14285664
2026-04-03 17:46:12,14285664
2026-04-03 17:47:06,14288958
2026-04-03 17:47:59,14307910
2026-04-03 17:48:52,14307908
2026-04-03 17:49:46,14334855
2026-04-03 17:50:40,14316490
2026-04-03 17:51:33,14362149
2026-04-03 17:52:27,14360862
2026-04-03 17:53:20,14328327
2026-04-03 17:54:14,14357519
2026-04-03 17:55:07,14382459
2026-04-03 17:56:04,14380162
2026-04-03 17:56:57,14379406
2026-04-03 17:57:51,14385045
2026-04-03 17:58:44,14352520
2026-04-03 17:59:38,14376461
2026-04-03 18:00:31,14386392
2026-04-03 18:01:26,14403068
2026-04-03 18:02:20,14404114
2026-04-03 18:03:13,14402011
2026-04-03 18:04:07,14377758
2026-04-03 18:05:03,14405352
2026-04-03 18:05:57,14398416
2026-04-03 18:06:50,14410693
2026-04-03 18:07:44,14433947
2026-04-03 18:08:37,14430305
2026-04-03 18:09:31,14424665
2026-04-03 18:10:24,14430303
2026-04-03 18:11:18,14410643
2026-04-03 18:12:11,14433646
2026-04-03 18:13:05,14413288
2026-04-03 18:13:58,14433248
2026-04-03 18:14:51,14441232
2026-04-03 18:15:45,14414646
2026-04-03 18:16:38,14415633
2026-04-03 18:17:32,14386451
2026-04-03 18:18:25,14389795
2026-04-03 18:19:19,14408108
2026-04-03 18:20:12,14386102
2026-04-03 18:21:05,14393088
2026-04-03 18:21:59,14386401
2026-04-03 18:22:53,14370382
2026-04-03 18:23:46,14374025
2026-04-03 18:24:40,14386400
2026-04-03 18:25:33,14367451
2026-04-03 18:26:27,14387100
2026-04-03 18:27:20,14364856
2026-04-03 18:28:14,14367497
2026-04-03 18:29:08,14366200
2026-04-03 18:30:04,14377218
2026-04-03 18:30:57,14385503
2026-04-03 18:31:51,14386502
2026-04-03 18:32:44,14379566
2026-04-03 18:33:38,14385503
2026-04-03 18:34:31,14391740
2026-04-03 18:35:24,14416693
2026-04-03 18:36:18,14413398
2026-04-03 18:37:12,14390443
2026-04-03 18:38:05,14409055
2026-04-03 18:38:58,14390097
2026-04-03 18:39:52,14387799
2026-04-03 18:40:45,14389395
2026-04-03 18:41:39,14384753
2026-04-03 18:42:32,14387051
2026-04-03 18:43:26,14382757
2026-04-03 18:44:19,14386400
2026-04-03 18:45:13,14389744
2026-04-03 18:46:06,14366503
2026-04-03 18:46:59,14363157
2026-04-03 18:47:53,14394385
2026-04-03 18:48:47,14387450
2026-04-03 18:49:40,14370433
2026-04-03 18:50:34,14340553
2026-04-03 18:51:27,14361212
2026-04-03 18:52:21,14350932
2026-04-03 18:53:14,14355574
2026-04-03 18:54:07,14353228
2026-04-03 18:55:04,14380114
2026-04-03 18:55:58,14351232
2026-04-03 18:56:51,14375824
2026-04-03 18:57:45,14349236
2026-04-03 18:58:38,14354525
2026-04-03 18:59:31,14328279
2026-04-03 19:00:24,14350934
2026-04-03 19:01:18,14323637
2026-04-03 19:02:11,14328577
2026-04-03 19:03:04,14324934
2026-04-03 19:03:58,14323988
2026-04-03 19:04:51,14348637
2026-04-03 19:05:45,14349986
2026-04-03 19:06:39,14324336
2026-04-03 19:07:32,14323038
2026-04-03 19:08:25,14326382
2026-04-03 19:09:18,14350932
2026-04-03 19:10:12,14323038
2026-04-03 19:11:05,14326382
2026-04-03 19:11:59,14347040
2026-04-03 19:12:52,14344746
2026-04-03 19:13:45,14340104
2026-04-03 19:14:39,14337471
2026-04-03 19:15:32,14321740
2026-04-03 19:16:26,14346043
2026-04-03 19:17:20,14318148
2026-04-03 19:18:13,14322737
2026-04-03 19:19:07,14335713
2026-04-03 19:20:04,14307879
2026-04-03 19:20:57,14296302
2026-04-03 19:21:51,14298946
2026-04-03 19:22:44,14312318
2026-04-03 19:23:37,14299295
2026-04-03 19:24:31,14296253
2026-04-03 19:25:24,14327189
2026-04-03 19:26:18,14308876
2026-04-03 19:27:12,14313457
2026-04-03 19:28:05,14314456
2026-04-03 19:28:59,14335763
2026-04-03 19:29:52,14337758
2026-04-03 19:30:45,14338108
2026-04-03 19:31:40,14357060
2026-04-03 19:32:33,14358407
2026-04-03 19:33:26,14362700
2026-04-03 19:34:20,14357060
2026-04-03 19:35:13,14361700
2026-04-03 19:36:07,14358468
2026-04-03 19:37:04,14327539
2026-04-03 19:37:57,14351831
2026-04-03 19:38:51,14354426
2026-04-03 19:39:44,14351132
2026-04-03 19:40:38,14349785
2026-04-03 19:41:32,14369694
2026-04-03 19:42:25,14374735
2026-04-03 19:43:19,14354076
2026-04-03 19:44:12,14378676
2026-04-03 19:45:05,14363657
2026-04-03 19:46:03,14368825
2026-04-03 19:46:58,14390204
2026-04-03 19:47:53,14369834
2026-04-03 19:48:47,14369584
2026-04-03 19:49:41,14386948
2026-04-03 19:50:35,14390242
2026-04-03 19:51:30,14388945
2026-04-03 19:52:24,14355463
2026-04-03 19:53:18,14382360
2026-04-03 19:54:13,14359066
2026-04-03 19:55:07,14353079
2026-04-03 19:56:05,14346740
2026-04-03 19:56:59,14301193
2026-04-03 19:57:54,14297250
2026-04-03 19:58:48,14296951
2026-04-03 19:59:42,14315962
2026-04-06 08:00:05,14387573
2026-04-06 08:01:03,14571845
2026-04-06 08:01:58,14556915
2026-04-06 08:02:53,14613100
2026-04-06 08:03:49,14574480
2026-04-06 08:04:44,14569001
2026-04-06 08:05:39,14526745
2026-04-06 08:06:32,14606065
2026-04-06 08:07:27,14617283
2026-04-06 08:08:23,14616985
2026-04-06 08:09:19,14569847
2026-04-06 08:10:17,14476146
2026-04-06 08:11:09,14475598
2026-04-06 08:12:05,14512922
2026-04-06 08:13:03,14509869
2026-04-06 08:13:58,14522931
2026-04-06 08:14:53,14535117
2026-04-06 08:15:49,14536565
2026-04-06 08:16:44,14554727
2026-04-06 08:17:39,14608969
2026-04-06 08:18:34,14624687
2026-04-06 08:19:29,14618450
2026-04-06 08:20:24,14644437
2026-04-06 08:21:19,14634359
2026-04-06 08:22:13,14628170
2026-04-06 08:23:08,14662005
2026-04-06 08:24:03,14704310
2026-04-06 08:24:58,14734348
2026-04-06 08:25:54,14747822
2026-04-06 08:26:49,14727351
2026-04-06 08:27:44,14677512
2026-04-06 08:28:39,14559019
2026-04-06 08:29:34,14578730
2026-04-06 08:30:29,14573742
2026-04-06 08:31:24,14545547
2026-04-06 08:32:19,14524539
2026-04-06 08:33:14,14507483
2026-04-06 08:34:10,14494060
2026-04-06 08:35:05,14524698
2026-04-06 08:36:03,14503390
2026-04-06 08:36:59,14507683
2026-04-06 08:37:54,14493360
2026-04-06 08:38:49,14497244
2026-04-06 08:39:44,14457544
2026-04-06 08:40:39,14458193
2026-04-06 08:41:34,14439680
2026-04-06 08:42:30,14429299
2026-04-06 08:43:25,14450559
2026-04-06 08:44:20,14415640
2026-04-06 08:45:15,14396017
2026-04-06 08:46:10,14338551
2026-04-06 08:47:06,14307716
2026-04-06 08:48:04,14409251
2026-04-06 08:48:59,14363002
2026-04-06 08:49:54,14356765
2026-04-06 09:01:48,14580574
2026-04-06 09:02:43,14375963
2026-04-06 09:03:38,14399716
2026-04-06 09:04:32,14372118
2026-04-06 09:05:27,14400027
2026-04-06 09:06:20,14649508
2026-04-06 09:07:15,14697421
2026-04-06 09:08:10,14774896
2026-04-06 09:09:05,14806599
2026-04-06 09:10:03,14838799
2026-04-06 09:11:05,14836727
2026-04-06 09:12:03,14796034
2026-04-06 09:12:59,14856435
2026-04-06 09:13:54,14846142
2026-04-06 09:14:50,14758479
2026-04-06 09:15:55,14705774
2026-04-06 09:16:50,14629912
2026-04-06 09:17:46,14600186
2026-04-06 09:18:43,14500686
2026-04-06 09:19:38,14619973
2026-04-06 09:20:40,14570164
2026-04-06 09:21:43,14441499
2026-04-06 09:22:39,14433733
2026-04-06 09:23:34,14467781
2026-04-06 09:24:31,14437132
2026-04-06 09:25:33,14365649
2026-04-06 09:26:29,14317568
2026-04-06 09:27:29,14250772
2026-04-06 09:28:24,14237815
2026-04-06 09:29:19,14186431
2026-04-06 09:30:25,14166511
2026-04-06 09:31:18,14146251
2026-04-06 09:32:13,14225778
2026-04-06 09:33:08,14261735
2026-04-06 09:34:05,14217419
2026-04-06 09:35:03,14238572
2026-04-06 09:35:59,14214382
2026-04-06 09:37:04,14135911
2026-04-06 09:37:59,14056314
2026-04-06 09:38:55,14086650
2026-04-06 09:39:50,14006109
2026-04-06 09:40:55,14165730
2026-04-06 09:41:50,14237918
2026-04-06 09:42:50,14212300
2026-04-06 09:43:45,14238799
2026-04-06 09:44:41,14166008
2026-04-06 09:45:46,14155971
2026-04-06 09:46:42,14173430
2026-04-06 09:47:37,14158402
2026-04-06 09:48:34,14172010
2026-04-06 09:49:29,14133185
2026-04-06 09:50:31,14166901
2026-04-06 09:51:34,14192958
2026-04-06 09:52:29,14270233
2026-04-06 09:53:24,14221446
2026-04-06 09:54:21,14259373
2026-04-06 09:55:23,14109306
2026-04-06 09:56:18,14155658
2026-04-06 09:57:18,14228079
2026-04-06 09:58:14,14163988
2026-04-06 09:59:09,14217169
2026-04-06 10:00:04,14200452
2026-04-06 10:01:10,14159960
2026-04-06 10:02:05,14199645
2026-04-06 10:03:03,14211750
2026-04-06 10:03:57,14214180
2026-04-06 10:04:52,14223648
2026-04-06 10:05:52,14192225
2026-04-06 10:06:55,14105447
2026-04-06 10:07:50,14125631
2026-04-06 10:08:45,14139072
2026-04-06 10:09:42,14167269
2026-04-06 10:10:47,14162409
2026-04-06 10:11:42,14137241
2026-04-06 10:12:41,14106854
2026-04-06 10:13:36,14090426
2026-04-06 10:14:31,14033747
2026-04-06 10:15:36,13996134
2026-04-06 10:16:31,13972703
2026-04-06 10:17:27,13947619
2026-04-06 10:18:23,13891021
2026-04-06 10:19:18,13876727
2026-04-06 10:20:17,13809766
2026-04-06 10:21:22,13856881
2026-04-06 10:22:17,13896521
2026-04-06 10:23:12,13937286
2026-04-06 10:24:07,13878262
2026-04-06 10:25:05,13860957
2026-04-06 10:26:05,13830404
2026-04-06 10:27:03,13825028
2026-04-06 10:27:59,13768509
2026-04-06 10:28:55,13864475
2026-04-06 10:29:50,13850434
2026-04-06 10:31:03,13792544
2026-04-06 10:31:58,13769290
2026-04-06 10:32:53,13725680
2026-04-06 10:33:47,13663839
2026-04-06 10:34:42,13683144
2026-04-06 10:35:42,13645835
2026-04-06 10:36:44,13628009
2026-04-06 10:37:40,13659928
2026-04-06 10:38:35,13656180
2026-04-06 10:39:32,13779628
2026-04-06 10:40:37,13845538
2026-04-06 10:41:32,13906477
2026-04-06 10:42:31,13950323
2026-04-06 10:43:27,13901192
2026-04-06 10:44:22,13906616
2026-04-06 10:45:28,13895763
2026-04-06 10:46:23,13916650
2026-04-06 10:47:19,13850876
2026-04-06 10:48:15,13852073
2026-04-06 10:49:10,13817348
2026-04-06 10:50:05,13765900
2026-04-06 10:51:04,13774832
2026-04-06 10:52:07,13733682
2026-04-06 10:53:05,13690495
2026-04-06 10:53:58,13674577
2026-04-06 10:54:54,13612894
2026-04-06 10:55:56,13574028
2026-04-06 10:56:51,13461929
2026-04-06 10:57:51,13448813
2026-04-06 10:58:46,13541968
2026-04-06 10:59:42,13522121
2026-04-06 11:00:49,13612372
2026-04-06 11:01:44,13533101
2026-04-06 11:02:40,13534872
2026-04-06 11:03:36,13489765
2026-04-06 11:04:31,13500941
2026-04-06 11:05:30,13472702
2026-04-06 11:06:32,13555440
2026-04-06 11:07:28,13624732
2026-04-06 11:08:23,13649687
2026-04-06 11:09:20,13658594
2026-04-06 11:10:22,13847925
2026-04-06 11:11:17,13883784
2026-04-06 11:12:22,13993887
2026-04-06 11:13:17,14018020
2026-04-06 11:14:12,13932315
2026-04-06 11:15:07,13864345
2026-04-06 11:16:09,13868035
2026-04-06 11:17:04,13913148
2026-04-06 11:17:57,13931935
2026-04-06 11:18:56,13964278
2026-04-06 11:19:51,14006531
2026-04-06 11:20:53,14036241
2026-04-06 11:21:56,14059518
2026-04-06 11:22:51,14019891
2026-04-06 11:23:46,14030300
2026-04-06 11:24:43,14007200
2026-04-06 11:25:45,13990549
2026-04-06 11:26:40,13981367
2026-04-06 11:27:40,13924192
2026-04-06 11:28:35,13926580
2026-04-06 11:29:30,13903571
2026-04-06 11:30:39,13927571
2026-04-06 11:31:34,13915953
2026-04-06 11:32:29,13941378
2026-04-06 11:33:25,13869547
2026-04-06 11:34:20,13909044
2026-04-06 11:35:20,13923554
2026-04-06 11:36:23,13900394
2026-04-06 11:37:18,13821126
2026-04-06 11:38:13,13827421
2026-04-06 11:39:13,13790662
2026-04-06 11:40:15,13765018
2026-04-06 11:41:10,13824809
2026-04-06 11:42:05,13796604
2026-04-06 11:43:05,13835686
2026-04-06 11:44:03,13802214
2026-04-06 11:44:59,13874690
2026-04-06 11:46:04,13882618
2026-04-06 11:46:56,13883847
2026-04-06 11:47:52,13909312
2026-04-06 11:48:48,13866178
2026-04-06 11:49:43,13851423
2026-04-06 11:50:45,13796254
2026-04-06 11:51:47,13808550
2026-04-06 11:52:42,13804108
2026-04-06 11:53:37,13780611
2026-04-06 11:54:34,13766388
2026-04-06 11:55:36,13750294
2026-04-06 11:56:31,13768169
2026-04-06 11:57:32,13797081
2026-04-06 11:58:27,13710524
2026-04-06 11:59:22,13692445
2026-04-06 12:00:29,13640029
2026-04-06 12:01:24,13675056
2026-04-06 12:02:19,13696677
2026-04-06 12:03:18,13676742
2026-04-06 12:04:13,13670019
2026-04-06 12:05:09,13711471
2026-04-06 12:06:05,13721309
2026-04-06 12:07:07,13691721
2026-04-06 12:08:05,13704598
2026-04-06 12:09:03,13723644
2026-04-06 12:09:57,13726194
2026-04-06 12:10:59,13703161
2026-04-06 12:11:55,13733713
2026-04-06 12:12:54,13701631
2026-04-06 12:13:50,13669044
2026-04-06 12:14:45,13683710
2026-04-06 12:15:51,13715805
2026-04-06 12:16:46,13739863
2026-04-06 12:17:41,13693555
2026-04-06 12:18:39,13731155
2026-04-06 12:19:34,13610378
2026-04-06 12:20:36,13588457
2026-04-06 12:21:39,13608379
2026-04-06 12:22:34,13659199
2026-04-06 12:23:29,13636167
2026-04-06 12:24:26,13676868
2026-04-06 12:25:29,13684118
2026-04-06 12:26:24,13671993
2026-04-06 12:27:24,13671760
2026-04-06 12:28:19,13675901
2026-04-06 12:29:14,13695331
2026-04-06 12:30:09,13603984
2026-04-06 12:31:12,13653434
2026-04-06 12:32:05,13663736
2026-04-06 12:32:57,13599666
2026-04-06 12:34:03,13601624
2026-04-06 12:34:58,13589206
2026-04-06 12:35:55,13566972
2026-04-06 12:36:58,13572337
2026-04-06 12:37:53,13536325
2026-04-06 12:38:48,13544263
2026-04-06 12:39:46,13539358
2026-04-06 12:40:51,13595004
2026-04-06 12:41:46,13547793
2026-04-06 12:42:46,13638211
2026-04-06 12:43:41,13615036
2026-04-06 12:44:36,13609648
2026-04-06 12:45:41,13612088
2026-04-06 12:46:36,13617420
2026-04-06 12:47:32,13661789
2026-04-06 12:48:28,13668146
2026-04-06 12:49:23,13653880
2026-04-06 12:50:22,13631027
2026-04-06 12:51:27,13629149
2026-04-06 12:52:22,13589434
2026-04-06 12:53:17,13619808
2026-04-06 12:54:13,13624674
2026-04-06 12:55:15,13634676
2026-04-06 12:56:11,13506788
2026-04-06 12:57:06,13536031
2026-04-06 12:58:05,13532937
2026-04-06 12:59:03,13559199
2026-04-06 12:59:58,13515942
2026-04-06 13:01:03,13506570
2026-04-06 13:01:58,13549727
2026-04-06 13:02:54,13521202
2026-04-06 13:03:47,13567309
2026-04-06 13:04:42,13629480
2026-04-06 13:05:41,13599702
2026-04-06 13:06:45,13587941
2026-04-06 13:07:40,13559862
2026-04-06 13:08:35,13542276
2026-04-06 13:09:32,13550710
2026-04-06 13:10:37,13521151
2026-04-06 13:11:32,13491141
2026-04-06 13:12:32,13491944
2026-04-06 13:13:27,13510981
2026-04-06 13:14:22,13431326
2026-04-06 13:15:28,13473319
2026-04-06 13:16:23,13477931
2026-04-06 13:17:18,13442442
2026-04-06 13:18:15,13444425
2026-04-06 13:19:11,13526527
2026-04-06 13:20:06,13458442
2026-04-06 13:21:05,13586061
2026-04-06 13:22:05,13587756
2026-04-06 13:23:03,13620421
2026-04-06 13:23:59,13449540
2026-04-06 13:24:52,13511750
2026-04-06 13:25:55,13569727
2026-04-06 13:26:50,13659523
2026-04-06 13:27:50,13707523
2026-04-06 13:28:45,13754515
2026-04-06 13:29:40,13779475
2026-04-06 13:30:48,13772605
2026-04-06 13:31:43,13724117
2026-04-06 13:32:39,13813253
2026-04-06 13:33:36,13751708
2026-04-06 13:34:31,13779196
2026-04-06 13:35:30,13846769
2026-04-06 13:36:33,13858978
2026-04-06 13:37:28,13902230
2026-04-06 13:38:23,13886153
2026-04-06 13:39:20,13960887
2026-04-06 13:40:22,14012266
2026-04-06 13:41:17,14007217
2026-04-06 13:42:21,14010118
2026-04-06 13:43:16,14012874
2026-04-06 13:44:11,13993265
2026-04-06 13:45:06,14017183
2026-04-06 13:46:10,13889335
2026-04-06 13:47:05,13864661
2026-04-06 13:48:04,13888392
2026-04-06 13:48:58,13871657
2026-04-06 13:49:53,13855392
2026-04-06 13:50:55,13827811
2026-04-06 13:51:58,13816468
2026-04-06 13:52:53,13817686
2026-04-06 13:53:48,13861185
2026-04-06 13:54:46,13849525
2026-04-06 13:55:48,13863035
2026-04-06 13:56:43,13857755
2026-04-06 13:57:43,13870562
2026-04-06 13:58:38,13875196
2026-04-06 13:59:33,13902390
2026-04-06 14:00:41,13898475
2026-04-06 14:01:37,13903829
2026-04-06 14:02:32,13923170
2026-04-06 14:03:28,13916648
2026-04-06 14:04:24,13948777
2026-04-06 14:05:23,13929319
2026-04-06 14:06:26,13880721
2026-04-06 14:07:21,13921210
2026-04-06 14:08:16,13942621
2026-04-06 14:09:12,13910119
2026-04-06 14:10:05,13984601
2026-04-06 14:11:09,13998603
2026-04-06 14:12:05,13988160
2026-04-06 14:13:06,13942800
2026-04-06 14:14:04,13947371
2026-04-06 14:14:59,13902836
2026-04-06 14:16:05,13869037
2026-04-06 14:17:03,13886179
2026-04-06 14:17:58,13886354
2026-04-06 14:18:53,13926029
2026-04-06 14:19:48,13904662
2026-04-06 14:20:47,13904084
2026-04-06 14:21:52,13857915
2026-04-06 14:22:47,13914752
2026-04-06 14:23:43,13928943
2026-04-06 14:24:39,13950293
2026-04-06 14:25:41,13937711
2026-04-06 14:26:36,13889199
2026-04-06 14:27:36,13959142
2026-04-06 14:28:32,13965810
2026-04-06 14:29:27,13953114
2026-04-06 14:30:35,13881029
2026-04-06 14:31:30,13880908
2026-04-06 14:32:26,13941398
2026-04-06 14:33:22,13875858
2026-04-06 14:34:17,13887890
2026-04-06 14:35:16,13878813
2026-04-06 14:36:19,13844386
2026-04-06 14:37:14,13850468
2026-04-06 14:38:09,13854517
2026-04-06 14:39:05,13831064
2026-04-06 14:39:58,13844088
2026-04-06 14:41:03,13807896
2026-04-06 14:41:58,13783754
2026-04-06 14:42:57,13764274
2026-04-06 14:43:52,13768948
2026-04-06 14:44:48,13797212
2026-04-06 14:45:53,13810763
2026-04-06 14:46:48,13789637
2026-04-06 14:47:43,13748743
2026-04-06 14:48:39,13724843
2026-04-06 14:49:35,13726330
2026-04-06 14:50:37,13750408
2026-04-06 14:51:40,13715164
2026-04-06 14:52:35,13783495
2026-04-06 14:53:30,13735962
2026-04-06 14:54:26,13772881
2026-04-06 14:55:28,13779591
2026-04-06 14:56:24,13741249
2026-04-06 14:57:23,13739186
2026-04-06 14:58:18,13701173
2026-04-06 14:59:13,13753941
2026-04-06 15:00:08,13752069
2026-04-06 15:01:13,13765985
2026-04-06 15:02:08,13792688
2026-04-06 15:03:04,13797179
2026-04-06 15:04:03,13761428
2026-04-06 15:04:58,13804943
2026-04-06 15:05:55,13775812
2026-04-06 15:06:57,13779458
2026-04-06 15:07:52,13823876
2026-04-06 15:08:48,13812728
2026-04-06 15:09:44,13806270
2026-04-06 15:10:49,13813081
2026-04-06 15:11:45,13849956
2026-04-06 15:12:44,13918139
2026-04-06 15:13:39,13902930
2026-04-06 15:14:35,13936227
2026-04-06 15:15:39,13927713
2026-04-06 15:16:35,13881016
2026-04-06 15:17:30,13925818
2026-04-06 15:18:26,13898078
2026-04-06 15:19:21,13892914
2026-04-06 15:20:22,13929678
2026-04-06 15:21:30,13929678
2026-04-06 15:22:23,13929678
2026-04-06 15:23:17,13929678
2026-04-06 15:24:19,13929678
2026-04-06 15:25:22,13929678
2026-04-06 15:26:17,13929678
2026-04-06 15:27:20,13929678
2026-04-06 15:28:13,13929678
2026-04-06 15:29:07,13929678
2026-04-06 15:30:05,13926325
2026-04-06 15:31:13,13928405
2026-04-06 15:32:08,13928405
2026-04-06 15:33:03,13928405
2026-04-06 15:34:03,13928405
2026-04-06 15:34:58,13928405
2026-04-06 15:35:55,13928405
2026-04-06 15:36:58,13928405
2026-04-06 15:37:53,13928405
2026-04-06 15:38:48,13928405
2026-04-06 15:39:46,13928405
2026-04-06 15:40:51,13887786
2026-04-06 15:41:46,13883146
2026-04-06 15:42:46,13889433
2026-04-06 15:43:41,13884793
2026-04-06 15:44:37,13864484
2026-04-06 15:45:42,13907387
2026-04-06 15:46:37,13908386
2026-04-06 15:47:32,13882797
2026-04-06 15:48:29,13882797
2026-04-06 15:49:24,13902097
2026-04-06 15:50:26,13901100
2026-04-06 15:51:29,13903744
2026-04-06 15:52:24,13901100
2026-04-06 15:53:20,13880151
2026-04-06 15:54:16,13875522
2026-04-06 15:55:19,13879154
2026-04-06 15:56:14,13879154
2026-04-06 15:57:14,13882797
2026-04-06 15:58:09,13882797
2026-04-06 15:59:04,13905740
2026-04-06 15:59:59,13880151
2026-04-06 16:01:05,13902097
2026-04-06 16:02:03,13902097
2026-04-06 16:02:58,13898465
2026-04-06 16:03:52,13879154
2026-04-06 16:04:47,13923056
2026-04-06 16:05:47,13905740
2026-04-06 16:06:50,13904743
2026-04-06 16:07:45,13904743
2026-04-06 16:08:40,13922057
2026-04-06 16:09:37,13926699
2026-04-06 16:10:43,13945012
2026-04-06 16:11:38,13968605
2026-04-06 16:12:37,13987566
2026-04-06 16:13:32,13960621
2026-04-06 16:14:28,13956978
2026-04-06 16:15:33,14001887
2026-04-06 16:16:29,14091338
2026-04-06 16:17:24,14062756
2026-04-06 16:18:20,14059124
2026-04-06 16:19:16,14037168
2026-04-06 16:20:15,14071138
2026-04-06 16:21:20,14084812
2026-04-06 16:22:15,14106768
2026-04-06 16:23:10,14054572
2026-04-06 16:24:06,14083913
2026-04-06 16:24:59,14081269
2026-04-06 16:26:04,14068345
2026-04-06 16:27:03,14072088
2026-04-06 16:27:56,14125919
2026-04-06 16:28:51,14089053
2026-04-06 16:29:46,14048793
2026-04-06 16:30:54,14034113
2026-04-06 16:31:49,14026080
2026-04-06 16:32:44,14038655
2026-04-06 16:33:41,13971798
2026-04-06 16:34:36,13967158
2026-04-06 16:35:35,13993106
2026-04-06 16:36:37,14033365
2026-04-06 16:37:33,14015062
2026-04-06 16:38:28,14040651
2026-04-06 16:39:24,14010420
2026-04-06 16:40:30,14021348
2026-04-06 16:41:25,14043294
2026-04-06 16:42:24,14028723
2026-04-06 16:43:19,14005880
2026-04-06 16:44:15,14010510
2026-04-06 16:45:10,14020441
2026-04-06 16:46:12,13995849
2026-04-06 16:47:07,13986568
2026-04-06 16:48:05,14015799
2026-04-06 16:48:59,14018445
2026-04-06 16:49:54,14043045
2026-04-06 16:50:57,14034762
2026-04-06 16:51:59,14061358
2026-04-06 16:52:54,14086947
2026-04-06 16:53:49,14109902
2026-04-06 16:54:46,14113544
2026-04-06 16:55:49,14110899
2026-04-06 16:56:44,14109902
2026-04-06 16:57:43,14107256
2026-04-06 16:58:39,14103613
2026-04-06 16:59:34,14078015
2026-04-06 17:00:43,14103613
2026-04-06 17:01:38,14099971
2026-04-06 17:02:33,14103613
2026-04-06 17:03:30,14098974
2026-04-06 17:04:25,14122926
2026-04-06 17:05:24,14122926
2026-04-06 17:06:27,14142876
2026-04-06 17:07:22,14141877
2026-04-06 17:08:17,14146518
2026-04-06 17:09:14,14145519
2026-04-06 17:10:17,14128215
2026-04-06 17:11:12,14150161
2026-04-06 17:12:15,14131858
2026-04-06 17:13:10,14156447
2026-04-06 17:14:05,14134501
2026-04-06 17:15:03,14135500
2026-04-06 17:16:03,14149162
2026-04-06 17:16:58,14152805
2026-04-06 17:17:53,14129862
2026-04-06 17:18:50,14145519
2026-04-06 17:19:45,14131858
2026-04-06 17:20:48,14131858
2026-04-06 17:21:50,14139143
2026-04-06 17:22:45,14135500
2026-04-06 17:23:40,14164732
2026-04-06 17:24:38,14139143
2026-04-06 17:25:40,14163733
2026-04-06 17:26:35,14201009
2026-04-06 17:27:35,14202006
2026-04-06 17:28:30,14215680
2026-04-06 17:29:25,14237626
2026-04-06 17:30:31,14189082
2026-04-06 17:31:26,14163483
2026-04-06 17:32:21,14189082
2026-04-06 17:33:21,14189082
2026-04-06 17:34:16,14193724
2026-04-06 17:35:16,14189082
2026-04-06 17:36:18,14190081
2026-04-06 17:37:14,14211038
2026-04-06 17:38:09,14208394
2026-04-06 17:39:04,14208394
2026-04-06 17:39:59,14204752
2026-04-06 17:41:04,14187435
2026-04-06 17:41:59,14209391
2026-04-06 17:42:58,14188434
2026-04-06 17:43:54,14166478
2026-04-06 17:44:49,14195070
2026-04-06 17:45:55,14191427
2026-04-06 17:46:48,14196069
2026-04-06 17:47:43,14174113
2026-04-06 17:48:43,14155800
2026-04-06 17:49:38,14159442
2026-04-06 17:50:40,14132855
2026-04-06 17:51:42,14115540
2026-04-06 17:52:38,14137496
2026-04-06 17:53:33,14137496
2026-04-06 17:54:29,14141139
2026-04-06 17:55:32,14160439
2026-04-06 17:56:27,14165081
2026-04-06 17:57:26,14187037
2026-04-06 17:58:21,14183394
2026-04-06 17:59:16,14189033
2026-04-06 18:00:12,14187037
2026-04-06 18:01:13,14191677
2026-04-06 18:02:09,14214632
2026-04-06 18:03:04,14208993
2026-04-06 18:04:04,14189681
2026-04-06 18:04:59,14188684
2026-04-06 18:05:55,14211637
2026-04-06 18:06:58,14232596
2026-04-06 18:07:53,14233593
2026-04-06 18:08:49,14229950
2026-04-06 18:09:45,14237236
2026-04-06 18:10:51,14236239
2026-04-06 18:11:46,14210640
2026-04-06 18:12:46,14237236
2026-04-06 18:13:41,14215280
2026-04-06 18:14:36,14238235
2026-04-06 18:15:42,14233593
2026-04-06 18:16:37,14238235
2026-04-06 18:17:32,14256538
2026-04-06 18:18:29,14238235
2026-04-06 18:19:22,14237236
2026-04-06 18:20:27,14237236
2026-04-06 18:21:30,14238235
2026-04-06 18:22:25,14234592
2026-04-06 18:23:20,14234592
2026-04-06 18:24:17,14230949
2026-04-06 18:25:19,14208993
2026-04-06 18:26:14,14230949
2026-04-06 18:27:14,14234592
2026-04-06 18:28:09,14229950
2026-04-06 18:29:04,14238235
2026-04-06 18:30:03,14234592
2026-04-06 18:31:05,14215280
2026-04-06 18:32:04,14218922
2026-04-06 18:32:59,14218922
2026-04-06 18:33:52,14237236
2026-04-06 18:34:48,14214283
2026-04-06 18:35:47,14218922
2026-04-06 18:36:50,14198065
2026-04-06 18:37:45,14205350
2026-04-06 18:38:41,14184042
2026-04-06 18:39:38,14180399
2026-04-06 18:40:43,14202355
2026-04-06 18:41:38,14209641
2026-04-06 18:42:38,14188684
2026-04-06 18:43:33,14192327
2026-04-06 18:44:28,14213284
2026-04-06 18:45:34,14216926
2026-04-06 18:46:29,14194970
2026-04-06 18:47:24,14173014
2026-04-06 18:48:21,14168375
2026-04-06 18:49:16,14190331
2026-04-06 18:50:16,14171018
2026-04-06 18:51:21,14138144
2026-04-06 18:52:16,14119831
2026-04-06 18:53:12,14123474
2026-04-06 18:54:07,14102517
2026-04-06 18:55:03,14079572
2026-04-06 18:56:06,14060261
2026-04-06 18:57:04,14059612
2026-04-06 18:58:04,14066897
2026-04-06 18:58:59,14050580
2026-04-06 18:59:54,14052576
2026-04-06 19:01:03,14115790
2026-04-06 19:01:58,14120430
2026-04-06 19:02:53,14122426
2026-04-06 19:03:47,14122426
2026-04-06 19:04:42,14122426
2026-04-06 19:05:45,14144382
2026-04-06 19:06:48,14125071
2026-04-06 19:07:43,14121429
2026-04-06 19:08:38,14144382
2026-04-06 19:09:35,14139742
2026-04-06 19:10:40,14122426
2026-04-06 19:11:36,14122426
2026-04-06 19:12:36,14166338
2026-04-06 19:13:31,14188284
2026-04-06 19:14:26,14188284
2026-04-06 19:15:32,14169980
2026-04-06 19:16:27,14166338
2026-04-06 19:17:23,14188284
2026-04-06 19:18:20,14184641
2026-04-06 19:19:15,14184641
2026-04-06 19:20:14,14180998
2026-04-06 19:21:20,14185640
2026-04-06 19:22:15,14185640
2026-04-06 19:23:10,14184641
2026-04-06 19:24:05,14166338
2026-04-06 19:24:59,14162695
2026-04-06 19:26:04,14144382
2026-04-06 19:27:03,14140739
2026-04-06 19:27:56,14144382
2026-04-06 19:28:51,14140739
2026-04-06 19:29:46,14145381
2026-04-06 19:30:55,14149023
2026-04-06 19:31:50,14148024
2026-04-06 19:32:46,14149023
2026-04-06 19:33:45,14145381
2026-04-06 19:34:40,14145381
2026-04-06 19:35:40,14167337
2026-04-06 19:36:43,14145381
2026-04-06 19:37:38,14149023
2026-04-06 19:38:33,14152666
2026-04-06 19:39:30,14155310
2026-04-06 19:40:32,14177266
2026-04-06 19:41:28,14199212
2026-04-06 19:42:27,14172626
2026-04-06 19:43:22,14174273
2026-04-06 19:44:17,14189930
2026-04-06 19:45:23,14193573
2026-04-06 19:46:19,14210889
2026-04-06 19:47:14,14188933
2026-04-06 19:48:09,14171627
2026-04-06 19:49:03,14189930
2026-04-06 19:49:58,14174273
2026-04-06 19:51:03,14171627
2026-04-06 19:52:05,14198215
2026-04-06 19:53:04,14176269
2026-04-06 19:53:59,14198215
2026-04-06 19:54:53,14201208
2026-04-06 19:55:52,14177266
2026-04-06 19:56:47,14197565
2026-04-06 19:57:47,14200211
2026-04-06 19:58:42,14203853
2026-04-06 19:59:37,14181907
2026-04-07 08:00:03,14880447
2026-04-07 08:00:54,14694141
2026-04-07 08:01:45,14520768
2026-04-07 08:02:35,14276996
2026-04-07 08:03:26,14319351
2026-04-07 08:04:16,14494221
2026-04-07 08:05:07,14513182
2026-04-07 08:05:57,14598491
2026-04-07 08:06:48,14514480
2026-04-07 08:07:38,14444979
2026-04-07 08:08:29,14433462
2026-04-07 08:09:19,14540078
2026-04-07 08:10:10,14564030
2026-04-07 08:11:03,14483003
2026-04-07 08:11:54,14462046
2026-04-07 08:12:44,14447974
2026-04-07 08:13:35,14394541
2026-04-07 08:14:25,14392894
2026-04-07 08:15:16,14353132
2026-04-07 08:16:06,14375588
2026-04-07 08:16:57,14350488
2026-04-07 08:17:48,14391248
2026-04-07 08:18:38,14365149
2026-04-07 08:19:29,14350488
2026-04-07 08:20:19,14302436
2026-04-07 08:21:10,14296797
2026-04-07 08:22:03,14271357
2026-04-07 08:22:54,14272845
2026-04-07 08:23:44,14317755
2026-04-07 08:24:35,14409212
2026-04-07 08:25:26,14475559
2026-04-07 08:26:16,14497515
2026-04-07 08:27:07,14494869
2026-04-07 08:27:57,14519970
2026-04-07 08:28:48,14498512
2026-04-07 08:29:38,14432165
2026-04-07 08:30:29,14447824
2026-04-07 08:31:19,14424879
2026-04-07 08:32:10,14469270
2026-04-07 08:33:03,14423882
2026-04-07 08:33:54,14441686
2026-04-07 08:34:44,14467274
2026-04-07 08:35:35,14467274
2026-04-07 08:36:26,14441187
2026-04-07 08:37:16,14467274
2026-04-07 08:38:07,14397285
2026-04-07 08:38:57,14397285
2026-04-07 08:39:48,14390998
2026-04-07 08:40:38,14434400
2026-04-07 08:41:29,14428114
2026-04-07 08:42:19,14427115
2026-04-07 08:43:10,14449061
2026-04-07 08:44:03,14441775
2026-04-07 08:44:53,14445418
2026-04-07 08:45:44,14425119
2026-04-07 08:46:34,14447065
2026-04-07 08:47:25,14454350
2026-04-07 08:48:15,14495118
2026-04-07 08:49:06,14497764
2026-04-07 08:49:56,14497764
2026-04-07 09:01:38,14231849
2026-04-07 09:02:28,14182311
2026-04-07 09:03:19,14335022
2026-04-07 09:04:10,14483105
2026-04-07 09:05:03,14434979
2026-04-07 09:05:54,14291992
2026-04-07 09:06:46,14148899
2026-04-07 09:07:37,14207732
2026-04-07 09:08:27,14225815
2026-04-07 09:09:18,14197027
2026-04-07 09:10:08,14235903
2026-04-07 09:11:03,14406652
2026-04-07 09:11:54,14349371
2026-04-07 09:12:45,14304920
2026-04-07 09:13:35,14350184
2026-04-07 09:14:26,14343559
2026-04-07 09:15:18,14412971
2026-04-07 09:16:09,14499248
2026-04-07 09:17:03,14487546
2026-04-07 09:17:53,14472916
2026-04-07 09:18:44,14497691
2026-04-07 09:19:35,14429532
2026-04-07 09:20:25,14347921
2026-04-07 09:21:16,14345261
2026-04-07 09:22:08,14431876
2026-04-07 09:22:58,14440773
2026-04-07 09:23:49,14430520
2026-04-07 09:24:40,14484920
2026-04-07 09:25:32,14485881
2026-04-07 09:26:23,14533315
2026-04-07 09:27:14,14691738
2026-04-07 09:28:05,14622786
2026-04-07 09:28:56,14693225
2026-04-07 09:29:47,14814331
2026-04-07 09:30:38,14756518
2026-04-07 09:31:29,14707796
2026-04-07 09:32:21,14599891
2026-04-07 09:33:13,14641247
2026-04-07 09:34:05,14685361
2026-04-07 09:34:58,14731001
2026-04-07 09:35:49,14665300
2026-04-07 09:36:40,14603614
2026-04-07 09:37:31,14583544
2026-04-07 09:38:06,14539333
2026-04-07 09:38:57,14551049
2026-04-07 09:39:47,14615213
2026-04-07 09:40:37,14570503
2026-04-07 09:41:27,14527279
2026-04-07 09:42:17,14596830
2026-04-07 09:43:07,14699453
2026-04-07 09:43:57,14687699
2026-04-07 09:44:47,14697867
2026-04-07 09:45:37,14662737
2026-04-07 09:46:27,14681231
2026-04-07 09:47:18,14620252
2026-04-07 09:48:08,14558537
2026-04-07 09:48:58,14596031
2026-04-07 09:49:48,14535953
2026-04-07 09:50:38,14445634
2026-04-07 09:51:57,14325954
2026-04-07 09:52:47,14392042
2026-04-07 09:53:37,14314696
2026-04-07 09:54:27,14388627
2026-04-07 09:55:17,14322429
2026-04-07 09:56:08,14260513
2026-04-07 09:56:58,14276922
2026-04-07 09:57:48,14256520
2026-04-07 09:58:38,14295404
2026-04-07 09:59:28,14254145
2026-04-07 10:00:18,14114243
2026-04-07 10:01:08,13976078
2026-04-07 10:01:58,14098610
2026-04-07 10:02:48,14118181
2026-04-07 10:03:39,14096241
2026-04-07 10:04:29,14153596
2026-04-07 10:05:20,14110464
2026-04-07 10:06:10,14048098
2026-04-07 10:07:03,14036101
2026-04-07 10:07:53,14020234
2026-04-07 10:08:43,14071203
2026-04-07 10:09:33,14033019
2026-04-07 10:10:24,14023458
2026-04-07 10:11:14,13909725
2026-04-07 10:12:04,13904027
2026-04-07 10:12:54,13987440
2026-04-07 10:13:44,13940694
2026-04-07 10:14:34,13874974
2026-04-07 10:15:25,13869475
2026-04-07 10:16:15,13938127
2026-04-07 10:17:05,13953067
2026-04-07 10:17:55,13918867
2026-04-07 10:18:45,13968836
2026-04-07 10:19:35,13968955
2026-04-07 10:20:26,13895195
2026-04-07 10:21:16,13943737
2026-04-07 10:22:06,13942254
2026-04-07 10:22:56,13924220
2026-04-07 10:23:46,13853184
2026-04-07 10:24:36,13850589
2026-04-07 10:25:26,13762251
2026-04-07 10:26:16,13736614
2026-04-07 10:27:06,13725635
2026-04-07 10:27:57,13797999
2026-04-07 10:28:47,13815174
2026-04-07 10:29:37,13796151
2026-04-07 10:30:27,13770612
2026-04-07 10:31:17,13722261
2026-04-07 10:32:07,13767350
2026-04-07 10:32:57,13728229
2026-04-07 10:33:47,13667149
2026-04-07 10:34:37,13761862
2026-04-07 10:35:27,13733678
2026-04-07 10:36:18,13761612
2026-04-07 10:37:08,13657741
2026-04-07 10:37:58,13574638
2026-04-07 10:38:48,13515813
2026-04-07 10:39:38,13466703
2026-04-07 10:40:28,13515476
2026-04-07 10:41:18,13453272
2026-04-07 10:42:09,13514429
2026-04-07 10:42:59,13480635
2026-04-07 10:43:49,13521613
2026-04-07 10:44:39,13514856
2026-04-07 10:45:29,13614368
2026-04-07 10:46:19,13694137
2026-04-07 10:47:10,13676953
2026-04-07 10:48:03,13648859
2026-04-07 10:48:53,13731154
2026-04-07 10:49:43,13652970
2026-04-07 10:50:33,13568160
2026-04-07 10:51:23,13515726
2026-04-07 10:52:13,13458679
2026-04-07 10:53:03,13316764
2026-04-07 10:53:53,13358985
2026-04-07 10:54:44,13287442
2026-04-07 10:55:34,13308222
2026-04-07 10:56:24,13221855
2026-04-07 10:57:14,13287860
2026-04-07 10:58:04,13270435
2026-04-07 10:58:54,13274339
2026-04-07 10:59:44,13259619
2026-04-07 11:00:34,13363008
2026-04-07 11:01:24,13263278
2026-04-07 11:02:14,13214805
2026-04-07 11:03:05,13174347
2026-04-07 11:03:55,13175036
2026-04-07 11:04:45,13074509
2026-04-07 11:05:35,13114478
2026-04-07 11:06:25,13156274
2026-04-07 11:07:15,13131954
2026-04-07 11:08:05,12961835
2026-04-07 11:08:55,13015227
2026-04-07 11:09:45,13117182
2026-04-07 11:10:35,13181195
2026-04-07 11:11:25,13164906
2026-04-07 11:12:16,13141175
2026-04-07 11:13:06,13014936
2026-04-07 11:13:56,13041113
2026-04-07 11:14:46,12978530
2026-04-07 11:15:36,13093670
2026-04-07 11:16:26,13078797
2026-04-07 11:17:16,13022082
2026-04-07 11:18:06,13024696
2026-04-07 11:18:56,13136773
2026-04-07 11:19:46,13122582
2026-04-07 11:20:37,13174378
2026-04-07 11:21:27,13189130
2026-04-07 11:22:17,13091634
2026-04-07 11:23:07,13087189
2026-04-07 11:23:57,13101632
2026-04-07 11:24:47,13176604
2026-04-07 11:25:37,13132850
2026-04-07 11:26:28,13188749
2026-04-07 11:27:18,13235216
2026-04-07 11:28:08,13238052
2026-04-07 11:28:58,13266453
2026-04-07 11:29:48,13271310
2026-04-07 11:30:38,13295675
2026-04-07 11:31:28,13273190
2026-04-07 11:32:18,13278180
2026-04-07 11:33:08,13292971
2026-04-07 11:33:58,13267770
2026-04-07 11:34:48,13313840
2026-04-07 11:35:39,13300854
2026-04-07 11:36:29,13316972
2026-04-07 11:37:19,13377531
2026-04-07 11:38:09,13359458
2026-04-07 11:38:59,13400345
2026-04-07 11:39:49,13331220
2026-04-07 11:40:39,13365381
2026-04-07 11:41:29,13271770
2026-04-07 11:42:19,13295701
2026-04-07 11:43:10,13315184
2026-04-07 11:44:03,13314196
2026-04-07 11:44:53,13385721
2026-04-07 11:45:43,13354744
2026-04-07 11:46:33,13387748
2026-04-07 11:47:23,13379504
2026-04-07 11:48:13,13412082
2026-04-07 11:49:03,13475902
2026-04-07 11:49:53,13449742
2026-04-07 11:50:43,13451431
2026-04-07 11:51:33,13436581
2026-04-07 11:52:24,13456681
2026-04-07 11:53:14,13448897
2026-04-07 11:54:04,13390135
2026-04-07 11:54:54,13396374
2026-04-07 11:55:44,13390693
2026-04-07 11:56:34,13395461
2026-04-07 11:57:24,13383569
2026-04-07 11:58:14,13347700
2026-04-07 11:59:04,13365135
2026-04-07 11:59:54,13393328
2026-04-07 12:00:45,13408468
2026-04-07 12:01:35,13458399
2026-04-07 12:02:25,13430843
2026-04-07 12:03:15,13450843
2026-04-07 12:04:05,13468267
2026-04-07 12:04:55,13459156
2026-04-07 12:05:45,13418987
2026-04-07 12:06:35,13394743
2026-04-07 12:07:25,13367496
2026-04-07 12:08:15,13340934
2026-04-07 12:09:05,13304796
2026-04-07 12:09:55,13362819
2026-04-07 12:10:46,13377170
2026-04-07 12:11:36,13389037
2026-04-07 12:12:26,13320914
2026-04-07 12:13:16,13356723
2026-04-07 12:14:06,13359386
2026-04-07 12:14:56,13423030
2026-04-07 12:15:46,13473867
2026-04-07 12:16:36,13466502
2026-04-07 12:17:27,13418640
2026-04-07 12:18:17,13413271
2026-04-07 12:19:07,13377457
2026-04-07 12:19:57,13294101
2026-04-07 12:20:47,13269952
2026-04-07 12:21:37,13327136
2026-04-07 12:22:27,13342007
2026-04-07 12:23:17,13360310
2026-04-07 12:24:07,13343615
2026-04-07 12:24:58,13374242
2026-04-07 12:25:48,13341308
2026-04-07 12:26:38,13318567
2026-04-07 12:27:28,13319306
2026-04-07 12:28:18,13354045
2026-04-07 12:29:08,13376711
2026-04-07 12:29:58,13324545
2026-04-07 12:30:48,13320415
2026-04-07 12:31:38,13409496
2026-04-07 12:32:28,13388529
2026-04-07 12:33:19,13390434
2026-04-07 12:34:09,13409027
2026-04-07 12:34:59,13381243
2026-04-07 12:35:49,13303578
2026-04-07 12:36:39,13308852
2026-04-07 12:37:29,13281152
2026-04-07 12:38:19,13262921
2026-04-07 12:39:09,13267819
2026-04-07 12:39:59,13240754
2026-04-07 12:40:49,13278158
2026-04-07 12:41:39,13207639
2026-04-07 12:42:30,13242062
2026-04-07 12:43:20,13193589
2026-04-07 12:44:10,13221503
2026-04-07 12:45:03,13204267
2026-04-07 12:45:53,13209547
2026-04-07 12:46:43,13205434
2026-04-07 12:47:33,13205624
2026-04-07 12:48:23,13208637
2026-04-07 12:49:13,13161862
2026-04-07 12:50:04,13157020
2026-04-07 12:50:54,13150864
2026-04-07 12:51:44,13165495
2026-04-07 12:52:34,13078069
2026-04-07 12:53:24,13119457
2026-04-07 12:54:14,13138568
2026-04-07 12:55:04,13091403
2026-04-07 12:55:54,13101920
2026-04-07 12:56:45,13144597
2026-04-07 12:57:35,13153430
2026-04-07 12:58:25,13143605
2026-04-07 12:59:15,13118210
2026-04-07 13:00:05,13117133
2026-04-07 13:00:55,13063132
2026-04-07 13:01:45,13104989
2026-04-07 13:02:35,13132351
2026-04-07 13:03:26,13176186
2026-04-07 13:04:16,13105970
2026-04-07 13:05:06,13044164
2026-04-07 13:05:56,13066878
2026-04-07 13:06:46,13055899
2026-04-07 13:07:36,13018495
2026-04-07 13:08:26,13005253
2026-04-07 13:09:16,13054852
2026-04-07 13:10:06,13051199
2026-04-07 13:10:56,13049783
2026-04-07 13:11:47,13011792
2026-04-07 13:12:37,12957468
2026-04-07 13:13:27,12971460
2026-04-07 13:14:17,12925702
2026-04-07 13:15:07,12920232
2026-04-07 13:15:57,12957382
2026-04-07 13:16:47,12968985
2026-04-07 13:17:37,12958794
2026-04-07 13:18:27,12975388
2026-04-07 13:19:17,12950901
2026-04-07 13:20:08,12971110
2026-04-07 13:20:58,13036618
2026-04-07 13:21:48,13073077
2026-04-07 13:22:38,13053844
2026-04-07 13:23:28,13118546
2026-04-07 13:24:18,13135320
2026-04-07 13:25:08,13151589
2026-04-07 13:25:58,13174632
2026-04-07 13:26:48,13154951
2026-04-07 13:27:38,13162787
2026-04-07 13:28:29,13160692
2026-04-07 13:29:19,13159048
2026-04-07 13:30:09,13159942
2026-04-07 13:30:59,13203155
2026-04-07 13:31:49,13279962
2026-04-07 13:32:39,13282866
2026-04-07 13:33:29,13239382
2026-04-07 13:34:20,13306697
2026-04-07 13:35:10,13299042
2026-04-07 13:36:03,13295421
2026-04-07 13:36:53,13308633
2026-04-07 13:37:43,13281997
2026-04-07 13:38:33,13212026
2026-04-07 13:39:23,13202045
2026-04-07 13:40:14,13226548
2026-04-07 13:41:04,13201090
2026-04-07 13:41:55,13237925
2026-04-07 13:42:45,13233105
2026-04-07 13:43:35,13248115
2026-04-07 13:44:25,13243770
2026-04-07 13:45:15,13211578
2026-04-07 13:46:05,13278625
2026-04-07 13:46:55,13251801
2026-04-07 13:47:45,13257846
2026-04-07 13:48:35,13302588
2026-04-07 13:49:25,13298008
2026-04-07 13:50:15,13272726
2026-04-07 13:51:05,13320442
2026-04-07 13:51:56,13285063
2026-04-07 13:52:46,13266271
2026-04-07 13:53:36,13186091
2026-04-07 13:54:26,13228455
2026-04-07 13:55:16,13249124
2026-04-07 13:56:06,13247925
2026-04-07 13:56:56,13249382
2026-04-07 13:57:46,13207010
2026-04-07 13:58:36,13196547
2026-04-07 13:59:26,13208680
2026-04-07 14:00:17,13132585
2026-04-07 14:01:07,13135058
2026-04-07 14:01:57,13182484
2026-04-07 14:02:47,13191457
2026-04-07 14:03:37,13172943
2026-04-07 14:04:27,13139410
2026-04-07 14:05:17,13141606
2026-04-07 14:06:07,13131078
2026-04-07 14:06:57,13081906
2026-04-07 14:07:48,13085914
2026-04-07 14:08:38,13081787
2026-04-07 14:09:28,13072584
2026-04-07 14:10:18,13096267
2026-04-07 14:11:08,13087912
2026-04-07 14:11:58,13105239
2026-04-07 14:12:48,13152376
2026-04-07 14:13:38,13122803
2026-04-07 14:14:28,13124970
2026-04-07 14:15:18,13113603
2026-04-07 14:16:09,13075928
2026-04-07 14:16:59,13099522
2026-04-07 14:17:49,13117803
2026-04-07 14:18:39,13081185
2026-04-07 14:19:29,13092295
2026-04-07 14:20:20,13096127
2026-04-07 14:21:10,13075238
2026-04-07 14:22:03,13134889
2026-04-07 14:22:53,13106793
2026-04-07 14:23:43,13033602
2026-04-07 14:24:33,13030169
2026-04-07 14:25:23,13031356
2026-04-07 14:26:13,13014642
2026-04-07 14:27:03,12998296
2026-04-07 14:27:53,13037087
2026-04-07 14:28:43,12939752
2026-04-07 14:29:33,12949870
2026-04-07 14:30:24,12929522
2026-04-07 14:31:14,12876058
2026-04-07 14:32:04,12951868
2026-04-07 14:32:54,12996144
2026-04-07 14:33:44,12987204
2026-04-07 14:34:34,13026287
2026-04-07 14:35:24,13012241
2026-04-07 14:36:14,13014012
2026-04-07 14:37:04,13005308
2026-04-07 14:37:54,13017994
2026-04-07 14:38:44,13084461
2026-04-07 14:39:34,13041267
2026-04-07 14:40:24,13135856
2026-04-07 14:41:15,13108013
2026-04-07 14:42:05,13106167
2026-04-07 14:42:55,13090558
2026-04-07 14:43:45,13149210
2026-04-07 14:44:35,13113353
2026-04-07 14:45:25,13099440
2026-04-07 14:46:15,13179230
2026-04-07 14:47:05,13187954
2026-04-07 14:47:55,13158956
2026-04-07 14:48:45,13174341
2026-04-07 14:49:35,13133657
2026-04-07 14:50:26,13195740
2026-04-07 14:51:16,13239500
2026-04-07 14:52:06,13342963
2026-04-07 14:52:56,13383992
2026-04-07 14:53:46,13361784
2026-04-07 14:54:36,13426706
2026-04-07 14:55:26,13416170
2026-04-07 14:56:16,13445547
2026-04-07 14:57:06,13459888
2026-04-07 14:57:56,13492720
2026-04-07 14:58:46,13476239
2026-04-07 14:59:37,13458867
2026-04-07 15:00:27,13387031
2026-04-07 15:01:17,13469497
2026-04-07 15:02:07,13449766
2026-04-07 15:02:57,13555123
2026-04-07 15:03:47,13593997
2026-04-07 15:04:37,13571921
2026-04-07 15:05:27,13568646
2026-04-07 15:06:17,13553887
2026-04-07 15:07:07,13559756
2026-04-07 15:07:57,13639407
2026-04-07 15:08:48,13638038
2026-04-07 15:09:38,13665652
2026-04-07 15:10:28,13605154
2026-04-07 15:11:18,13597983
2026-04-07 15:12:08,13544555
2026-04-07 15:12:58,13587000
2026-04-07 15:13:48,13582848
2026-04-07 15:14:38,13539476
2026-04-07 15:15:28,13546752
2026-04-07 15:16:18,13527062
2026-04-07 15:17:09,13513759
2026-04-07 15:17:59,13532600
2026-04-07 15:18:49,13546892
2026-04-07 15:19:39,13515646
2026-04-07 15:20:29,13484386
2026-04-07 15:21:19,13484386
2026-04-07 15:22:09,13484386
2026-04-07 15:22:59,13484386
2026-04-07 15:23:49,13484386
2026-04-07 15:24:39,13484386
2026-04-07 15:25:29,13484386
2026-04-07 15:26:19,13484386
2026-04-07 15:27:09,13484386
2026-04-07 15:27:59,13484386
2026-04-07 15:28:49,13484386
2026-04-07 15:29:40,13484386
2026-04-07 15:30:30,13490364
2026-04-07 15:31:20,13490364
2026-04-07 15:32:10,13490364
2026-04-07 15:33:03,13490364
2026-04-07 15:33:53,13490364
2026-04-07 15:34:43,13490364
2026-04-07 15:35:33,13490364
2026-04-07 15:36:23,13490364
2026-04-07 15:37:13,13490364
2026-04-07 15:38:03,13490364
2026-04-07 15:38:54,13490364
2026-04-07 15:39:44,13490364
2026-04-07 15:40:34,13459436
2026-04-07 15:41:24,13445962
2026-04-07 15:42:14,13406042
2026-04-07 15:43:04,13459436
2026-04-07 15:43:54,13402050
2026-04-07 15:44:44,13415025
2026-04-07 15:45:34,13424006
2026-04-07 15:46:24,13419516
2026-04-07 15:47:14,13410534
2026-04-07 15:48:05,13362140
2026-04-07 15:48:55,13353169
2026-04-07 15:49:45,13379606
2026-04-07 15:50:35,13379606
2026-04-07 15:51:25,13348678
2026-04-07 15:52:15,13348678
2026-04-07 15:53:05,13326722
2026-04-07 15:53:55,13322230
2026-04-07 15:54:45,13273838
2026-04-07 15:55:35,13300274
2026-04-07 15:56:25,13335704
2026-04-07 15:57:16,13393069
2026-04-07 15:58:06,13415025
2026-04-07 15:58:56,13379606
2026-04-07 15:59:46,13375115
2026-04-07 16:00:36,13348678
2026-04-07 16:01:26,13348678
2026-04-07 16:02:16,13326722
2026-04-07 16:03:06,13300274
2026-04-07 16:03:56,13295784
2026-04-07 16:04:46,13300274
2026-04-07 16:05:36,13291293
2026-04-07 16:06:27,13291293
2026-04-07 16:07:17,13295784
2026-04-07 16:08:07,13264856
2026-04-07 16:08:57,13238408
2026-04-07 16:09:47,13233918
2026-04-07 16:10:37,13238408
2026-04-07 16:11:27,13269347
2026-04-07 16:12:17,13269347
2026-04-07 16:13:07,13264856
2026-04-07 16:13:57,13269347
2026-04-07 16:14:47,13264856
2026-04-07 16:15:38,13238408
2026-04-07 16:16:28,13260364
2026-04-07 16:17:18,13251383
2026-04-07 16:18:08,13229427
2026-04-07 16:18:58,13229427
2026-04-07 16:19:48,13224936
2026-04-07 16:20:39,13207471
2026-04-07 16:21:29,13202980
2026-04-07 16:22:19,13242900
2026-04-07 16:23:09,13247391
2026-04-07 16:23:59,13247391
2026-04-07 16:24:49,13247391
2026-04-07 16:25:39,13247391
2026-04-07 16:26:29,13247391
2026-04-07 16:27:19,13242900
2026-04-07 16:28:09,13207471
2026-04-07 16:28:59,13198488
2026-04-07 16:29:49,13215954
2026-04-07 16:30:40,13198488
2026-04-07 16:31:30,13176542
2026-04-07 16:32:20,13193998
2026-04-07 16:33:10,13172052
2026-04-07 16:34:03,13167561
2026-04-07 16:34:53,13145605
2026-04-07 16:35:43,13141114
2026-04-07 16:36:33,13145605
2026-04-07 16:37:23,13154586
2026-04-07 16:38:13,13211962
2026-04-07 16:39:04,13238408
2026-04-07 16:39:54,13260364
2026-04-07 16:40:44,13233918
2026-04-07 16:41:34,13207471
2026-04-07 16:42:24,13229427
2026-04-07 16:43:14,13255874
2026-04-07 16:44:04,13255874
2026-04-07 16:44:54,13229427
2026-04-07 16:45:44,13264856
2026-04-07 16:46:34,13291293
2026-04-07 16:47:25,13291293
2026-04-07 16:48:15,13286802
2026-04-07 16:49:05,13260364
2026-04-07 16:49:55,13255874
2026-04-07 16:50:45,13260364
2026-04-07 16:51:35,13255874
2026-04-07 16:52:25,13233918
2026-04-07 16:53:15,13229427
2026-04-07 16:54:05,13233918
2026-04-07 16:54:55,13233918
2026-04-07 16:55:45,13251383
2026-04-07 16:56:36,13233918
2026-04-07 16:57:26,13229427
2026-04-07 16:58:16,13229427
2026-04-07 16:59:06,13229427
2026-04-07 16:59:56,13229427
2026-04-07 17:00:46,13251383
2026-04-07 17:01:36,13264856
2026-04-07 17:02:26,13348678
2026-04-07 17:03:16,13393069
2026-04-07 17:04:06,13375115
2026-04-07 17:04:56,13353169
2026-04-07 17:05:47,13322230
2026-04-07 17:06:37,13317740
2026-04-07 17:07:27,13308758
2026-04-07 17:08:17,13313249
2026-04-07 17:09:07,13317740
2026-04-07 17:09:57,13344186
2026-04-07 17:10:47,13353169
2026-04-07 17:11:37,13375115
2026-04-07 17:12:27,13379606
2026-04-07 17:13:17,13371123
2026-04-07 17:14:08,13393069
2026-04-07 17:14:58,13410534
2026-04-07 17:15:48,13401562
2026-04-07 17:16:38,13410534
2026-04-07 17:17:28,13415025
2026-04-07 17:18:18,13441472
2026-04-07 17:19:08,13415025
2026-04-07 17:19:58,13415025
2026-04-07 17:20:49,13441472
2026-04-07 17:21:39,13441472
2026-04-07 17:22:29,13428498
2026-04-07 17:23:19,13428498
2026-04-07 17:24:09,13424006
2026-04-07 17:24:59,13436981
2026-04-07 17:25:49,13419516
2026-04-07 17:26:40,13419516
2026-04-07 17:27:30,13419516
2026-04-07 17:28:20,13419516
2026-04-07 17:29:10,13419516
2026-04-07 17:30:03,13379606
2026-04-07 17:30:53,13366632
2026-04-07 17:31:43,13397560
2026-04-07 17:32:33,13424006
2026-04-07 17:33:23,13428498
2026-04-07 17:34:14,13428498
2026-04-07 17:35:04,13428498
2026-04-07 17:35:54,13454945
2026-04-07 17:36:44,13450454
2026-04-07 17:37:34,13445962
2026-04-07 17:38:24,13424006
2026-04-07 17:39:14,13419516
2026-04-07 17:40:04,13419516
2026-04-07 17:41:50,13406042
2026-04-07 17:42:40,13427998
2026-04-07 17:43:30,13415025
2026-04-07 17:44:20,13415025
2026-04-07 17:45:10,13410534
2026-04-07 17:46:03,13419516
2026-04-07 17:46:53,13393069
2026-04-07 17:47:43,13388578
2026-04-07 17:48:33,13362140
2026-04-07 17:49:23,13362140
2026-04-07 17:50:14,13362140
2026-04-07 17:51:05,13335704
2026-04-07 17:51:55,13353169
2026-04-07 17:52:45,13353169
2026-04-07 17:53:35,13331213
2026-04-07 17:54:25,13331213
2026-04-07 17:55:15,13331213
2026-04-07 17:56:05,13304766
2026-04-07 17:56:55,13309257
2026-04-07 17:57:45,13304766
2026-04-07 17:58:35,13340184
2026-04-07 17:59:25,13340184
2026-04-07 18:00:16,13393069
2026-04-07 18:01:06,13428498
2026-04-07 18:01:56,13459436
2026-04-07 18:02:46,13441970
2026-04-07 18:03:36,13432989
2026-04-07 18:04:26,13450454
2026-04-07 18:05:16,13424006
2026-04-07 18:06:06,13419516
2026-04-07 18:06:56,13419516
2026-04-07 18:07:46,13397560
2026-04-07 18:08:36,13397560
2026-04-07 18:09:27,13432989
2026-04-07 18:10:17,13432989
2026-04-07 18:11:07,13415524
2026-04-07 18:11:57,13441970
2026-04-07 18:12:47,13463926
2026-04-07 18:13:37,13446462
2026-04-07 18:14:27,13446462
2026-04-07 18:15:18,13463926
2026-04-07 18:16:08,13437480
2026-04-07 18:16:58,13437480
2026-04-07 18:17:48,13437480
2026-04-07 18:18:38,13441970
2026-04-07 18:19:28,13441970
2026-04-07 18:20:18,13459436
2026-04-07 18:21:08,13463926
2026-04-07 18:21:58,13441970
2026-04-07 18:22:48,13437480
2026-04-07 18:23:39,13437480
2026-04-07 18:24:29,13437480
2026-04-07 18:25:19,13454945
2026-04-07 18:26:09,13459436
2026-04-07 18:26:59,13437480
2026-04-07 18:27:49,13446462
2026-04-07 18:28:39,13441970
2026-04-07 18:29:29,13463926
2026-04-07 18:30:20,13463926
2026-04-07 18:31:10,13468418
2026-04-07 18:32:03,13441970
2026-04-07 18:32:53,13446462
2026-04-07 18:33:43,13463926
2026-04-07 18:34:33,13463926
2026-04-07 18:35:23,13499346
2026-04-07 18:36:13,13525792
2026-04-07 18:37:03,13508328
2026-04-07 18:37:53,13530284
2026-04-07 18:38:43,13521302
2026-04-07 18:39:33,13494855
2026-04-07 18:40:24,13490364
2026-04-07 18:41:14,13463926
2026-04-07 18:42:04,13468418
2026-04-07 18:42:54,13454945
2026-04-07 18:43:44,13454945
2026-04-07 18:44:34,13454945
2026-04-07 18:45:24,13428498
2026-04-07 18:46:14,13406542
2026-04-07 18:47:04,13402050
2026-04-07 18:47:54,13406542
2026-04-07 18:48:44,13406542
2026-04-07 18:49:34,13437480
2026-04-07 18:50:25,13437480
2026-04-07 18:51:15,13437480
2026-04-07 18:52:05,13437480
2026-04-07 18:52:55,13420014
2026-04-07 18:53:45,13437480
2026-04-07 18:54:35,13420014
2026-04-07 18:55:25,13415524
2026-04-07 18:56:15,13415524
2026-04-07 18:57:05,13384596
2026-04-07 18:57:55,13384596
2026-04-07 18:58:45,13406542
2026-04-07 18:59:36,13384596
2026-04-07 19:00:26,13406542
2026-04-07 19:01:16,13384596
2026-04-07 19:02:06,13380104
2026-04-07 19:02:56,13358148
2026-04-07 19:03:46,13349167
2026-04-07 19:04:36,13349167
2026-04-07 19:05:26,13340184
2026-04-07 19:06:17,13366632
2026-04-07 19:07:07,13349167
2026-04-07 19:07:57,13366632
2026-04-07 19:08:47,13353658
2026-04-07 19:09:37,13344676
2026-04-07 19:10:27,13313748
2026-04-07 19:11:17,13304766
2026-04-07 19:12:07,13287311
2026-04-07 19:12:57,13265355
2026-04-07 19:13:47,13300774
2026-04-07 19:14:37,13274326
2026-04-07 19:15:28,13269846
2026-04-07 19:16:18,13269846
2026-04-07 19:17:08,13300774
2026-04-07 19:17:58,13300774
2026-04-07 19:18:48,13322720
2026-04-07 19:19:38,13300774
2026-04-07 19:20:28,13300774
2026-04-07 19:21:18,13296282
2026-04-07 19:22:08,13318228
2026-04-07 19:22:58,13291802
2026-04-07 19:23:49,13282820
2026-04-07 19:24:39,13282820
2026-04-07 19:25:29,13256372
2026-04-07 19:26:19,13229926
2026-04-07 19:27:09,13194506
2026-04-07 19:27:59,13163569
2026-04-07 19:28:49,13163569
2026-04-07 19:29:39,13198998
2026-04-07 19:30:29,13177042
2026-04-07 19:31:19,13172550
2026-04-07 19:32:09,13168060
2026-04-07 19:33:03,13159078
2026-04-07 19:33:53,13128140
2026-04-07 19:34:43,13097212
2026-04-07 19:35:33,13075256
2026-04-07 19:36:23,13048818
2026-04-07 19:37:13,13039837
2026-04-07 19:38:03,13013390
2026-04-07 19:38:53,13008898
2026-04-07 19:39:43,13013390
2026-04-07 19:40:34,13053300
2026-04-07 19:41:24,13070774
2026-04-07 19:42:14,13057302
2026-04-07 19:43:04,13110186
2026-04-07 19:43:54,13110186
2026-04-07 19:44:44,13066284
2026-04-07 19:45:34,13039837
2026-04-07 19:46:24,13008898
2026-04-07 19:47:14,12968988
2026-04-07 19:48:04,12964498
2026-04-07 19:48:54,12920586
2026-04-07 19:49:45,12911604
2026-04-07 19:50:35,12863210
2026-04-07 19:51:25,12854229
2026-04-07 19:52:15,12810327
2026-04-07 19:53:05,12796864
2026-04-07 19:53:55,12774908
2026-04-07 19:54:45,12867702
2026-04-07 19:55:35,12876185
2026-04-07 19:56:25,12880676
2026-04-07 19:57:15,12880676
2026-04-07 19:58:05,12880676
2026-04-07 19:58:55,12854229
2026-04-07 19:59:46,12854229
2026-04-08 08:00:03,15802912
2026-04-08 08:00:53,15892712
2026-04-08 08:01:43,15713102
2026-04-08 08:02:34,18020627
2026-04-08 08:03:24,18043081
2026-04-08 08:04:14,15057515
2026-04-08 08:05:04,14791599
2026-04-08 08:05:54,14614973
2026-04-08 08:06:44,14857945
2026-04-08 08:07:34,15033563
2026-04-08 08:08:24,15121877
2026-04-08 08:09:14,15165789
2026-04-08 08:10:04,15055031
2026-04-08 08:10:54,14945261
2026-04-08 08:11:44,14878405
2026-04-08 08:12:35,15010620
2026-04-08 08:13:25,15099421
2026-04-08 08:14:15,15099421
2026-04-08 08:15:05,15121377
2026-04-08 08:15:55,15187735
2026-04-08 08:16:45,15209191
2026-04-08 08:17:35,15231647
2026-04-08 08:18:25,15254102
2026-04-08 08:19:15,15231647
2026-04-08 08:20:05,15253593
2026-04-08 08:20:55,15319960
2026-04-08 08:21:46,15363862
2026-04-08 08:22:36,15385818
2026-04-08 08:23:26,15407265
2026-04-08 08:24:16,15429221
2026-04-08 08:25:06,15451167
2026-04-08 08:25:56,15429221
2026-04-08 08:26:46,15341906
2026-04-08 08:27:36,15385818
2026-04-08 08:28:26,15385818
2026-04-08 08:29:16,15385818
2026-04-08 08:30:06,15363363
2026-04-08 08:30:56,15385818
2026-04-08 08:31:46,15275049
2026-04-08 08:32:37,15208693
2026-04-08 08:33:27,15142835
2026-04-08 08:34:17,15208194
2026-04-08 08:35:07,15275049
2026-04-08 08:35:57,15319451
2026-04-08 08:36:47,15319451
2026-04-08 08:37:37,15363862
2026-04-08 08:38:27,15352385
2026-04-08 08:39:17,15374341
2026-04-08 08:40:07,15407764
2026-04-08 08:40:58,15407764
2026-04-08 08:41:48,15407764
2026-04-08 08:42:38,15385818
2026-04-08 08:43:28,15407764
2026-04-08 08:44:18,15429720
2026-04-08 08:45:08,15473622
2026-04-08 08:45:58,15583392
2026-04-08 08:46:48,15649250
2026-04-08 08:47:38,15649250
2026-04-08 08:48:28,15693152
2026-04-08 08:49:18,15671196
2026-04-08 09:01:49,16236883
2026-04-08 09:02:39,16361734
2026-04-08 09:03:30,16398554
2026-04-08 09:04:20,16352686
2026-04-08 09:05:10,16213005
2026-04-08 09:06:03,16143993
2026-04-08 09:06:53,16106205
2026-04-08 09:07:43,16139842
2026-04-08 09:08:34,16253414
2026-04-08 09:09:24,16246868
2026-04-08 09:10:14,16251758
2026-04-08 09:11:04,16233843
2026-04-08 09:11:54,16300900
2026-04-08 09:12:44,16291751
2026-04-08 09:13:34,16278004
2026-04-08 09:14:24,16314600
2026-04-08 09:15:14,16277435
2026-04-08 09:16:04,16263602
2026-04-08 09:16:54,16237455
2026-04-08 09:17:44,16178312
2026-04-08 09:18:35,16174948
2026-04-08 09:19:25,16333615
2026-04-08 09:20:15,16360994
2026-04-08 09:21:05,16382929
2026-04-08 09:44:35,16301923
2026-04-08 09:45:26,16309399
2026-04-08 09:46:17,16290905
2026-04-08 09:47:07,16389369
2026-04-08 09:47:57,16450794
2026-04-08 09:48:47,16562989
2026-04-08 09:49:37,16636723
2026-04-08 09:50:28,16708586
2026-04-08 09:51:18,16767780
2026-04-08 09:52:08,16740256
2026-04-08 09:52:59,16804936
2026-04-08 09:53:49,16662391
2026-04-08 09:54:39,16609039
2026-04-08 09:55:29,16586393
2026-04-08 09:56:19,16600575
2026-04-08 09:57:09,16522480
2026-04-08 09:57:59,16522044
2026-04-08 09:58:49,16499384
2026-04-08 09:59:39,16540865
2026-04-08 10:00:30,16593859
2026-04-08 10:01:20,16556263
2026-04-08 10:02:11,16554107
2026-04-08 10:03:03,16527021
2026-04-08 10:03:53,16507481
2026-04-08 10:04:43,16461434
2026-04-08 10:05:33,16474127
2026-04-08 10:06:23,16494018
2026-04-08 10:07:13,16483280
2026-04-08 10:08:03,16537740
2026-04-08 10:08:53,16559675
2026-04-08 10:09:43,16540311
2026-04-08 10:10:33,16542344
2026-04-08 10:11:24,16509470
2026-04-08 10:12:14,16533144
2026-04-08 10:13:04,16536917
2026-04-08 10:13:54,16524523
2026-04-08 10:14:44,16558176
2026-04-08 10:15:34,16562126
2026-04-08 10:16:24,16578483
2026-04-08 10:17:14,16588194
2026-04-08 10:18:04,16576638
2026-04-08 10:18:54,16587966
2026-04-08 10:19:44,16573652
2026-04-08 10:20:35,16563931
2026-04-08 10:21:21,16563982
2026-04-08 10:22:12,16557954
2026-04-08 10:23:03,16590739
2026-04-08 10:23:53,16590100
2026-04-08 10:24:43,16609540
2026-04-08 10:25:33,16606338
2026-04-08 10:26:23,16619880
2026-04-08 10:27:13,16610360
2026-04-08 10:28:03,16596876
2026-04-08 10:28:54,16604600
2026-04-08 10:29:44,16652334
2026-04-08 10:30:34,16679919
2026-04-08 10:31:24,16646853
2026-04-08 10:32:14,16589677
2026-04-08 10:33:04,16548862
2026-04-08 10:33:54,16534592
2026-04-08 10:34:44,16565767
2026-04-08 10:35:34,16530436
2026-04-08 10:36:24,16512333
2026-04-08 10:37:15,16463535
2026-04-08 10:38:05,16450062
2026-04-08 10:38:55,16489941
2026-04-08 10:39:45,16510615
2026-04-08 10:40:35,16512801
2026-04-08 10:41:25,16487079
2026-04-08 10:42:15,16450385
2026-04-08 10:43:05,16426643
2026-04-08 10:43:55,16418395
2026-04-08 10:44:45,16368576
2026-04-08 10:45:35,16400613
2026-04-08 10:46:26,16424904
2026-04-08 10:47:16,16409762
2026-04-08 10:48:06,16414275
2026-04-08 10:48:57,16356438
2026-04-08 10:49:47,16319894
2026-04-08 10:50:37,16381420
2026-04-08 10:51:27,16347017
2026-04-08 10:52:17,16373743
2026-04-08 10:53:07,16357217
2026-04-08 10:53:58,16353594
2026-04-08 10:54:48,16255368
2026-04-08 10:55:38,16283392
2026-04-08 10:56:28,16280927
2026-04-08 10:57:18,16253186
2026-04-08 10:58:08,16257765
2026-04-08 10:58:58,16292983
2026-04-08 10:59:48,16302945
2026-04-08 11:00:39,16314308
2026-04-08 11:01:29,16333933
2026-04-08 11:02:19,16369451
2026-04-08 11:03:09,16394403
2026-04-08 11:03:59,16365969
2026-04-08 11:04:49,16384055
2026-04-08 11:05:40,16397310
2026-04-08 11:06:30,16410573
2026-04-08 11:07:20,16436113
2026-04-08 11:08:10,16409545
2026-04-08 11:09:03,16390684
2026-04-08 11:09:53,16409175
2026-04-08 11:10:43,16433527
2026-04-08 11:11:33,16396322
2026-04-08 11:12:23,16365212
2026-04-08 11:13:13,16417808
2026-04-08 11:14:04,16404905
2026-04-08 11:14:54,16393387
2026-04-08 11:15:44,16427520
2026-04-08 11:16:34,16435355
2026-04-08 11:17:24,16446340
2026-04-08 11:18:14,16497160
2026-04-08 11:19:04,16440405
2026-04-08 11:19:54,16425360
2026-04-08 11:20:45,16420849
2026-04-08 11:21:35,16424413
2026-04-08 11:22:25,16451538
2026-04-08 11:23:15,16461110
2026-04-08 11:24:05,16483984
2026-04-08 11:24:55,16470142
2026-04-08 11:25:45,16413224
2026-04-08 11:26:35,16397178
2026-04-08 11:27:25,16389482
2026-04-08 11:28:16,16382907
2026-04-08 11:29:06,16438205
2026-04-08 11:29:56,16394335
2026-04-08 11:30:46,16374787
2026-04-08 11:31:36,16362057
2026-04-08 11:32:23,16368295
2026-04-08 11:33:13,16419316
2026-04-08 11:34:03,16404221
2026-04-08 11:34:53,16417592
2026-04-08 11:35:43,16403942
2026-04-08 11:36:34,16448660
2026-04-08 11:37:24,16420340
2026-04-08 11:38:14,16433951
2026-04-08 11:39:04,16425462
2026-04-08 11:39:54,16400874
2026-04-08 11:40:44,16412799
2026-04-08 11:41:34,16419910
2026-04-08 11:42:25,16390642
2026-04-08 11:43:15,16396138
2026-04-08 11:44:05,16391917
2026-04-08 11:44:55,16375808
2026-04-08 11:45:45,16362261
2026-04-08 11:46:35,16360825
2026-04-08 11:47:25,16341052
2026-04-08 11:48:15,16350834
2026-04-08 11:49:05,16369863
2026-04-08 11:49:55,16380066
2026-04-08 11:50:46,16368996
2026-04-08 11:51:36,16326079
2026-04-08 11:52:26,16313095
2026-04-08 11:53:16,16345640
2026-04-08 11:54:06,16342495
2026-04-08 11:54:56,16291068
2026-04-08 11:55:46,16276906
2026-04-08 11:56:36,16305867
2026-04-08 11:57:26,16257194
2026-04-08 11:58:16,16245186
2026-04-08 11:59:06,16279608
2026-04-08 11:59:57,16303617
2026-04-08 12:00:47,16247828
2026-04-08 12:01:37,16273188
2026-04-08 12:02:27,16312300
2026-04-08 12:03:18,16308007
2026-04-08 12:04:08,16316104
2026-04-08 12:04:58,16358548
2026-04-08 12:05:48,16345105
2026-04-08 12:06:38,16339079
2026-04-08 12:07:28,16338370
2026-04-08 12:08:18,16357020
2026-04-08 12:09:08,16376864
2026-04-08 12:09:58,16369378
2026-04-08 12:10:49,16394869
2026-04-08 12:11:39,16387315
2026-04-08 12:12:29,16391098
2026-04-08 12:13:19,16388932
2026-04-08 12:14:09,16410442
2026-04-08 12:14:59,16393575
2026-04-08 12:15:49,16418035
2026-04-08 12:16:39,16410750
2026-04-08 12:17:29,16439999
2026-04-08 12:18:20,16418283
2026-04-08 12:19:10,16440516
2026-04-08 12:20:03,16405449
2026-04-08 12:20:53,16418929
2026-04-08 12:21:43,16439388
2026-04-08 12:22:33,16406225
2026-04-08 12:23:23,16417333
2026-04-08 12:24:14,16403432
2026-04-08 12:25:04,16443861
2026-04-08 12:25:54,16416224
2026-04-08 12:26:44,16425206
2026-04-08 12:27:34,16421394
2026-04-08 12:28:24,16408559
2026-04-08 12:29:14,16445945
2026-04-08 12:30:04,16427274
2026-04-08 12:30:54,16420269
2026-04-08 12:31:45,16449720
2026-04-08 12:32:35,16447373
2026-04-08 12:33:25,16428501
2026-04-08 12:34:15,16470377
2026-04-08 12:35:06,16439232
2026-04-08 12:35:56,16453579
2026-04-08 12:36:46,16468932
2026-04-08 12:37:36,16467792
2026-04-08 12:38:26,16469378
2026-04-08 12:39:16,16486696
2026-04-08 12:40:06,16469912
2026-04-08 12:40:56,16498924
2026-04-08 12:41:46,16470757
2026-04-08 12:42:36,16474104
2026-04-08 12:43:26,16469604
2026-04-08 12:44:17,16496359
2026-04-08 12:45:07,16485602
2026-04-08 12:45:57,16445302
2026-04-08 12:46:47,16438845
2026-04-08 12:47:37,16509494
2026-04-08 12:48:27,16511927
2026-04-08 12:49:17,16471871
2026-04-08 12:50:07,16518407
2026-04-08 12:50:58,16485930
2026-04-08 12:51:48,16491433
2026-04-08 12:52:38,16484462
2026-04-08 12:53:29,16477565
2026-04-08 12:54:19,16475391
2026-04-08 12:55:09,16512676
2026-04-08 12:55:59,16544147
2026-04-08 12:56:49,16557849
2026-04-08 12:57:39,16591709
2026-04-08 12:58:29,16620086
2026-04-08 12:59:19,16591502
2026-04-08 13:00:09,16578517
2026-04-08 13:01:03,16571131
2026-04-08 13:01:53,16641791
2026-04-08 13:02:43,16651660
2026-04-08 13:03:33,16677268
2026-04-08 13:04:23,16712681
2026-04-08 13:05:13,16754255
2026-04-08 13:06:04,16771063
2026-04-08 13:06:54,16829844
2026-04-08 13:07:44,16843678
2026-04-08 13:08:34,16851693
2026-04-08 13:09:24,16884575
2026-04-08 13:10:14,16803628
2026-04-08 13:11:04,16790147
2026-04-08 13:11:54,16842998
2026-04-08 13:12:44,16860559
2026-04-08 13:13:35,16937929
2026-04-08 13:14:25,17021351
2026-04-08 13:15:15,17009175
2026-04-08 13:16:05,16999983
2026-04-08 13:16:55,16971506
2026-04-08 13:17:45,16950942
2026-04-08 13:18:35,16928508
2026-04-08 13:19:25,16914959
2026-04-08 13:20:16,16869230
2026-04-08 13:21:06,16961031
2026-04-08 13:21:56,16957667
2026-04-08 13:22:46,16989265
2026-04-08 13:23:36,17000123
2026-04-08 13:24:26,17042689
2026-04-08 13:25:16,17044979
2026-04-08 13:26:06,17089540
2026-04-08 13:26:56,17111716
2026-04-08 13:27:46,17080328
2026-04-08 13:28:37,17140427
2026-04-08 13:29:27,17064190
2026-04-08 13:30:17,17047374
2026-04-08 13:31:07,17018425
2026-04-08 13:31:58,17050380
2026-04-08 13:32:48,17018535
2026-04-08 13:33:38,17078823
2026-04-08 13:34:28,17113972
2026-04-08 13:35:18,17130290
2026-04-08 13:36:08,17134108
2026-04-08 13:36:58,17124156
2026-04-08 13:37:48,17121198
2026-04-08 13:38:38,17111333
2026-04-08 13:39:29,17071372
2026-04-08 13:40:19,17139977
2026-04-08 13:41:09,17160594
2026-04-08 13:41:59,17150938
2026-04-08 13:42:49,17151663
2026-04-08 13:43:39,17159686
2026-04-08 13:44:29,17127830
2026-04-08 13:45:19,17161003
2026-04-08 13:46:10,17164476
2026-04-08 13:47:03,17164796
2026-04-08 13:47:53,17168726
2026-04-08 13:48:43,17194307
2026-04-08 13:49:29,17179965
2026-04-08 13:50:20,17167860
2026-04-08 13:51:11,17147411
2026-04-08 13:52:03,17149697
2026-04-08 13:52:53,17132640
2026-04-08 13:53:43,17176432
2026-04-08 13:54:33,17224861
2026-04-08 13:55:23,17282818
2026-04-08 13:56:13,17288066
2026-04-08 13:57:03,17281901
2026-04-08 13:57:53,17288805
2026-04-08 13:58:43,17280075
2026-04-08 13:59:34,17249356
2026-04-08 14:00:24,17120952
2026-04-08 14:01:14,17044287
2026-04-08 14:02:04,16959788
2026-04-08 14:02:54,16959318
2026-04-08 14:03:44,17030396
2026-04-08 14:04:35,17022161
2026-04-08 14:05:25,17028458
2026-04-08 14:06:15,17072180
2026-04-08 14:07:05,16977479
2026-04-08 14:07:55,17018356
2026-04-08 14:08:45,16980462
2026-04-08 14:09:35,16941870
2026-04-08 14:10:25,16963926
2026-04-08 14:11:16,16979264
2026-04-08 14:12:06,16979417
2026-04-08 14:12:56,16957607
2026-04-08 14:13:46,16972509
2026-04-08 14:14:36,17040473
2026-04-08 14:15:26,17021682
2026-04-08 14:16:16,17042300
2026-04-08 14:17:06,17046499
2026-04-08 14:17:56,17053107
2026-04-08 14:18:47,17061897
2026-04-08 14:19:37,16994802
2026-04-08 14:20:28,16980341
2026-04-08 14:21:18,16997337
2026-04-08 14:22:08,16980643
2026-04-08 14:22:58,17009544
2026-04-08 14:23:48,16985551
2026-04-08 14:24:38,16981321
2026-04-08 14:25:28,16861110
2026-04-08 14:26:18,16841371
2026-04-08 14:27:08,16795502
2026-04-08 14:27:59,16779811
2026-04-08 14:28:49,16792774
2026-04-08 14:29:39,16815409
2026-04-08 14:30:29,16865690
2026-04-08 14:30:38,16872186
2026-04-08 14:31:29,16915082
2026-04-08 14:32:07,16934392
2026-04-08 14:32:57,16890700
2026-04-08 14:33:48,16935611
2026-04-08 14:34:38,16954773
2026-04-08 14:35:28,16876179
2026-04-08 14:36:18,16828754
2026-04-08 14:37:08,16828676
2026-04-08 14:37:58,16790570
2026-04-08 14:38:48,16749943
2026-04-08 14:39:38,16681380
2026-04-08 14:40:29,16742495
2026-04-08 14:41:19,16670052
2026-04-08 14:42:09,16684773
2026-04-08 14:42:59,16678146
2026-04-08 14:43:49,16726176
2026-04-08 14:44:39,16694526
2026-04-08 14:45:29,16746661
2026-04-08 14:46:19,16823317
2026-04-08 14:47:09,16849594
2026-04-08 14:48:03,16797039
2026-04-08 14:48:53,16811522
2026-04-08 14:49:43,16767021
2026-04-08 14:50:33,16846211
2026-04-08 14:51:23,16901506
2026-04-08 14:52:13,16894496
2026-04-08 14:53:04,16838707
2026-04-08 14:53:54,16844197
2026-04-08 14:54:44,16839007
2026-04-08 14:55:34,16891143
2026-04-08 14:56:24,16883682
2026-04-08 14:57:14,16870988
2026-04-08 14:58:04,16897946
2026-04-08 14:58:54,16904793
2026-04-08 14:59:44,16947416
2026-04-08 15:00:35,16979333
2026-04-08 15:01:25,17018794
2026-04-08 15:02:15,16943046
2026-04-08 15:03:05,16965022
2026-04-08 15:03:55,16967505
2026-04-08 15:04:45,16985639
2026-04-08 15:05:36,17023164
2026-04-08 15:06:26,17019750
2026-04-08 15:07:16,16917746
2026-04-08 15:08:06,16891079
2026-04-08 15:08:56,16872556
2026-04-08 15:09:46,16914330
2026-04-08 15:10:36,16834790
2026-04-08 15:11:27,16901737
2026-04-08 15:12:17,16827073
2026-04-08 15:13:07,16867605
2026-04-08 15:13:57,16875810
2026-04-08 15:14:47,16904450
2026-04-08 15:15:37,16923883
2026-04-08 15:16:27,16971667
2026-04-08 15:17:17,16899251
2026-04-08 15:18:07,16920888
2026-04-08 15:18:57,16930578
2026-04-08 15:19:48,16948742
2026-04-08 15:20:38,16962305
2026-04-08 15:21:28,16962305
2026-04-08 15:22:18,16962305
2026-04-08 15:23:08,16962305
2026-04-08 15:23:58,16962305
2026-04-08 15:24:48,16962305
2026-04-08 15:25:38,16962305
2026-04-08 15:26:28,16962305
2026-04-08 15:27:19,16962305
2026-04-08 15:28:09,16962305
2026-04-08 15:28:59,16962305
2026-04-08 15:29:49,16962305
2026-04-08 15:30:39,16822324
2026-04-08 15:31:29,16822324
2026-04-08 15:32:19,16822324
2026-04-08 15:33:10,16822324
2026-04-08 15:34:03,16822324
2026-04-08 15:34:53,16822324
2026-04-08 15:35:43,16822324
2026-04-08 15:36:33,16822324
2026-04-08 15:37:23,16822324
2026-04-08 15:38:13,16822324
2026-04-08 15:39:03,16822324
2026-04-08 15:39:53,16822324
2026-04-08 15:40:44,16776416
2026-04-08 15:41:34,16768532
2026-04-08 15:42:24,16766636
2026-04-08 15:43:14,16787894
2026-04-08 15:44:04,16801067
2026-04-08 15:44:54,16825009
2026-04-08 15:45:44,16775718
2026-04-08 15:46:34,16796975
2026-04-08 15:47:25,16770429
2026-04-08 15:48:15,16801267
2026-04-08 15:49:05,16777315
2026-04-08 15:49:55,16801267
2026-04-08 15:50:45,16754759
2026-04-08 15:51:35,16732016
2026-04-08 15:52:25,16685409
2026-04-08 15:53:16,16678821
2026-04-08 15:54:06,16659371
2026-04-08 15:54:56,16675927
2026-04-08 15:55:46,16676027
2026-04-08 15:56:36,16666646
2026-04-08 15:57:26,16675429
2026-04-08 15:58:16,16675528
2026-04-08 15:59:06,16680119
2026-04-08 15:59:56,16703872
2026-04-08 16:00:47,16682315
2026-04-08 16:01:37,16686906
2026-04-08 16:02:27,16684111
2026-04-08 16:03:17,16689600
2026-04-08 16:04:07,16712954
2026-04-08 16:04:57,16735609
2026-04-08 16:05:47,16742894
2026-04-08 16:06:37,16719042
2026-04-08 16:07:28,16769729
2026-04-08 16:08:18,16774320
2026-04-08 16:09:08,16771625
2026-04-08 16:09:58,16790189
2026-04-08 16:10:48,16793581
2026-04-08 16:11:38,16773621
2026-04-08 16:12:28,16799668
2026-04-08 16:13:19,16824918
2026-04-08 16:14:09,16832504
2026-04-08 16:14:59,16829200
2026-04-08 16:15:49,16839090
2026-04-08 16:16:39,16850667
2026-04-08 16:17:29,16844679
2026-04-08 16:18:19,16834000
2026-04-08 16:19:09,16848072
2026-04-08 16:19:59,16844679
2026-04-08 16:20:50,16821924
2026-04-08 16:21:40,16800767
2026-04-08 16:22:30,16807453
2026-04-08 16:23:20,16799870
2026-04-08 16:24:10,16826016
2026-04-08 16:25:03,16796575
2026-04-08 16:25:53,16809750
2026-04-08 16:26:43,16808252
2026-04-08 16:27:33,16808252
2026-04-08 16:28:24,16796575
2026-04-08 16:29:14,16796675
2026-04-08 16:30:04,16796575
2026-04-08 16:30:54,16793183
2026-04-08 16:31:44,16801964
2026-04-08 16:32:34,16818631
2026-04-08 16:33:25,16794580
2026-04-08 16:34:15,16814440
2026-04-08 16:35:05,16815139
2026-04-08 16:35:55,16795178
2026-04-08 16:36:45,16814338
2026-04-08 16:37:35,16792482
2026-04-08 16:38:25,16782903
2026-04-08 16:39:15,16804060
2026-04-08 16:40:05,16781106
2026-04-08 16:40:56,16807652
2026-04-08 16:41:46,16779608
2026-04-08 16:42:36,16785596
2026-04-08 16:43:26,16790587
2026-04-08 16:44:16,16796575
2026-04-08 16:45:06,16821925
2026-04-08 16:45:56,16795876
2026-04-08 16:46:46,16814338
2026-04-08 16:47:37,16841684
2026-04-08 16:48:27,16840387
2026-04-08 16:49:17,16842383
2026-04-08 16:50:07,16842383
2026-04-08 16:50:57,16839788
2026-04-08 16:51:47,16844279
2026-04-08 16:52:38,16841086
2026-04-08 16:53:28,16843681
2026-04-08 16:54:18,16864828
2026-04-08 16:55:08,16885587
2026-04-08 16:55:58,16888381
2026-04-08 16:56:48,16887483
2026-04-08 16:57:38,16888980
2026-04-08 16:58:28,16910237
2026-04-08 16:59:18,16930686
2026-04-08 17:00:08,16931285
2026-04-08 17:00:59,16912732
2026-04-08 17:01:49,16912832
2026-04-08 17:02:39,16934778
2026-04-08 17:03:29,16936774
2026-04-08 17:04:19,16916225
2026-04-08 17:05:09,16936774
2026-04-08 17:06:03,16914729
2026-04-08 17:06:53,16917323
2026-04-08 17:07:43,16898761
2026-04-08 17:08:33,16889978
2026-04-08 17:09:23,16898062
2026-04-08 17:10:14,16914529
2026-04-08 17:11:05,16924409
2026-04-08 17:11:55,16914928
2026-04-08 17:12:45,16894569
2026-04-08 17:13:35,16916426
2026-04-08 17:14:25,16894569
2026-04-08 17:15:15,16919819
2026-04-08 17:16:05,16899859
2026-04-08 17:16:55,16919819
2026-04-08 17:17:46,16894470
2026-04-08 17:18:36,16921016
2026-04-08 17:19:26,16918422
2026-04-08 17:20:16,16918422
2026-04-08 17:21:06,16888482
2026-04-08 17:21:56,16896466
2026-04-08 17:22:46,16899959
2026-04-08 17:23:37,16923811
2026-04-08 17:24:27,16901855
2026-04-08 17:25:17,16901855
2026-04-08 17:26:07,16921915
2026-04-08 17:26:57,16923811
2026-04-08 17:27:47,16944858
2026-04-08 17:28:37,16943761
2026-04-08 17:29:27,16920318
2026-04-08 17:30:18,16942962
2026-04-08 17:31:08,16946854
2026-04-08 17:31:58,16942264
2026-04-08 17:32:48,16968810
2026-04-08 17:33:38,16973700
2026-04-08 17:34:28,16995058
2026-04-08 17:35:18,16993062
2026-04-08 17:36:09,16991166
2026-04-08 17:36:59,16989769
2026-04-08 17:37:49,16989769
2026-04-08 17:38:39,16989669
2026-04-08 17:39:29,16995058
2026-04-08 17:40:19,16987773
2026-04-08 17:41:10,16989769
2026-04-08 17:42:03,16991665
2026-04-08 17:42:53,16989769
2026-04-08 17:43:43,16991017
2026-04-08 17:44:33,16991017
2026-04-08 17:45:23,16975149
2026-04-08 17:46:13,16997105
2026-04-08 17:47:03,16995209
2026-04-08 17:47:53,16995209
2026-04-08 17:48:44,16992614
2026-04-08 17:49:34,17000499
2026-04-08 17:50:24,16996008
2026-04-08 17:51:14,16998603
2026-04-08 17:52:04,16997904
2026-04-08 17:52:54,16994510
2026-04-08 17:53:45,16970459
2026-04-08 17:54:35,16998691
2026-04-08 17:55:25,17003981
2026-04-08 17:56:15,17022533
2026-04-08 17:57:05,17019850
2026-04-08 17:57:55,17018952
2026-04-08 17:58:45,17023243
2026-04-08 17:59:35,17002883
2026-04-08 18:00:26,17023243
2026-04-08 18:01:16,17023931
2026-04-08 18:02:06,17029320
2026-04-08 18:02:56,17023942
2026-04-08 18:03:46,17027324
2026-04-08 18:04:36,17030118
2026-04-08 18:05:27,17033512
2026-04-08 18:06:17,17010679
2026-04-08 18:07:07,17036018
2026-04-08 18:07:57,17043990
2026-04-08 18:08:47,17042094
2026-04-08 18:09:37,17018651
2026-04-08 18:10:27,17037115
2026-04-08 18:11:17,16997594
2026-04-08 18:12:08,17018651
2026-04-08 18:12:58,16989908
2026-04-08 18:13:48,17017253
2026-04-08 18:14:38,16984530
2026-04-08 18:15:28,17009181
2026-04-08 18:16:18,16991405
2026-04-08 18:17:08,17011177
2026-04-08 18:17:58,16992703
2026-04-08 18:18:48,16967354
2026-04-08 18:19:39,16967963
2026-04-08 18:20:29,16974040
2026-04-08 18:21:19,16949399
2026-04-08 18:22:09,16975936
2026-04-08 18:22:59,16950098
2026-04-08 18:23:49,16972543
2026-04-08 18:24:39,16973341
2026-04-08 18:25:29,16953990
2026-04-08 18:26:20,16976835
2026-04-08 18:27:10,16950597
2026-04-08 18:28:03,16950199
2026-04-08 18:28:53,16957484
2026-04-08 18:29:43,16977434
2026-04-08 18:30:34,16973940
2026-04-08 18:31:24,16982824
2026-04-08 18:32:14,16985419
2026-04-08 18:33:04,16985419
2026-04-08 18:33:54,16999989
2026-04-08 18:34:44,17008872
2026-04-08 18:35:34,17012265
2026-04-08 18:36:24,17010868
2026-04-08 18:37:14,17012365
2026-04-08 18:38:04,17008772
2026-04-08 18:38:55,17008772
2026-04-08 18:39:45,17036217
2026-04-08 18:40:35,17016856
2026-04-08 18:41:25,17007375
2026-04-08 18:42:15,17035419
2026-04-08 18:43:05,17032824
2026-04-08 18:43:55,17036217
2026-04-08 18:44:45,17031227
2026-04-08 18:45:36,17010768
2026-04-08 18:46:26,17025937
2026-04-08 18:47:16,17028632
2026-04-08 18:48:06,17011965
2026-04-08 18:48:56,16985518
2026-04-08 18:49:46,17005478
2026-04-08 18:50:36,16984720
2026-04-08 18:51:27,16986616
2026-04-08 18:52:17,17008073
2026-04-08 18:53:07,17009161
2026-04-08 18:53:57,17008472
2026-04-08 18:54:47,17008472
2026-04-08 18:55:37,17008073
2026-04-08 18:56:27,17010658
2026-04-08 18:57:17,17013462
2026-04-08 18:58:07,17019541
2026-04-08 18:58:58,17016956
2026-04-08 18:59:48,16999481
2026-04-08 19:00:38,17012065
2026-04-08 19:01:28,16986616
2026-04-08 19:02:18,17011965
2026-04-08 19:03:08,17014550
2026-04-08 19:03:58,17013462
2026-04-08 19:04:48,16992594
2026-04-08 19:05:39,16992594
2026-04-08 19:06:29,17018043
2026-04-08 19:07:19,16991606
2026-04-08 19:08:09,17011965
2026-04-08 19:08:59,17016646
2026-04-08 19:09:49,17018043
2026-04-08 19:10:39,16999581
2026-04-08 19:11:30,17018143
2026-04-08 19:12:20,17015359
2026-04-08 19:13:10,17013562
2026-04-08 19:14:03,16999481
2026-04-08 19:14:53,17014550
2026-04-08 19:15:43,17013851
2026-04-08 19:16:33,17021925
2026-04-08 19:17:23,17010458
2026-04-08 19:18:13,17021925
2026-04-08 19:19:03,16997973
2026-04-08 19:19:54,17021925
2026-04-08 19:20:44,16998083
2026-04-08 19:21:34,17016536
2026-04-08 19:22:24,17018532
2026-04-08 19:23:14,17018532
2026-04-08 19:24:04,17037095
2026-04-08 19:24:54,17038492
2026-04-08 19:25:45,17036995
2026-04-08 19:26:35,17033602
2026-04-08 19:27:25,17054958
2026-04-08 19:28:15,17053651
2026-04-08 19:29:05,17027723
2026-04-08 19:29:55,17057642
2026-04-08 19:30:46,17057642
2026-04-08 19:31:36,17079598
2026-04-08 19:32:26,17079598
2026-04-08 19:33:16,17074210
2026-04-08 19:34:06,17082991
2026-04-08 19:34:56,17087581
2026-04-08 19:35:46,17084987
2026-04-08 19:36:36,17084188
2026-04-08 19:37:26,17082192
2026-04-08 19:38:16,17102552
2026-04-08 19:39:07,17100157
2026-04-08 19:39:57,17086084
2026-04-08 19:40:47,17103451
2026-04-08 19:41:37,17105446
2026-04-08 19:42:27,17102552
2026-04-08 19:43:17,17112931
2026-04-08 19:44:07,17130886
2026-04-08 19:44:58,17134877
2026-04-08 19:45:48,17131484
2026-04-08 19:46:38,17136873
2026-04-08 19:47:28,17139468
2026-04-08 19:48:18,17157930
2026-04-08 19:49:08,17161424
2026-04-08 19:49:58,17170806
2026-04-08 19:50:49,17172303
2026-04-08 19:51:39,17149648
2026-04-08 19:52:29,17132892
2026-04-08 19:53:19,17146055
2026-04-08 19:54:09,17135487
2026-04-08 19:54:59,17153939
2026-04-08 19:55:49,17138081
2026-04-08 19:56:39,17160427
2026-04-08 19:57:30,17169211
2026-04-08 19:58:20,17165717
2026-04-08 19:59:10,17175199
2026-04-09 08:00:03,17084090
2026-04-09 08:00:53,16739862
2026-04-09 08:01:44,16575909
2026-04-09 08:02:34,16793733
2026-04-09 08:03:24,16756218
2026-04-09 08:04:14,16784063
2026-04-09 08:05:04,16867186
2026-04-09 08:05:54,16888144
2026-04-09 08:06:45,16793542
2026-04-09 08:07:35,16799830
2026-04-09 08:08:25,16876458
2026-04-09 08:09:15,16906099
2026-04-09 08:10:05,16928744
2026-04-09 08:10:55,16864381
2026-04-09 08:11:46,16820269
2026-04-09 08:12:36,16777874
2026-04-09 08:13:26,16670810
2026-04-09 08:14:16,16650451
2026-04-09 08:15:06,16596569
2026-04-09 08:15:57,16538593
2026-04-09 08:16:47,16514642
2026-04-09 08:17:37,16562338
2026-04-09 08:18:27,16537297
2026-04-09 08:19:17,16534303
2026-04-09 08:20:07,16530212
2026-04-09 08:20:58,16545571
2026-04-09 08:21:48,16470432
2026-04-09 08:22:38,16424434
2026-04-09 08:23:28,16443396
2026-04-09 08:24:18,16406569
2026-04-09 08:25:08,16366958
2026-04-09 08:25:58,16348397
2026-04-09 08:26:49,16441799
2026-04-09 08:27:39,16468545
2026-04-09 08:28:29,16433425
2026-04-09 08:29:19,16423846
2026-04-09 08:30:09,16447698
2026-04-09 08:30:59,16453984
2026-04-09 08:31:50,16489793
2026-04-09 08:32:40,16550961
2026-04-09 08:33:30,16551359
2026-04-09 08:34:20,16569224
2026-04-09 08:35:10,16536689
2026-04-09 08:36:03,16536089
2026-04-09 08:36:53,16578504
2026-04-09 08:37:44,16545172
2026-04-09 08:38:34,16567028
2026-04-09 08:39:24,16565132
2026-04-09 08:40:15,16554952
2026-04-09 08:41:05,16527208
2026-04-09 08:41:55,16527706
2026-04-09 08:42:45,16547067
2026-04-09 08:43:35,16548465
2026-04-09 08:44:25,16560741
2026-04-09 08:45:15,16583396
2026-04-09 08:46:06,16524613
2026-04-09 08:46:56,16531001
2026-04-09 08:47:46,16540482
2026-04-09 08:48:36,16565831
2026-04-09 08:49:26,16535093
2026-04-09 09:01:08,16608374
2026-04-09 09:01:58,16651350
2026-04-09 09:02:48,16603855
2026-04-09 09:03:38,16654275
2026-04-09 09:04:28,16607066
2026-04-09 09:05:18,16562038
2026-04-09 09:06:08,16508357
2026-04-09 09:06:59,16556809
2026-04-09 09:07:49,16464633
2026-04-09 09:08:39,16465399
2026-04-09 09:09:29,16363028
2026-04-09 09:10:19,16328355
2026-04-09 09:11:09,16374446
2026-04-09 09:12:03,16438917
2026-04-09 09:12:53,16508823
2026-04-09 09:13:43,16582259
2026-04-09 09:14:33,16622239
2026-04-09 09:15:23,16507677
2026-04-09 09:16:13,16551360
2026-04-09 09:17:03,16654256
2026-04-09 09:17:53,16715213
2026-04-09 09:18:43,16671400
2026-04-09 09:19:34,16621740
2026-04-09 09:20:24,16595542
2026-04-09 09:21:14,16644298
2026-04-09 09:22:05,16634561
2026-04-09 09:22:55,16603063
2026-04-09 09:23:45,16665410
2026-04-09 09:24:35,16742312
2026-04-09 09:25:25,16716773
2026-04-09 09:26:15,16662064
2026-04-09 09:27:05,16674709
2026-04-09 09:27:55,16667016
2026-04-09 09:28:45,16705240
2026-04-09 09:29:35,16688952
2026-04-09 09:30:26,16653903
2026-04-09 09:31:16,16632833
2026-04-09 09:32:06,16657274
2026-04-09 09:32:56,16605319
2026-04-09 09:33:46,16542507
2026-04-09 09:34:36,16509521
2026-04-09 09:35:27,16565868
2026-04-09 09:36:17,16554174
2026-04-09 09:37:07,16548718
2026-04-09 09:37:57,16600913
2026-04-09 09:38:47,16592799
2026-04-09 09:39:37,16618537
2026-04-09 09:40:27,16642349
2026-04-09 09:41:18,16615543
2026-04-09 09:42:08,16560086
2026-04-09 09:42:58,16508199
2026-04-09 09:43:48,16490157
2026-04-09 09:44:38,16504407
2026-04-09 09:45:28,16476103
2026-04-09 09:46:18,16374290
2026-04-09 09:47:08,16423542
2026-04-09 09:47:59,16430346
2026-04-09 09:48:49,16487442
2026-04-09 09:49:39,16421443
2026-04-09 09:50:29,16490447
2026-04-09 09:51:20,16405057
2026-04-09 09:52:10,16446153
2026-04-09 09:53:03,16402570
2026-04-09 09:53:53,16394119
2026-04-09 09:54:43,16433763
2026-04-09 09:55:33,16405977
2026-04-09 09:56:23,16394382
2026-04-09 09:57:13,16459341
2026-04-09 09:58:04,16461345
2026-04-09 09:58:54,16419649
2026-04-09 09:59:44,16390339
2026-04-09 10:00:34,16468093
2026-04-09 10:01:24,16491239
2026-04-09 10:02:15,16447744
2026-04-09 10:03:05,16422680
2026-04-09 10:03:55,16417975
2026-04-09 10:04:45,16401257
2026-04-09 10:05:35,16378314
2026-04-09 10:06:25,16371613
2026-04-09 10:07:15,16384232
2026-04-09 10:08:05,16288126
2026-04-09 10:08:56,16250011
2026-04-09 10:09:46,16225730
2026-04-09 10:10:36,16218239
2026-04-09 10:11:26,16184181
2026-04-09 10:12:16,16156707
2026-04-09 10:13:06,16138527
2026-04-09 10:13:56,16148331
2026-04-09 10:14:46,16208604
2026-04-09 10:15:36,16264232
2026-04-09 10:16:26,16167000
2026-04-09 10:17:17,16121321
2026-04-09 10:18:07,16099754
2026-04-09 10:18:57,16124278
2026-04-09 10:19:47,16108329
2026-04-09 10:20:37,16061234
2026-04-09 10:21:27,16024418
2026-04-09 10:22:17,15986812
2026-04-09 10:23:07,15954627
2026-04-09 10:23:57,15922452
2026-04-09 10:24:47,15900098
2026-04-09 10:25:38,15961087
2026-04-09 10:26:28,16015966
2026-04-09 10:27:18,16023281
2026-04-09 10:28:08,16054199
2026-04-09 10:28:58,16071654
2026-04-09 10:29:48,16048519
2026-04-09 10:30:38,15917214
2026-04-09 10:31:28,15957893
2026-04-09 10:32:18,15910046
2026-04-09 10:33:08,15930895
2026-04-09 10:33:59,16024188
2026-04-09 10:34:49,16034026
2026-04-09 10:35:39,15994874
2026-04-09 10:36:29,15994537
2026-04-09 10:37:19,15972469
2026-04-09 10:38:09,15879417
2026-04-09 10:38:59,15880404
2026-04-09 10:39:49,15902031
2026-04-09 10:40:39,15887011
2026-04-09 10:41:29,15860325
2026-04-09 10:42:19,15871932
2026-04-09 10:43:10,15871533
2026-04-09 10:44:03,15835563
2026-04-09 10:44:53,15797332
2026-04-09 10:45:43,15884567
2026-04-09 10:46:33,15868958
2026-04-09 10:47:23,15880566
2026-04-09 10:48:13,15823712
2026-04-09 10:49:03,15819616
2026-04-09 10:49:53,15911345
2026-04-09 10:50:43,15957471
2026-04-09 10:51:34,16030837
2026-04-09 10:52:24,16046103
2026-04-09 10:53:14,16103952
2026-04-09 10:54:04,16118161
2026-04-09 10:54:54,16073421
2026-04-09 10:55:44,16101699
2026-04-09 10:56:34,16089625
2026-04-09 10:57:24,16103685
2026-04-09 10:58:14,16119895
2026-04-09 10:59:04,16155724
2026-04-09 10:59:54,16136553
2026-04-09 11:00:45,16113329
2026-04-09 11:01:35,16178605
2026-04-09 11:02:25,16194743
2026-04-09 11:03:15,16242079
2026-04-09 11:04:05,16229741
2026-04-09 11:04:55,16171640
2026-04-09 11:05:45,16177326
2026-04-09 11:06:35,16217566
2026-04-09 11:07:25,16246736
2026-04-09 11:08:16,16212607
2026-04-09 11:09:06,16239494
2026-04-09 11:09:56,16253366
2026-04-09 11:10:46,16185482
2026-04-09 11:11:36,16162238
2026-04-09 11:12:26,16160559
2026-04-09 11:13:16,16118446
2026-04-09 11:14:06,16161059
2026-04-09 11:14:56,16166701
2026-04-09 11:15:47,16140993
2026-04-09 11:16:37,16118148
2026-04-09 11:17:27,16129863
2026-04-09 11:18:17,16131790
2026-04-09 11:19:07,16157489
2026-04-09 11:19:57,16177212
2026-04-09 11:20:47,16192669
2026-04-09 11:21:37,16153415
2026-04-09 11:22:27,16085264
2026-04-09 11:23:17,16074816
2026-04-09 11:24:08,16064604
2026-04-09 11:24:58,16086661
2026-04-09 11:25:48,16080213
2026-04-09 11:26:38,16088688
2026-04-09 11:27:28,16088097
2026-04-09 11:28:18,16103608
2026-04-09 11:29:08,16063258
2026-04-09 11:29:58,16043247
2026-04-09 11:30:48,16038597
2026-04-09 11:31:39,16079997
2026-04-09 11:32:29,16083520
2026-04-09 11:33:19,16056943
2026-04-09 11:34:09,15991735
2026-04-09 11:34:59,16012533
2026-04-09 11:35:49,15996857
2026-04-09 11:36:39,15990697
2026-04-09 11:37:29,15921647
2026-04-09 11:38:19,15991508
2026-04-09 11:39:09,16015441
2026-04-09 11:40:03,15969562
2026-04-09 11:40:53,15915063
2026-04-09 11:41:43,15921779
2026-04-09 11:42:33,15922637
2026-04-09 11:43:23,15945652
2026-04-09 11:44:13,15937184
2026-04-09 11:45:03,15942537
2026-04-09 11:45:53,15956099
2026-04-09 11:46:43,15949062
2026-04-09 11:47:33,15935521
2026-04-09 11:48:24,15937007
2026-04-09 11:49:14,15901549
2026-04-09 11:50:04,15931629
2026-04-09 11:50:54,15962012
2026-04-09 11:51:44,15985921
2026-04-09 11:52:34,15990130
2026-04-09 11:53:24,15982157
2026-04-09 11:54:14,15974494
2026-04-09 11:55:05,15959403
2026-04-09 11:55:55,15952778
2026-04-09 11:56:45,15928066
2026-04-09 11:57:35,15934754
2026-04-09 11:58:25,15922935
2026-04-09 11:59:15,15932355
2026-04-09 12:00:05,15911030
2026-04-09 12:00:55,15933604
2026-04-09 12:01:45,15909751
2026-04-09 12:02:36,15874293
2026-04-09 12:03:26,15885712
2026-04-09 12:04:16,15908562
2026-04-09 12:05:06,15876688
2026-04-09 12:05:56,15892546
2026-04-09 12:06:46,15878328
2026-04-09 12:07:36,15873404
2026-04-09 12:08:26,15897806
2026-04-09 12:09:16,15907079
2026-04-09 12:10:06,15885989
2026-04-09 12:10:57,15832019
2026-04-09 12:11:47,15860550
2026-04-09 12:12:37,15828896
2026-04-09 12:13:27,15837890
2026-04-09 12:14:17,15853944
2026-04-09 12:15:07,15876121
2026-04-09 12:15:57,15869455
2026-04-09 12:16:47,15795801
2026-04-09 12:17:37,15807349
2026-04-09 12:18:27,15823745
2026-04-09 12:19:17,15794203
2026-04-09 12:20:07,15766897
2026-04-09 12:20:58,15771108
2026-04-09 12:21:48,15803265
2026-04-09 12:22:38,15764133
2026-04-09 12:23:28,15799424
2026-04-09 12:24:18,15828887
2026-04-09 12:25:08,15805992
2026-04-09 12:25:58,15803345
2026-04-09 12:26:48,15799134
2026-04-09 12:27:38,15800172
2026-04-09 12:28:28,15805032
2026-04-09 12:29:19,15803676
2026-04-09 12:30:09,15786659
2026-04-09 12:30:59,15812579
2026-04-09 12:31:49,15806799
2026-04-09 12:32:39,15826438
2026-04-09 12:33:29,15863248
2026-04-09 12:34:19,15849246
2026-04-09 12:35:09,15841341
2026-04-09 12:35:59,15826821
2026-04-09 12:36:49,15822727
2026-04-09 12:37:39,15822340
2026-04-09 12:38:30,15831570
2026-04-09 12:39:20,15846828
2026-04-09 12:40:10,15850462
2026-04-09 12:41:03,15806299
2026-04-09 12:41:53,15828043
2026-04-09 12:42:43,15811221
2026-04-09 12:43:33,15801111
2026-04-09 12:44:23,15805931
2026-04-09 12:45:14,15814267
2026-04-09 12:46:04,15802340
2026-04-09 12:46:54,15761891
2026-04-09 12:47:44,15759316
2026-04-09 12:48:34,15739578
2026-04-09 12:49:24,15731358
2026-04-09 12:50:14,15771481
2026-04-09 12:51:04,15770941
2026-04-09 12:51:55,15746678
2026-04-09 12:52:45,15735944
2026-04-09 12:53:35,15718230
2026-04-09 12:54:25,15719787
2026-04-09 12:55:15,15696822
2026-04-09 12:56:05,15706172
2026-04-09 12:56:55,15698728
2026-04-09 12:57:45,15715606
2026-04-09 12:58:35,15696233
2026-04-09 12:59:25,15692212
2026-04-09 13:00:16,15741522
2026-04-09 13:01:06,15734239
2026-04-09 13:01:56,15739205
2026-04-09 13:02:46,15724255
2026-04-09 13:03:37,15739665
2026-04-09 13:04:27,15754966
2026-04-09 13:05:17,15749277
2026-04-09 13:06:07,15744877
2026-04-09 13:06:57,15740824
2026-04-09 13:07:47,15740893
2026-04-09 13:08:37,15741741
2026-04-09 13:09:27,15754198
2026-04-09 13:10:18,15722881
2026-04-09 13:11:08,15742292
2026-04-09 13:11:58,15735149
2026-04-09 13:12:48,15718588
2026-04-09 13:13:38,15740117
2026-04-09 13:14:28,15747949
2026-04-09 13:15:18,15734567
2026-04-09 13:16:08,15728769
2026-04-09 13:16:58,15711304
2026-04-09 13:17:48,15645325
2026-04-09 13:18:38,15624617
2026-04-09 13:19:28,15609518
2026-04-09 13:20:19,15607042
2026-04-09 13:21:09,15609168
2026-04-09 13:21:59,15634866
2026-04-09 13:22:49,15612940
2026-04-09 13:23:39,15596006
2026-04-09 13:24:29,15598849
2026-04-09 13:25:19,15574446
2026-04-09 13:26:04,15538567
2026-04-09 13:26:55,15534557
2026-04-09 13:27:45,15531499
2026-04-09 13:28:35,15513805
2026-04-09 13:29:25,15535213
2026-04-09 13:30:16,15545198
2026-04-09 13:31:06,15542759
2026-04-09 13:31:56,15517820
2026-04-09 13:32:46,15570964
2026-04-09 13:33:36,15594416
2026-04-09 13:34:26,15568477
2026-04-09 13:35:16,15574911
2026-04-09 13:36:06,15634345
2026-04-09 13:36:56,15665871
2026-04-09 13:37:47,15664854
2026-04-09 13:38:37,15652696
2026-04-09 13:39:27,15615502
2026-04-09 13:40:17,15585762
2026-04-09 13:41:07,15673627
2026-04-09 13:41:57,15699944
2026-04-09 13:42:47,15669644
2026-04-09 13:43:37,15672908
2026-04-09 13:44:27,15668576
2026-04-09 13:45:17,15627497
2026-04-09 13:46:08,15660684
2026-04-09 13:46:58,15696082
2026-04-09 13:47:48,15700252
2026-04-09 13:48:38,15737958
2026-04-09 13:49:28,15724167
2026-04-09 13:50:18,15709004
2026-04-09 13:51:08,15732359
2026-04-09 13:51:58,15752020
2026-04-09 13:52:48,15737358
2026-04-09 13:53:38,15778066
2026-04-09 13:54:29,15738587
2026-04-09 13:55:19,15729493
2026-04-09 13:56:09,15737377
2026-04-09 13:56:59,15772468
2026-04-09 13:57:49,15771829
2026-04-09 13:58:39,15761978
2026-04-09 13:59:29,15744812
2026-04-09 14:00:20,15688366
2026-04-09 14:01:10,15709900
2026-04-09 14:02:03,15673755
2026-04-09 14:02:53,15675353
2026-04-09 14:03:43,15631304
2026-04-09 14:04:33,15674187
2026-04-09 14:05:23,15681125
2026-04-09 14:06:13,15710414
2026-04-09 14:07:03,15662041
2026-04-09 14:07:53,15707006
2026-04-09 14:08:43,15681296
2026-04-09 14:09:34,15693288
2026-04-09 14:10:24,15658994
2026-04-09 14:11:14,15706639
2026-04-09 14:12:04,15730013
2026-04-09 14:12:54,15744344
2026-04-09 14:13:44,15741352
2026-04-09 14:14:34,15724156
2026-04-09 14:15:24,15737937
2026-04-09 14:16:14,15805642
2026-04-09 14:17:05,15815411
2026-04-09 14:17:55,15787749
2026-04-09 14:18:45,15792349
2026-04-09 14:19:35,15830852
2026-04-09 14:20:25,15856013
2026-04-09 14:21:15,15848388
2026-04-09 14:22:05,15870245
2026-04-09 14:22:55,15870667
2026-04-09 14:23:45,15889806
2026-04-09 14:24:35,15848029
2026-04-09 14:25:26,15850441
2026-04-09 14:26:16,15867420
2026-04-09 14:27:06,15893068
2026-04-09 14:27:56,15918728
2026-04-09 14:28:46,15903257
2026-04-09 14:29:36,15969518
2026-04-09 14:30:26,15973417
2026-04-09 14:31:16,15925812
2026-04-09 14:32:07,15929375
2026-04-09 14:32:57,15908218
2026-04-09 14:33:47,15889226
2026-04-09 14:34:37,15910882
2026-04-09 14:35:27,15879386
2026-04-09 14:36:17,15882339
2026-04-09 14:37:07,15869327
2026-04-09 14:37:57,15854884
2026-04-09 14:38:47,15884846
2026-04-09 14:39:37,15912157
2026-04-09 14:40:28,15861910
2026-04-09 14:41:18,15831527
2026-04-09 14:42:08,15831574
2026-04-09 14:42:58,15805174
2026-04-09 14:43:48,15745105
2026-04-09 14:44:38,15746103
2026-04-09 14:45:28,15744695
2026-04-09 14:46:18,15705356
2026-04-09 14:47:08,15684658
2026-04-09 14:47:58,15713125
2026-04-09 14:48:48,15683797
2026-04-09 14:49:39,15709778
2026-04-09 14:50:29,15697868
2026-04-09 14:51:19,15611351
2026-04-09 14:52:09,15566611
2026-04-09 14:52:59,15566242
2026-04-09 14:53:49,15570035
2026-04-09 14:54:39,15586084
2026-04-09 14:55:29,15569205
2026-04-09 14:56:19,15575854
2026-04-09 14:57:10,15585334
2026-04-09 14:58:03,15559187
2026-04-09 14:58:53,15592161
2026-04-09 14:59:43,15594118
2026-04-09 15:00:33,15671072
2026-04-09 15:01:23,15637829
2026-04-09 15:02:13,15629546
2026-04-09 15:03:03,15631291
2026-04-09 15:03:53,15693917
2026-04-09 15:04:44,15623109
2026-04-09 15:05:34,15585244
2026-04-09 15:06:24,15574347
2026-04-09 15:07:14,15558617
2026-04-09 15:08:04,15553997
2026-04-09 15:08:54,15569645
2026-04-09 15:09:44,15562647
2026-04-09 15:10:34,15566816
2026-04-09 15:11:24,15595112
2026-04-09 15:12:14,15608337
2026-04-09 15:13:05,15610573
2026-04-09 15:13:55,15587154
2026-04-09 15:14:45,15596531
2026-04-09 15:15:35,15597549
2026-04-09 15:16:25,15558558
2026-04-09 15:17:15,15573248
2026-04-09 15:18:05,15561461
2026-04-09 15:18:55,15596571
2026-04-09 15:19:45,15591580
2026-04-09 15:20:36,15562550
2026-04-09 15:21:26,15562550
2026-04-09 15:22:16,15562550
2026-04-09 15:23:07,15562550
2026-04-09 15:23:57,15562550
2026-04-09 15:24:47,15562550
2026-04-09 15:25:37,15562550
2026-04-09 15:26:27,15562550
2026-04-09 15:27:17,15562550
2026-04-09 15:28:07,15562550
2026-04-09 15:28:57,15562550
2026-04-09 15:29:47,15562550
2026-04-09 15:30:38,15611521
2026-04-09 15:31:28,15611521
2026-04-09 15:32:18,15611521
2026-04-09 15:33:08,15611521
2026-04-09 15:33:58,15611521
2026-04-09 15:34:48,15611521
2026-04-09 15:35:38,15611521
2026-04-09 15:36:28,15611521
2026-04-09 15:37:18,15611521
2026-04-09 15:38:08,15611521
2026-04-09 15:38:58,15611521
2026-04-09 15:39:48,15611521
2026-04-09 15:40:39,15644654
2026-04-09 15:41:29,15646552
2026-04-09 15:42:19,15673786
2026-04-09 15:43:09,15649147
2026-04-09 15:43:59,15649245
2026-04-09 15:44:49,15654435
2026-04-09 15:45:39,15630483
2026-04-09 15:46:29,15654337
2026-04-09 15:47:19,15654435
2026-04-09 15:48:09,15658329
2026-04-09 15:49:03,15660823
2026-04-09 15:49:53,15658927
2026-04-09 15:50:43,15656333
2026-04-09 15:51:33,15676283
2026-04-09 15:52:23,15677580
2026-04-09 15:53:13,15674985
2026-04-09 15:54:03,15675684
2026-04-09 15:54:53,15675684
2026-04-09 15:55:43,15675684
2026-04-09 15:56:33,15651742
2026-04-09 15:57:23,15652439
2026-04-09 15:58:14,15676381
2026-04-09 15:59:04,15654337
2026-04-09 15:59:54,15678279
2026-04-09 16:00:44,15654337
2026-04-09 16:01:34,15654337
2026-04-09 16:02:24,15671692
2026-04-09 16:03:14,15693648
2026-04-09 16:04:04,15678279
2026-04-09 16:04:55,15693746
2026-04-09 16:05:45,15693746
2026-04-09 16:06:35,15722191
2026-04-09 16:07:25,15717600
2026-04-09 16:08:15,15693746
2026-04-09 16:09:05,15720195
2026-04-09 16:09:55,15693746
2026-04-09 16:10:45,15717600
2026-04-09 16:11:35,15693746
2026-04-09 16:12:25,15715702
2026-04-09 16:13:15,15715702
2026-04-09 16:14:06,15693746
2026-04-09 16:14:56,15693746
2026-04-09 16:15:46,15691850
2026-04-09 16:16:36,15693746
2026-04-09 16:17:26,15673786
2026-04-09 16:18:16,15671890
2026-04-09 16:19:06,15652439
2026-04-09 16:19:56,15653738
2026-04-09 16:20:46,15649844
2026-04-09 16:21:36,15671790
2026-04-09 16:22:27,15650443
2026-04-09 16:23:17,15647848
2026-04-09 16:24:07,15647848
2026-04-09 16:24:57,15647848
2026-04-09 16:25:47,15650443
2026-04-09 16:26:37,15669794
2026-04-09 16:27:27,15647848
2026-04-09 16:28:17,15647848
2026-04-09 16:29:07,15627888
2026-04-09 16:29:57,15628487
2026-04-09 16:30:48,15623996
2026-04-09 16:31:38,15645353
2026-04-09 16:32:28,15627888
2026-04-09 16:33:18,15647848
2026-04-09 16:34:08,15626491
2026-04-09 16:34:58,15648547
2026-04-09 16:35:48,15625992
2026-04-09 16:36:38,15625892
2026-04-09 16:37:28,15628587
2026-04-09 16:38:18,15647848
2026-04-09 16:39:08,15623996
2026-04-09 16:39:59,15626591
2026-04-09 16:40:49,15648547
2026-04-09 16:41:39,15602040
2026-04-09 16:42:29,15623996
2026-04-09 16:43:19,15599445
2026-04-09 16:44:09,15623996
2026-04-09 16:44:59,15625892
2026-04-09 16:45:49,15599445
2026-04-09 16:46:39,15600044
2026-04-09 16:47:29,15603936
2026-04-09 16:48:19,15601940
2026-04-09 16:49:10,15601940
2026-04-09 16:50:03,15597449
2026-04-09 16:50:53,15603936
2026-04-09 16:51:43,15621401
2026-04-09 16:52:33,15601441
2026-04-09 16:53:23,15580094
2026-04-09 16:54:13,15555543
2026-04-09 16:55:03,15555543
2026-04-09 16:55:53,15573607
2026-04-09 16:56:43,15590363
2026-04-09 16:57:33,15571012
2026-04-09 16:58:24,15572379
2026-04-09 16:59:14,15611490
2026-04-09 17:00:04,15583856
2026-04-09 17:00:54,15581760
2026-04-09 17:01:44,15587548
2026-04-09 17:02:34,15554116
2026-04-09 17:03:24,15554216
2026-04-09 17:04:14,15551621
2026-04-09 17:05:04,15576072
2026-04-09 17:05:54,15537848
2026-04-09 17:06:45,15517798
2026-04-09 17:07:35,15492050
2026-04-09 17:08:25,15485663
2026-04-09 17:09:15,15488258
2026-04-09 17:10:05,15505723
2026-04-09 17:10:55,15528368
2026-04-09 17:11:45,15549625
2026-04-09 17:12:35,15528367
2026-04-09 17:13:26,15516192
2026-04-09 17:14:16,15510404
2026-04-09 17:15:06,15492250
2026-04-09 17:15:56,15509706
2026-04-09 17:16:46,15487760
2026-04-09 17:17:36,15514196
2026-04-09 17:18:26,15461912
2026-04-09 17:19:16,15457421
2026-04-09 17:20:06,15469207
2026-04-09 17:20:57,15457739
2026-04-09 17:21:47,15428298
2026-04-09 17:22:37,15426192
2026-04-09 17:23:27,15408638
2026-04-09 17:24:17,15429397
2026-04-09 17:25:07,15444566
2026-04-09 17:25:57,15465315
2026-04-09 17:26:47,15436980
2026-04-09 17:27:37,15437080
2026-04-09 17:28:27,15436980
2026-04-09 17:29:17,15437080
2026-04-09 17:30:08,15455044
2026-04-09 17:30:58,15443369
2026-04-09 17:31:48,15472800
2026-04-09 17:32:38,15463429
2026-04-09 17:33:28,15466512
2026-04-09 17:34:18,15437969
2026-04-09 17:35:08,15463717
2026-04-09 17:35:58,15468209
2026-04-09 17:36:48,15490155
2026-04-09 17:37:38,15488259
2026-04-09 17:38:29,15494047
2026-04-09 17:39:19,15490155
2026-04-09 17:40:09,15514706
2026-04-09 17:40:59,15486362
2026-04-09 17:41:49,15476890
2026-04-09 17:42:39,15499545
2026-04-09 17:43:29,15501441
2026-04-09 17:44:19,15523988
2026-04-09 17:45:09,15530575
2026-04-09 17:45:59,15531762
2026-04-09 17:46:50,15529876
2026-04-09 17:47:40,15534257
2026-04-09 17:48:30,15514197
2026-04-09 17:49:20,15524576
2026-04-09 17:50:10,15548428
2026-04-09 17:51:03,15557809
2026-04-09 17:51:53,15565393
2026-04-09 17:52:43,15551023
2026-04-09 17:53:34,15574975
2026-04-09 17:54:24,15569187
2026-04-09 17:55:14,15543437
2026-04-09 17:56:04,15565493
2026-04-09 17:56:54,15565593
2026-04-09 17:57:44,15559207
2026-04-09 17:58:34,15543039
2026-04-09 17:59:24,15530465
2026-04-09 18:00:15,15532361
2026-04-09 18:01:05,15530365
2026-04-09 18:01:55,15500833
2026-04-09 18:02:45,15518987
2026-04-09 18:03:35,15516392
2026-04-09 18:04:25,15515703
2026-04-09 18:05:15,15519495
2026-04-09 18:06:05,15502130
2026-04-09 18:06:55,15519497
2026-04-09 18:07:45,15519495
2026-04-09 18:08:36,15517599
2026-04-09 18:09:26,15496342
2026-04-09 18:10:16,15513807
2026-04-09 18:11:06,15511911
2026-04-09 18:11:56,15510015
2026-04-09 18:12:46,15490554
2026-04-09 18:13:36,15490554
2026-04-09 18:14:27,15534556
2026-04-09 18:15:17,15508708
2026-04-09 18:16:07,15531362
2026-04-09 18:16:57,15533258
2026-04-09 18:17:47,15524286
2026-04-09 18:18:37,15522390
2026-04-09 18:19:27,15524286
2026-04-09 18:20:17,15524975
2026-04-09 18:21:07,15524975
2026-04-09 18:21:57,15526871
2026-04-09 18:22:47,15557111
2026-04-09 18:23:38,15538248
2026-04-09 18:24:28,15560204
2026-04-09 18:25:18,15560304
2026-04-09 18:26:08,15558308
2026-04-09 18:26:58,15566691
2026-04-09 18:27:48,15566591
2026-04-09 18:28:38,15588637
2026-04-09 18:29:28,15588537
2026-04-09 18:30:19,15594327
2026-04-09 18:31:09,15616183
2026-04-09 18:31:59,15598219
2026-04-09 18:32:49,15594325
2026-04-09 18:33:39,15613786
2026-04-09 18:34:29,15588737
2026-04-09 18:35:19,15564795
2026-04-09 18:36:09,15570583
2026-04-09 18:36:59,15586242
2026-04-09 18:37:50,15568088
2026-04-09 18:38:40,15586142
2026-04-09 18:39:30,15566891
2026-04-09 18:40:20,15566891
2026-04-09 18:41:10,15586941
2026-04-09 18:42:03,15586941
2026-04-09 18:42:54,15585044
2026-04-09 18:43:44,15587738
2026-04-09 18:44:34,15587638
2026-04-09 18:45:24,15588837
2026-04-09 18:46:14,15588837
2026-04-09 18:47:04,15583148
2026-04-09 18:47:54,15585742
2026-04-09 18:48:44,15585044
2026-04-09 18:49:34,15589534
2026-04-09 18:50:25,15587738
2026-04-09 18:51:15,15563796
2026-04-09 18:52:05,15592229
2026-04-09 18:52:55,15585742
2026-04-09 18:53:45,15593113
2026-04-09 18:54:35,15594311
2026-04-09 18:55:25,15597984
2026-04-09 18:56:15,15597285
2026-04-09 18:57:05,15589341
2026-04-09 18:57:55,15594401
2026-04-09 18:58:46,15596297
2026-04-09 18:59:36,15594810
2026-04-09 19:00:26,15597505
2026-04-09 19:01:16,15616387
2026-04-09 19:02:06,15595918
2026-04-09 19:02:56,15619870
2026-04-09 19:03:46,15650079
2026-04-09 19:04:36,15652484
2026-04-09 19:05:26,15647614
2026-04-09 19:06:16,15646506
2026-04-09 19:07:06,15627654
2026-04-09 19:07:57,15623862
2026-04-09 19:08:47,15646227
2026-04-09 19:09:37,15617914
2026-04-09 19:10:27,15614022
2026-04-09 19:11:17,15637684
2026-04-09 19:12:07,15638602
2026-04-09 19:12:57,15617245
2026-04-09 19:13:47,15619141
2026-04-09 19:14:37,15617055
2026-04-09 19:15:28,15621137
2026-04-09 19:16:18,15620219
2026-04-09 19:17:08,15624810
2026-04-09 19:17:58,15598553
2026-04-09 19:18:48,15591088
2026-04-09 19:19:38,15588114
2026-04-09 19:20:28,15610449
2026-04-09 19:21:18,15607665
2026-04-09 19:22:08,15583843
2026-04-09 19:22:58,15588683
2026-04-09 19:23:48,15586917
2026-04-09 19:24:38,15608074
2026-04-09 19:25:28,15585839
2026-04-09 19:26:19,15576158
2026-04-09 19:27:09,15578563
2026-04-09 19:27:59,15596058
2026-04-09 19:28:49,15597545
2026-04-09 19:29:39,15597036
2026-04-09 19:30:29,15594162
2026-04-09 19:31:19,15600619
2026-04-09 19:32:10,15600619
2026-04-09 19:33:03,15575180
2026-04-09 19:33:53,15597136
2026-04-09 19:34:43,15578663
2026-04-09 19:35:33,15576477
2026-04-09 19:36:23,15600519
2026-04-09 19:37:13,15543204
2026-04-09 19:38:03,15550639
2026-04-09 19:38:53,15551747
2026-04-09 19:39:43,15548105
2026-04-09 19:40:34,15551458
2026-04-09 19:41:24,15527505
2026-04-09 19:42:14,15549561
2026-04-09 19:43:04,15521657
2026-04-09 19:43:54,15538234
2026-04-09 19:44:44,15518274
2026-04-09 19:45:34,15534152
2026-04-09 19:46:24,15515679
2026-04-09 19:47:14,15536527
2026-04-09 19:48:05,15513783
2026-04-09 19:48:55,15519162
2026-04-09 19:49:45,15517865
2026-04-09 19:50:35,15517545
2026-04-09 19:51:25,15520140
2026-04-09 19:52:15,15517954
2026-04-09 19:53:05,15518463
2026-04-09 19:53:55,15495998
2026-04-09 19:54:45,15523932
2026-04-09 19:55:35,15497485
2026-04-09 19:56:25,15524032
2026-04-09 19:57:15,15523333
2026-04-09 19:58:06,15495589
2026-04-09 19:58:56,15494102
2026-04-09 19:59:46,15518393
2026-04-10 08:00:03,16233108
2026-04-10 08:00:53,16337867
2026-04-10 08:01:43,16422728
2026-04-10 08:02:34,16357977
2026-04-10 08:03:24,16325163
2026-04-10 08:04:14,16352977
2026-04-10 08:05:04,16423924
2026-04-10 08:05:54,16432209
2026-04-10 08:06:44,16399693
2026-04-10 08:07:35,16380372
2026-04-10 08:08:25,16377558
2026-04-10 08:09:15,16371411
2026-04-10 08:10:05,16347469
2026-04-10 08:10:56,16354414
2026-04-10 08:11:46,16386301
2026-04-10 08:12:36,16361849
2026-04-10 08:13:26,16388166
2026-04-10 08:14:16,16411419
2026-04-10 08:15:06,16392748
2026-04-10 08:15:57,16383765
2026-04-10 08:16:47,16409206
2026-04-10 08:17:37,16391741
2026-04-10 08:18:27,16386681
2026-04-10 08:19:17,16339494
2026-04-10 08:20:07,16337907
2026-04-10 08:20:58,16337628
2026-04-10 08:21:48,16338007
2026-04-10 08:22:38,16352678
2026-04-10 08:23:28,16358466
2026-04-10 08:24:18,16339115
2026-04-10 08:25:09,16333327
2026-04-10 08:25:59,16338706
2026-04-10 08:26:49,16361061
2026-04-10 08:27:39,16334245
2026-04-10 08:28:29,16359574
2026-04-10 08:29:19,16312289
2026-04-10 08:30:10,16310393
2026-04-10 08:31:03,16287828
2026-04-10 08:31:53,16283337
2026-04-10 08:32:43,16287419
2026-04-10 08:33:34,16280553
2026-04-10 08:34:24,16260503
2026-04-10 08:35:14,16264395
2026-04-10 08:36:04,16259525
2026-04-10 08:36:54,16258227
2026-04-10 08:37:44,16283556
2026-04-10 08:38:35,16278786
2026-04-10 08:39:25,16299255
2026-04-10 08:40:15,16324594
2026-04-10 08:41:05,16351131
2026-04-10 08:41:55,16371500
2026-04-10 08:42:46,16374983
2026-04-10 08:43:36,16372288
2026-04-10 08:44:26,16348945
2026-04-10 08:45:16,16374284
2026-04-10 08:46:06,16348945
2026-04-10 08:46:56,16351031
2026-04-10 08:47:47,16353336
2026-04-10 08:48:37,16378875
2026-04-10 08:49:27,16382667
2026-04-10 09:01:08,16386380
2026-04-10 09:01:58,16362956
2026-04-10 09:02:49,16636509
2026-04-10 09:03:39,16714093
2026-04-10 09:04:29,16666358
2026-04-10 09:05:19,16731787
2026-04-10 09:06:09,16686860
2026-04-10 09:06:59,16592418
2026-04-10 09:07:49,16521558
2026-04-10 09:08:39,16500932
2026-04-10 09:09:29,16478812
2026-04-10 09:10:20,16544964
2026-04-10 09:11:10,16600287
2026-04-10 09:12:03,16587755
2026-04-10 09:12:53,16582682
2026-04-10 09:13:43,16655597
2026-04-10 09:14:33,16574409
2026-04-10 09:15:23,16649121
2026-04-10 09:16:13,16521774
2026-04-10 09:17:03,16495719
2026-04-10 09:17:54,16434910
2026-04-10 09:18:44,16482714
2026-04-10 09:19:34,16439479
2026-04-10 09:20:24,16393193
2026-04-10 09:21:14,16357443
2026-04-10 09:22:04,16380031
2026-04-10 09:22:54,16368054
2026-04-10 09:23:44,16388141
2026-04-10 09:24:35,16376754
2026-04-10 09:25:25,16330408
2026-04-10 09:26:15,16320707
2026-04-10 09:27:05,16286398
2026-04-10 09:27:55,16250842
2026-04-10 09:28:45,16222059
2026-04-10 09:29:35,16214244
2026-04-10 09:30:26,16139934
2026-04-10 09:31:16,16234823
2026-04-10 09:32:06,16240473
2026-04-10 09:32:56,16312396
2026-04-10 09:33:46,16333026
2026-04-10 09:34:36,16350731
2026-04-10 09:35:26,16359004
2026-04-10 09:36:16,16361779
2026-04-10 09:37:06,16407858
2026-04-10 09:37:56,16464243
2026-04-10 09:38:46,16443197
2026-04-10 09:39:06,16450612
2026-04-10 09:39:57,16434644
2026-04-10 09:40:47,16412809
2026-04-10 09:41:37,16424184
2026-04-10 09:42:27,16419743
2026-04-10 09:43:17,16398590
2026-04-10 09:44:08,16400516
2026-04-10 09:44:58,16381593
2026-04-10 09:45:48,16369947
2026-04-10 09:46:38,16372642
2026-04-10 09:47:28,16308542
2026-04-10 09:48:18,16297552
2026-04-10 09:49:08,16325239
2026-04-10 09:49:58,16396675
2026-04-10 09:50:48,16398890
2026-04-10 09:51:39,16511963
2026-04-10 09:52:29,16513511
2026-04-10 09:53:19,16534079
2026-04-10 09:54:09,16559508
2026-04-10 09:54:59,16558321
2026-04-10 09:55:49,16560076
2026-04-10 09:56:39,16546412
2026-04-10 09:57:29,16530227
2026-04-10 09:58:19,16561175
2026-04-10 09:59:09,16547433
2026-04-10 09:59:59,16562851
2026-04-10 10:00:50,16549748
2026-04-10 10:01:40,16520915
2026-04-10 10:02:30,16523681
2026-04-10 10:03:20,16518061
2026-04-10 10:04:10,16533510
2026-04-10 10:05:03,16543577
2026-04-10 10:05:53,16490973
2026-04-10 10:06:43,16499278
2026-04-10 10:07:34,16511093
2026-04-10 10:08:24,16514992
2026-04-10 10:09:14,16521641
2026-04-10 10:10:04,16526652
2026-04-10 10:10:54,16534047
2026-04-10 10:11:44,16522290
2026-04-10 10:12:34,16532752
2026-04-10 10:13:24,16528121
2026-04-10 10:14:15,16531273
2026-04-10 10:15:05,16551663
2026-04-10 10:15:55,16590104
2026-04-10 10:16:45,16632810
2026-04-10 10:17:35,16650332
2026-04-10 10:18:25,16653005
2026-04-10 10:19:15,16641369
2026-04-10 10:20:05,16603494
2026-04-10 10:20:55,16635420
2026-04-10 10:21:45,16629068
2026-04-10 10:22:35,16609007
2026-04-10 10:23:26,16657230
2026-04-10 10:24:16,16647950
2026-04-10 10:25:06,16681823
2026-04-10 10:25:56,16697720
2026-04-10 10:26:46,16681074
2026-04-10 10:27:36,16662129
2026-04-10 10:28:26,16728638
2026-04-10 10:29:16,16732889
2026-04-10 10:30:06,16715975
2026-04-10 10:30:56,16789693
2026-04-10 10:31:46,16806613
2026-04-10 10:32:37,16779586
2026-04-10 10:33:27,16762771
2026-04-10 10:34:17,16766798
2026-04-10 10:35:07,16784982
2026-04-10 10:35:57,16791195
2026-04-10 10:36:47,16770998
2026-04-10 10:37:37,16797755
2026-04-10 10:38:27,16778872
2026-04-10 10:39:17,16761408
2026-04-10 10:40:08,16707993
2026-04-10 10:40:58,16679741
2026-04-10 10:41:48,16685203
2026-04-10 10:42:38,16616519
2026-04-10 10:43:28,16667275
2026-04-10 10:44:18,16697932
2026-04-10 10:45:08,16717494
2026-04-10 10:45:58,16647343
2026-04-10 10:46:49,16665697
2026-04-10 10:47:39,16673443
2026-04-10 10:48:29,16704091
2026-04-10 10:49:19,16703489
2026-04-10 10:50:09,16647033
2026-04-10 10:50:59,16616397
2026-04-10 10:51:50,16604888
2026-04-10 10:52:40,16598043
2026-04-10 10:53:30,16557006
2026-04-10 10:54:20,16567186
2026-04-10 10:55:10,16533450
2026-04-10 10:56:03,16539939
2026-04-10 10:56:53,16501943
2026-04-10 10:57:43,16505267
2026-04-10 10:58:33,16506246
2026-04-10 10:59:23,16445657
2026-04-10 11:00:14,16432342
2026-04-10 11:01:04,16419689
2026-04-10 11:01:54,16435218
2026-04-10 11:02:44,16441016
2026-04-10 11:03:34,16412753
2026-04-10 11:04:24,16398541
2026-04-10 11:05:15,16365236
2026-04-10 11:06:05,16398648
2026-04-10 11:06:55,16406083
2026-04-10 11:07:45,16442548
2026-04-10 11:08:35,16412667
2026-04-10 11:09:25,16413030
2026-04-10 11:10:15,16439318
2026-04-10 11:11:05,16357460
2026-04-10 11:11:56,16381063
2026-04-10 11:12:46,16417260
2026-04-10 11:13:36,16407452
2026-04-10 11:14:26,16366853
2026-04-10 11:15:16,16380835
2026-04-10 11:16:07,16383481
2026-04-10 11:16:57,16366346
2026-04-10 11:17:47,16366237
2026-04-10 11:18:37,16394149
2026-04-10 11:19:27,16368190
2026-04-10 11:20:18,16340492
2026-04-10 11:21:08,16328347
2026-04-10 11:21:58,16296628
2026-04-10 11:22:48,16340122
2026-04-10 11:23:38,16363575
2026-04-10 11:24:28,16376871
2026-04-10 11:25:19,16359029
2026-04-10 11:26:09,16389525
2026-04-10 11:26:59,16387290
2026-04-10 11:27:49,16380347
2026-04-10 11:28:39,16350195
2026-04-10 11:29:29,16372590
2026-04-10 11:30:19,16361321
2026-04-10 11:31:10,16325750
2026-04-10 11:32:03,16345203
2026-04-10 11:32:53,16394573
2026-04-10 11:33:43,16423286
2026-04-10 11:34:33,16456908
2026-04-10 11:35:23,16466729
2026-04-10 11:36:13,16463636
2026-04-10 11:37:03,16450814
2026-04-10 11:37:53,16413815
2026-04-10 11:38:43,16438344
2026-04-10 11:39:34,16447916
2026-04-10 11:40:24,16438036
2026-04-10 11:41:14,16426779
2026-04-10 11:42:04,16443448
2026-04-10 11:42:54,16431140
2026-04-10 11:43:44,16463514
2026-04-10 11:44:34,16414504
2026-04-10 11:45:24,16395538
2026-04-10 11:46:15,16439684
2026-04-10 11:47:05,16416360
2026-04-10 11:47:55,16403088
2026-04-10 11:48:45,16386064
2026-04-10 11:49:35,16392401
2026-04-10 11:50:26,16411271
2026-04-10 11:51:16,16415291
2026-04-10 11:52:06,16420430
2026-04-10 11:52:56,16409744
2026-04-10 11:53:46,16383155
2026-04-10 11:54:36,16392487
2026-04-10 11:55:26,16385490
2026-04-10 11:56:16,16370720
2026-04-10 11:57:07,16380860
2026-04-10 11:57:57,16356965
2026-04-10 11:58:47,16363440
2026-04-10 11:59:37,16375609
2026-04-10 12:00:27,16386547
2026-04-10 12:01:17,16373973
2026-04-10 12:02:07,16362465
2026-04-10 12:02:57,16377339
2026-04-10 12:03:47,16361870
2026-04-10 12:04:37,16336611
2026-04-10 12:05:28,16324871
2026-04-10 12:06:18,16307065
2026-04-10 12:07:08,16292632
2026-04-10 12:07:58,16292215
2026-04-10 12:08:48,16293689
2026-04-10 12:09:38,16266215
2026-04-10 12:10:28,16255434
2026-04-10 12:11:18,16250865
2026-04-10 12:12:08,16221571
2026-04-10 12:12:59,16249106
2026-04-10 12:13:49,16269667
2026-04-10 12:14:39,16216433
2026-04-10 12:15:29,16205359
2026-04-10 12:16:19,16219405
2026-04-10 12:17:09,16227452
2026-04-10 12:17:59,16210444
2026-04-10 12:18:49,16250266
2026-04-10 12:19:39,16258278
2026-04-10 12:20:29,16262110
2026-04-10 12:21:20,16260043
2026-04-10 12:22:10,16263630
2026-04-10 12:23:03,16200318
2026-04-10 12:23:53,16230578
2026-04-10 12:24:43,16233442
2026-04-10 12:25:33,16226240
2026-04-10 12:26:23,16227819
2026-04-10 12:27:13,16221257
2026-04-10 12:28:04,16231526
2026-04-10 12:28:54,16234618
2026-04-10 12:29:44,16225977
2026-04-10 12:30:34,16205227
2026-04-10 12:31:24,16216772
2026-04-10 12:32:15,16258678
2026-04-10 12:33:05,16232177
2026-04-10 12:33:55,16238539
2026-04-10 12:34:45,16229318
2026-04-10 12:35:35,16231804
2026-04-10 12:36:25,16243059
2026-04-10 12:37:15,16236122
2026-04-10 12:38:05,16272230
2026-04-10 12:38:55,16289007
2026-04-10 12:39:45,16320145
2026-04-10 12:40:36,16291054
2026-04-10 12:41:26,16281444
2026-04-10 12:42:16,16257663
2026-04-10 12:43:06,16272235
2026-04-10 12:43:56,16272786
2026-04-10 12:44:46,16286246
2026-04-10 12:45:36,16318435
2026-04-10 12:46:26,16313763
2026-04-10 12:47:17,16309920
2026-04-10 12:48:07,16289321
2026-04-10 12:48:57,16239233
2026-04-10 12:49:47,16220631
2026-04-10 12:50:37,16226668
2026-04-10 12:51:27,16238563
2026-04-10 12:52:17,16228803
2026-04-10 12:53:08,16234507
2026-04-10 12:53:58,16249771
2026-04-10 12:54:48,16243587
2026-04-10 12:55:38,16255707
2026-04-10 12:56:28,16249797
2026-04-10 12:57:18,16258919
2026-04-10 12:58:08,16261964
2026-04-10 12:58:58,16278664
2026-04-10 12:59:48,16279383
2026-04-10 13:00:39,16287412
2026-04-10 13:01:29,16280100
2026-04-10 13:02:19,16311723
2026-04-10 13:03:09,16312084
2026-04-10 13:03:59,16333860
2026-04-10 13:04:49,16333030
2026-04-10 13:05:39,16360775
2026-04-10 13:06:29,16302900
2026-04-10 13:07:20,16272853
2026-04-10 13:08:10,16298158
2026-04-10 13:09:03,16297909
2026-04-10 13:09:53,16320387
2026-04-10 13:10:43,16296992
2026-04-10 13:11:33,16311450
2026-04-10 13:12:23,16330243
2026-04-10 13:13:14,16305423
2026-04-10 13:14:04,16312081
2026-04-10 13:14:54,16336263
2026-04-10 13:15:44,16352740
2026-04-10 13:16:34,16327566
2026-04-10 13:17:24,16337678
2026-04-10 13:18:14,16363255
2026-04-10 13:19:04,16345130
2026-04-10 13:19:54,16334911
2026-04-10 13:20:45,16341398
2026-04-10 13:21:35,16340170
2026-04-10 13:22:25,16325721
2026-04-10 13:23:15,16310968
2026-04-10 13:24:05,16304383
2026-04-10 13:24:56,16303934
2026-04-10 13:25:46,16290400
2026-04-10 13:25:51,16279810
2026-04-10 13:26:42,16292478
2026-04-10 13:27:32,16329790
2026-04-10 13:28:22,16326662
2026-04-10 13:29:12,16313973
2026-04-10 13:30:03,16296522
2026-04-10 13:30:53,16286184
2026-04-10 13:31:44,16300673
2026-04-10 13:32:34,16301565
2026-04-10 13:33:24,16309427
2026-04-10 13:34:14,16288300
2026-04-10 13:35:04,16333656
2026-04-10 13:35:54,16317160
2026-04-10 13:36:44,16333879
2026-04-10 13:37:34,16289736
2026-04-10 13:38:24,16292621
2026-04-10 13:39:15,16308030
2026-04-10 13:40:05,16337302
2026-04-10 13:40:55,16339358
2026-04-10 13:41:45,16324437
2026-04-10 13:42:35,16298852
2026-04-10 13:43:25,16329129
2026-04-10 13:44:15,16310090
2026-04-10 13:45:05,16323810
2026-04-10 13:45:56,16291766
2026-04-10 13:46:46,16257475
2026-04-10 13:47:36,16285996
2026-04-10 13:48:26,16256057
2026-04-10 13:49:16,16266078
2026-04-10 13:50:06,16280324
2026-04-10 13:50:57,16268911
2026-04-10 13:51:47,16271215
2026-04-10 13:52:37,16253910
2026-04-10 13:53:27,16258323
2026-04-10 13:54:17,16234111
2026-04-10 13:55:07,16241020
2026-04-10 13:55:57,16251167
2026-04-10 13:56:47,16225028
2026-04-10 13:57:38,16238764
2026-04-10 13:58:28,16267284
2026-04-10 13:59:18,16270086
2026-04-10 14:00:08,16256107
2026-04-10 14:00:58,16261549
2026-04-10 14:01:48,16293880
2026-04-10 14:02:39,16266461
2026-04-10 14:03:29,16266863
2026-04-10 14:04:19,16247565
2026-04-10 14:05:09,16251993
2026-04-10 14:05:59,16251587
2026-04-10 14:06:49,16264312
2026-04-10 14:07:39,16259630
2026-04-10 14:08:29,16250792
2026-04-10 14:09:19,16271987
2026-04-10 14:10:09,16256693
2026-04-10 14:11:03,16252324
2026-04-10 14:11:53,16217166
2026-04-10 14:12:43,16215238
2026-04-10 14:13:33,16217416
2026-04-10 14:14:23,16206006
2026-04-10 14:15:13,16209410
2026-04-10 14:16:03,16199700
2026-04-10 14:16:53,16133602
2026-04-10 14:17:44,16149491
2026-04-10 14:18:34,16151958
2026-04-10 14:19:24,16109815
2026-04-10 14:20:14,16141558
2026-04-10 14:21:04,16129619
2026-04-10 14:21:55,16148313
2026-04-10 14:22:45,16184262
2026-04-10 14:23:35,16195956
2026-04-10 14:24:25,16174879
2026-04-10 14:25:15,16169810
2026-04-10 14:26:05,16170592
2026-04-10 14:26:55,16206920
2026-04-10 14:27:45,16198769
2026-04-10 14:28:35,16191007
2026-04-10 14:29:25,16131826
2026-04-10 14:30:16,16152972
2026-04-10 14:31:06,16119408
2026-04-10 14:31:56,16102455
2026-04-10 14:32:46,16154163
2026-04-10 14:33:36,16113732
2026-04-10 14:34:27,16125838
2026-04-10 14:35:17,16134978
2026-04-10 14:36:07,16128224
2026-04-10 14:36:57,16133859
2026-04-10 14:37:47,16149471
2026-04-10 14:38:37,16173314
2026-04-10 14:39:27,16164621
2026-04-10 14:40:18,16163218
2026-04-10 14:41:08,16192946
2026-04-10 14:41:58,16205751
2026-04-10 14:42:48,16166765
2026-04-10 14:43:38,16153919
2026-04-10 14:44:28,16150648
2026-04-10 14:45:18,16158695
2026-04-10 14:46:08,16156926
2026-04-10 14:46:58,16160857
2026-04-10 14:47:49,16137984
2026-04-10 14:48:39,16149300
2026-04-10 14:49:29,16139714
2026-04-10 14:50:19,16107207
2026-04-10 14:51:09,16100792
2026-04-10 14:52:03,16113150
2026-04-10 14:52:53,16138978
2026-04-10 14:53:43,16131231
2026-04-10 14:54:33,16112691
2026-04-10 14:55:23,16116952
2026-04-10 14:56:13,16152417
2026-04-10 14:57:03,16119448
2026-04-10 14:57:53,16083439
2026-04-10 14:58:43,16115447
2026-04-10 14:59:34,16079398
2026-04-10 15:00:24,16084777
2026-04-10 15:01:14,16102733
2026-04-10 15:02:04,16054238
2026-04-10 15:02:54,16059986
2026-04-10 15:03:45,16046104
2026-04-10 15:04:35,16079229
2026-04-10 15:05:25,16049800
2026-04-10 15:06:15,16019517
2026-04-10 15:07:05,16005551
2026-04-10 15:07:55,16012840
2026-04-10 15:08:45,15985574
2026-04-10 15:09:35,15972034
2026-04-10 15:10:26,15977201
2026-04-10 15:11:16,15927122
2026-04-10 15:12:06,15932761
2026-04-10 15:12:56,15949230
2026-04-10 15:13:46,15953237
2026-04-10 15:14:36,15929771
2026-04-10 15:15:26,15910566
2026-04-10 15:16:17,15929138
2026-04-10 15:17:07,15908440
2026-04-10 15:17:57,15917443
2026-04-10 15:18:47,15887887
2026-04-10 15:19:37,15927166
2026-04-10 15:20:28,15926666
2026-04-10 15:21:18,15926666
2026-04-10 15:22:08,15926666
2026-04-10 15:22:58,15926666
2026-04-10 15:23:48,15926666
2026-04-10 15:24:38,15926666
2026-04-10 15:25:29,15926666
2026-04-10 15:26:19,15926666
2026-04-10 15:27:09,15926666
2026-04-10 15:27:59,15926666
2026-04-10 15:28:49,15926666
2026-04-10 15:29:39,15926666
2026-04-10 15:30:29,15905590
2026-04-10 15:31:19,15905590
2026-04-10 15:32:10,15905590
2026-04-10 15:33:03,15905590
2026-04-10 15:33:53,15905590
2026-04-10 15:34:43,15905590
2026-04-10 15:35:33,15905590
2026-04-10 15:36:23,15905590
2026-04-10 15:37:13,15905590
2026-04-10 15:38:03,15905590
2026-04-10 15:38:53,15905590
2026-04-10 15:39:43,15905590
2026-04-10 15:40:34,15924142
2026-04-10 15:41:24,15954882
2026-04-10 15:42:14,15949542
2026-04-10 15:43:04,15950807
2026-04-10 15:43:54,15923613
2026-04-10 15:44:44,15937535
2026-04-10 15:45:34,15908594
2026-04-10 15:46:25,15943621
2026-04-10 15:47:15,15907294
2026-04-10 15:48:05,15937983
2026-04-10 15:48:55,15916626
2026-04-10 15:49:45,15905748
2026-04-10 15:50:35,15900459
2026-04-10 15:51:25,15927054
2026-04-10 15:52:15,15901456
2026-04-10 15:53:06,15888782
2026-04-10 15:53:56,15896018
2026-04-10 15:54:46,15865879
2026-04-10 15:55:36,15860838
2026-04-10 15:56:26,15868273
2026-04-10 15:57:16,15856597
2026-04-10 15:58:06,15835599
2026-04-10 15:58:56,15815240
2026-04-10 15:59:46,15837894
2026-04-10 16:00:37,15802415
2026-04-10 16:01:27,15798124
2026-04-10 16:02:17,15813144
2026-04-10 16:03:08,15794382
2026-04-10 16:03:58,15791288
2026-04-10 16:04:48,15786897
2026-04-10 16:05:38,15785149
2026-04-10 16:06:28,15787795
2026-04-10 16:07:18,15811646
2026-04-10 16:08:08,15808153
2026-04-10 16:08:58,15796028
2026-04-10 16:09:48,15792484
2026-04-10 16:10:39,15815638
2026-04-10 16:11:29,15794430
2026-04-10 16:12:19,15799221
2026-04-10 16:13:09,15803213
2026-04-10 16:13:59,15792285
2026-04-10 16:14:49,15820927
2026-04-10 16:15:39,15804709
2026-04-10 16:16:30,15819230
2026-04-10 16:17:20,15839142
2026-04-10 16:18:10,15864429
2026-04-10 16:19:03,15838541
2026-04-10 16:19:53,15843081
2026-04-10 16:20:43,15833601
2026-04-10 16:21:33,15834551
2026-04-10 16:22:24,15869569
2026-04-10 16:23:14,15843829
2026-04-10 16:24:04,15840638
2026-04-10 16:24:54,15867324
2026-04-10 16:25:44,15873513
2026-04-10 16:26:34,15868072
2026-04-10 16:27:24,15857555
2026-04-10 16:28:14,15853064
2026-04-10 16:29:04,15851165
2026-04-10 16:29:55,15864229
2026-04-10 16:30:45,15854011
2026-04-10 16:31:36,15867623
2026-04-10 16:32:26,15847324
2026-04-10 16:33:16,15867025
2026-04-10 16:34:06,15869220
2026-04-10 16:34:56,15849670
2026-04-10 16:35:46,15837194
2026-04-10 16:36:36,15867923
2026-04-10 16:37:26,15842035
2026-04-10 16:38:16,15872115
2026-04-10 16:39:06,15868075
2026-04-10 16:39:57,15836845
2026-04-10 16:40:47,15845127
2026-04-10 16:41:37,15840191
2026-04-10 16:42:27,15857744
2026-04-10 16:43:17,15831759
2026-04-10 16:44:07,15836299
2026-04-10 16:44:57,15814343
2026-04-10 16:45:48,15807855
2026-04-10 16:46:38,15813192
2026-04-10 16:47:28,15832255
2026-04-10 16:48:18,15814291
2026-04-10 16:49:08,15802763
2026-04-10 16:49:58,15809600
2026-04-10 16:50:49,15805708
2026-04-10 16:51:39,15823672
2026-04-10 16:52:29,15810749
2026-04-10 16:53:19,15813693
2026-04-10 16:54:09,15818782
2026-04-10 16:54:59,15824770
2026-04-10 16:55:49,15826868
2026-04-10 16:56:39,15823923
2026-04-10 16:57:29,15836446
2026-04-10 16:58:19,15819681
2026-04-10 16:59:10,15840440
2026-04-10 17:00:03,15826917
2026-04-10 17:00:53,15848173
2026-04-10 17:01:43,15827264
2026-04-10 17:02:33,15831107
2026-04-10 17:03:23,15825569
2026-04-10 17:04:13,15859950
2026-04-10 17:05:03,15840340
2026-04-10 17:05:54,15837047
2026-04-10 17:06:44,15843534
2026-04-10 17:07:34,15836898
2026-04-10 17:08:24,15832404
2026-04-10 17:09:14,15815190
2026-04-10 17:10:04,15814392
2026-04-10 17:10:55,15823922
2026-04-10 17:11:45,15846827
2026-04-10 17:12:35,15815938
2026-04-10 17:13:25,15832106
2026-04-10 17:14:15,15834601
2026-04-10 17:15:06,15820828
2026-04-10 17:15:56,15819981
2026-04-10 17:16:46,15844780
2026-04-10 17:17:36,15812794
2026-04-10 17:18:26,15840140
2026-04-10 17:19:16,15821927
2026-04-10 17:20:06,15842436
2026-04-10 17:20:56,15840738
2026-04-10 17:21:47,15822524
2026-04-10 17:22:37,15819481
2026-04-10 17:23:27,15846278
2026-04-10 17:24:17,15865889
2026-04-10 17:25:07,15846078
2026-04-10 17:25:57,15839741
2026-04-10 17:26:47,15847224
2026-04-10 17:27:37,15874820
2026-04-10 17:28:27,15873423
2026-04-10 17:29:18,15868332
2026-04-10 17:30:08,15854412
2026-04-10 17:30:58,15852464
2026-04-10 17:31:48,15865038
2026-04-10 17:32:38,15853012
2026-04-10 17:33:28,15843482
2026-04-10 17:34:18,15836946
2026-04-10 17:35:08,15839392
2026-04-10 17:35:59,15863495
2026-04-10 17:36:49,15837097
2026-04-10 17:37:39,15835599
2026-04-10 17:38:29,15837896
2026-04-10 17:39:19,15813044
2026-04-10 17:40:09,15817932
2026-04-10 17:40:59,15812295
2026-04-10 17:41:49,15811897
2026-04-10 17:42:40,15840539
2026-04-10 17:43:30,15812845
2026-04-10 17:44:20,15809700
2026-04-10 17:45:10,15808903
2026-04-10 17:46:03,15831208
2026-04-10 17:46:53,15814542
2026-04-10 17:47:43,15838743
2026-04-10 17:48:33,15835049
2026-04-10 17:49:23,15837794
2026-04-10 17:50:15,15840888
2026-04-10 17:51:05,15820081
2026-04-10 17:51:55,15837793
2026-04-10 17:52:45,15837794
2026-04-10 17:53:35,15833603
2026-04-10 17:54:25,15837195
2026-04-10 17:55:15,15817784
2026-04-10 17:56:05,15845280
2026-04-10 17:56:56,15830210
2026-04-10 17:57:46,15819282
2026-04-10 17:58:36,15845330
2026-04-10 17:59:26,15845130
2026-04-10 18:00:16,15846476
2026-04-10 18:01:06,15841986
2026-04-10 18:01:57,15834650
2026-04-10 18:02:47,15839241
2026-04-10 18:03:37,15851467
2026-04-10 18:04:27,15837994
2026-04-10 18:05:17,15842984
2026-04-10 18:06:07,15822175
2026-04-10 18:06:57,15841287
2026-04-10 18:07:47,15812693
2026-04-10 18:08:37,15847075
2026-04-10 18:09:28,15845678
2026-04-10 18:10:18,15837795
2026-04-10 18:11:08,15836247
2026-04-10 18:11:58,15839840
2026-04-10 18:12:49,15848074
2026-04-10 18:13:39,15837444
2026-04-10 18:14:29,15866188
2026-04-10 18:15:19,15861647
2026-04-10 18:16:09,15844630
2026-04-10 18:16:59,15864340
2026-04-10 18:17:49,15852313
2026-04-10 18:18:39,15860999
2026-04-10 18:19:29,15858650
2026-04-10 18:20:20,15879847
2026-04-10 18:21:10,15887334
2026-04-10 18:22:03,15859250
2026-04-10 18:22:53,15867533
2026-04-10 18:23:43,15894818
2026-04-10 18:24:33,15886785
2026-04-10 18:25:24,15875518
2026-04-10 18:26:14,15866436
2026-04-10 18:27:04,15871125
2026-04-10 18:27:54,15887433
2026-04-10 18:28:44,15897413
2026-04-10 18:29:34,15892475
2026-04-10 18:30:24,15874918
2026-04-10 18:31:15,15894120
2026-04-10 18:32:05,15886586
2026-04-10 18:32:55,15895518
2026-04-10 18:33:45,15861844
2026-04-10 18:34:35,15866336
2026-04-10 18:35:25,15863540
2026-04-10 18:36:15,15872223
2026-04-10 18:37:05,15882842
2026-04-10 18:37:55,15887034
2026-04-10 18:38:46,15891624
2026-04-10 18:39:36,15867881
2026-04-10 18:40:26,15892973
2026-04-10 18:41:16,15880797
2026-04-10 18:42:06,15886435
2026-04-10 18:42:57,15886137
2026-04-10 18:43:47,15898161
2026-04-10 18:44:37,15859251
2026-04-10 18:45:27,15887034
2026-04-10 18:46:17,15862743
2026-04-10 18:47:07,15863889
2026-04-10 18:47:57,15883492
2026-04-10 18:48:47,15863392
2026-04-10 18:49:37,15867084
2026-04-10 18:50:28,15894769
2026-04-10 18:51:18,15876565
2026-04-10 18:52:08,15872024
2026-04-10 18:52:58,15893421
2026-04-10 18:53:48,15891425
2026-04-10 18:54:38,15870079
2026-04-10 18:55:29,15872823
2026-04-10 18:56:19,15892773
2026-04-10 18:57:09,15895966
2026-04-10 18:57:59,15872822
2026-04-10 18:58:49,15868231
2026-04-10 18:59:39,15891026
2026-04-10 19:00:29,15895567
2026-04-10 19:01:19,15869829
2026-04-10 19:02:09,15897913
2026-04-10 19:03:03,15897913
2026-04-10 19:03:53,15891078
2026-04-10 19:04:43,15884940
2026-04-10 19:05:33,15887634
2026-04-10 19:06:23,15913332
2026-04-10 19:07:13,15905000
2026-04-10 19:08:03,15905149
2026-04-10 19:08:53,15906197
2026-04-10 19:09:43,15911986
2026-04-10 19:10:34,15921016
2026-04-10 19:11:24,15914229
2026-04-10 19:12:14,15911786
2026-04-10 19:13:04,15915978
2026-04-10 19:13:54,15905848
2026-04-10 19:14:44,15917974
2026-04-10 19:15:34,15938133
2026-04-10 19:16:24,15934650
2026-04-10 19:17:14,15914341
2026-04-10 19:18:05,15943723
2026-04-10 19:18:55,15933542
2026-04-10 19:19:45,15938133
2026-04-10 19:20:35,15934939
2026-04-10 19:21:25,15933542
2026-04-10 19:22:15,15923112
2026-04-10 19:23:05,15935539
2026-04-10 19:23:55,15936338
2026-04-10 19:24:45,15919970
2026-04-10 19:25:36,15944270
2026-04-10 19:26:26,15938642
2026-04-10 19:27:16,15935249
2026-04-10 19:28:06,15915237
2026-04-10 19:28:56,15934250
2026-04-10 19:29:46,15933601
2026-04-10 19:30:36,15937193
2026-04-10 19:31:27,15934849
2026-04-10 19:32:17,15939241
2026-04-10 19:33:07,15930858
2026-04-10 19:33:57,15953801
2026-04-10 19:34:47,15963822
2026-04-10 19:35:37,15961035
2026-04-10 19:36:27,15955698
2026-04-10 19:37:17,15962931
2026-04-10 19:38:07,15963133
2026-04-10 19:38:58,15960587
2026-04-10 19:39:48,15946175
2026-04-10 19:40:38,15965128
2026-04-10 19:41:28,15963031
2026-04-10 19:42:18,15957894
2026-04-10 19:43:08,15963881
2026-04-10 19:43:58,15945129
2026-04-10 19:44:48,15961337
2026-04-10 19:45:39,15955550
2026-04-10 19:46:29,15938043
2026-04-10 19:47:19,15940638
2026-04-10 19:48:09,15916288
2026-04-10 19:48:59,15921327
2026-04-10 19:49:49,15914741
2026-04-10 19:50:39,15898322
2026-04-10 19:51:30,15920877
2026-04-10 19:52:20,15899920
2026-04-10 19:53:10,15928162
2026-04-10 19:54:03,15927355
2026-04-10 19:54:53,15934490
2026-04-10 19:55:43,15937883
2026-04-10 19:56:33,15938183
2026-04-10 19:57:23,15941626
2026-04-10 19:58:13,15946016
2026-04-10 19:59:03,15937734
2026-04-10 19:59:54,15933650
2026-04-13 08:00:03,15824309
2026-04-13 08:00:53,15679078
2026-04-13 08:01:44,15752024
2026-04-13 08:02:34,14913863
2026-04-13 08:03:24,14948895
2026-04-13 08:04:14,15048044
2026-04-13 08:05:04,15078435
2026-04-13 08:05:54,15082776
2026-04-13 08:06:44,15064012
2026-04-13 08:07:36,15049693
2026-04-13 08:08:26,15123871
2026-04-13 08:09:16,15187235
2026-04-13 08:10:06,15200318
2026-04-13 08:10:57,15232482
2026-04-13 08:11:47,15252833
2026-04-13 08:12:37,15283671
2026-04-13 08:13:28,15291705
2026-04-13 08:14:18,15313261
2026-04-13 08:15:08,15335257
2026-04-13 08:15:58,15277246
2026-04-13 08:16:48,15216026
2026-04-13 08:17:38,15216823
2026-04-13 08:18:28,15289458
2026-04-13 08:19:19,15293699
2026-04-13 08:20:09,15288163
2026-04-13 08:20:59,15306565
2026-04-13 08:21:49,15303721
2026-04-13 08:22:39,15302971
2026-04-13 08:23:30,15323332
2026-04-13 08:24:20,15354957
2026-04-13 08:25:10,15362691
2026-04-13 08:26:03,15357353
2026-04-13 08:26:53,15326475
2026-04-13 08:27:43,15339250
2026-04-13 08:28:33,15292153
2026-04-13 08:29:23,15307066
2026-04-13 08:30:14,15337305
2026-04-13 08:31:04,15330965
2026-04-13 08:31:54,15297832
2026-04-13 08:32:44,15313353
2026-04-13 08:33:35,15304171
2026-04-13 08:34:25,15307963
2026-04-13 08:35:15,15291397
2026-04-13 08:36:05,15267864
2026-04-13 08:36:55,15239830
2026-04-13 08:37:45,15232595
2026-04-13 08:38:35,15238022
2026-04-13 08:39:26,15215117
2026-04-13 08:40:16,15219409
2026-04-13 08:41:06,15244000
2026-04-13 08:41:57,15241605
2026-04-13 08:42:47,15205488
2026-04-13 08:43:37,15190069
2026-04-13 08:44:27,15159082
2026-04-13 08:45:17,15126758
2026-04-13 08:46:07,15120210
2026-04-13 08:46:57,15127893
2026-04-13 08:47:48,15124909
2026-04-13 08:48:38,15147954
2026-04-13 08:49:28,15166028
2026-04-13 09:01:09,15394280
2026-04-13 09:02:03,15426169
2026-04-13 09:02:53,15554809
2026-04-13 09:03:43,15717807
2026-04-13 09:04:33,15645322
2026-04-13 09:05:23,15664453
2026-04-13 09:06:13,15685231
2026-04-13 09:07:03,15655699
2026-04-13 09:07:53,15559267
2026-04-13 09:08:43,15533637
2026-04-13 09:09:33,15516178
2026-04-13 09:10:24,15538086
2026-04-13 09:11:14,15635440
2026-04-13 09:12:04,15572488
2026-04-13 09:12:54,15632758
2026-04-13 09:13:44,15661236
2026-04-13 09:14:34,15669459
2026-04-13 09:15:25,15655228
2026-04-13 09:16:15,15706965
2026-04-13 09:17:05,15695258
2026-04-13 09:17:55,15714679
2026-04-13 09:18:45,15855952
2026-04-13 09:19:35,15788086
2026-04-13 09:20:26,15816651
2026-04-13 09:21:16,15723946
2026-04-13 09:22:06,15768694
2026-04-13 09:22:56,15743567
2026-04-13 09:23:46,15781459
2026-04-13 09:24:36,15754834
2026-04-13 09:25:26,15749783
2026-04-13 09:26:16,15800990
2026-04-13 09:27:06,15865092
2026-04-13 09:27:57,15865092
2026-04-13 09:28:47,15884735
2026-04-13 09:29:37,15860336
2026-04-13 09:30:28,15859496
2026-04-13 09:31:18,16006253
2026-04-13 09:32:08,16057191
2026-04-13 09:32:58,16023669
2026-04-13 09:33:48,16104696
2026-04-13 09:34:38,16033210
2026-04-13 09:35:29,15947262
2026-04-13 09:36:19,15891094
2026-04-13 09:37:09,15787791
2026-04-13 09:37:59,15840576
2026-04-13 09:38:49,15784777
2026-04-13 09:39:39,15778291
2026-04-13 09:40:30,15784777
2026-04-13 09:41:20,15689799
2026-04-13 09:42:10,15655488
2026-04-13 09:43:03,15849577
2026-04-13 09:43:53,15736942
2026-04-13 09:44:43,15834428
2026-04-13 09:45:33,15990884
2026-04-13 09:46:23,15910266
2026-04-13 09:47:13,15920595
2026-04-13 09:48:03,16031232
2026-04-13 09:48:53,15982890
2026-04-13 09:49:44,15937792
2026-04-13 09:50:34,15934359
2026-04-13 09:51:25,16114665
2026-04-13 09:52:15,16224036
2026-04-13 09:53:05,16243949
2026-04-13 09:53:55,16198467
2026-04-13 09:54:45,16178328
2026-04-13 09:55:35,16315124
2026-04-13 09:56:25,16220013
2026-04-13 09:57:16,16191263
2026-04-13 09:58:06,16126802
2026-04-13 09:58:56,16164119
2026-04-13 09:59:46,16171120
2026-04-13 10:00:36,16225435
2026-04-13 10:01:26,16168159
2026-04-13 10:02:16,16204694
2026-04-13 10:03:07,16069994
2026-04-13 10:03:57,16148867
2026-04-13 10:04:47,16112322
2026-04-13 10:05:37,16051292
2026-04-13 10:06:27,15942781
2026-04-13 10:07:17,15959515
2026-04-13 10:08:07,15913068
2026-04-13 10:08:57,15952258
2026-04-13 10:09:48,16012987
2026-04-13 10:10:39,16001900
2026-04-13 10:11:29,15983049
2026-04-13 10:12:19,15898398
2026-04-13 10:13:09,15942510
2026-04-13 10:14:03,15874207
2026-04-13 10:14:53,15859348
2026-04-13 10:15:43,15819437
2026-04-13 10:16:33,15825214
2026-04-13 10:17:23,15804795
2026-04-13 10:18:13,15873700
2026-04-13 10:19:03,15824247
2026-04-13 10:19:53,15841872
2026-04-13 10:20:44,15807341
2026-04-13 10:21:35,15807241
2026-04-13 10:22:25,15783140
2026-04-13 10:23:15,15785983
2026-04-13 10:24:05,15802281
2026-04-13 10:24:55,15802150
2026-04-13 10:25:45,15801084
2026-04-13 10:26:35,15886673
2026-04-13 10:27:25,15841634
2026-04-13 10:28:16,15975623
2026-04-13 10:29:06,15961799
2026-04-13 10:29:56,15989128
2026-04-13 10:30:47,15906941
2026-04-13 10:30:52,15883047
2026-04-13 10:31:38,15790701
2026-04-13 10:31:43,15781072
2026-04-13 10:32:28,15739776
2026-04-13 10:32:33,15742671
2026-04-13 10:33:18,15816460
2026-04-13 10:33:23,15838318
2026-04-13 10:34:08,15823079
2026-04-13 10:34:13,15780332
2026-04-13 10:34:58,15869665
2026-04-13 10:35:03,15898000
2026-04-13 10:35:48,15925624
2026-04-13 10:35:54,15956563
2026-04-13 10:36:38,15864326
2026-04-13 10:36:44,15867221
2026-04-13 10:37:29,15919715
2026-04-13 10:37:34,15861142
2026-04-13 10:38:19,15901112
2026-04-13 10:38:24,15904006
2026-04-13 10:39:09,16005423
2026-04-13 10:39:14,16009037
2026-04-13 10:39:59,15974784
2026-04-13 10:40:04,15987419
2026-04-13 10:40:49,15977671
2026-04-13 10:40:54,15995732
2026-04-13 10:41:39,15917400
2026-04-13 10:41:44,15919994
2026-04-13 10:42:29,15892950
2026-04-13 10:42:35,15846551
2026-04-13 10:43:20,15820054
2026-04-13 10:43:25,15843777
2026-04-13 10:44:10,15880613
2026-04-13 10:44:15,15874707
2026-04-13 10:45:03,15798449
2026-04-13 10:45:05,15829076
2026-04-13 10:45:53,15778269
2026-04-13 10:45:55,15768218
2026-04-13 10:46:43,15806304
2026-04-13 10:46:45,15805884
2026-04-13 10:47:33,15806304
2026-04-13 10:47:35,15772482
2026-04-13 10:48:23,15732860
2026-04-13 10:48:26,15763799
2026-04-13 10:49:13,15737112
2026-04-13 10:49:16,15735394
2026-04-13 10:50:04,15712242
2026-04-13 10:50:06,15681723
2026-04-13 10:50:54,15716692
2026-04-13 10:50:56,15688648
2026-04-13 10:51:44,15681872
2026-04-13 10:51:46,15700573
2026-04-13 10:52:34,15655246
2026-04-13 10:52:36,15645607
2026-04-13 10:53:24,15631722
2026-04-13 10:53:26,15642351
2026-04-13 10:54:14,15673228
2026-04-13 10:54:16,15630495
2026-04-13 10:55:04,15656812
2026-04-13 10:55:07,15638111
2026-04-13 10:55:54,15670982
2026-04-13 10:55:57,15673876
2026-04-13 10:56:44,15747129
2026-04-13 10:56:47,15735323
2026-04-13 10:57:35,15730444
2026-04-13 10:57:37,15740073
2026-04-13 10:58:25,15682111
2026-04-13 10:58:27,15709146
2026-04-13 10:59:15,15678907
2026-04-13 10:59:17,15651283
2026-04-13 11:00:05,15694448
2026-04-13 11:00:07,15694038
2026-04-13 11:00:56,15725684
2026-04-13 11:00:59,15725684
2026-04-13 11:01:46,15674757
2026-04-13 11:01:49,15640804
2026-04-13 11:02:37,15591224
2026-04-13 11:02:39,15643997
2026-04-13 11:03:27,15621035
2026-04-13 11:03:29,15625046
2026-04-13 11:04:17,15658050
2026-04-13 11:04:19,15615208
2026-04-13 11:05:07,15644348
2026-04-13 11:05:09,15672680
2026-04-13 11:05:57,15591294
2026-04-13 11:05:59,15623112
2026-04-13 11:06:47,15572452
2026-04-13 11:06:49,15568409
2026-04-13 11:07:37,15579898
2026-04-13 11:07:39,15558051
2026-04-13 11:08:27,15521505
2026-04-13 11:08:29,15500628
2026-04-13 11:09:18,15520048
2026-04-13 11:09:20,15504161
2026-04-13 11:10:08,15511965
2026-04-13 11:10:10,15527084
2026-04-13 11:10:58,15591675
2026-04-13 11:11:03,15576627
2026-04-13 11:11:48,15660986
2026-04-13 11:11:53,15645876
2026-04-13 11:12:38,15605306
2026-04-13 11:12:43,15632222
2026-04-13 11:13:28,15575207
2026-04-13 11:13:33,15529447
2026-04-13 11:14:18,15618049
2026-04-13 11:14:23,15585247
2026-04-13 11:15:09,15606254
2026-04-13 11:15:14,15604078
2026-04-13 11:15:59,15635057
2026-04-13 11:16:04,15632162
2026-04-13 11:16:49,15613777
2026-04-13 11:16:54,15613777
2026-04-13 11:17:39,15601142
2026-04-13 11:17:44,15591093
2026-04-13 11:18:29,15592881
2026-04-13 11:18:34,15587092
2026-04-13 11:19:19,15582850
2026-04-13 11:19:24,15589755
2026-04-13 11:20:09,15614816
2026-04-13 11:20:15,15621024
2026-04-13 11:21:03,15606323
2026-04-13 11:21:05,15590217
2026-04-13 11:21:53,15572682
2026-04-13 11:21:55,15560036
2026-04-13 11:22:43,15548758
2026-04-13 11:22:45,15548460
2026-04-13 11:23:33,15505943
2026-04-13 11:23:35,15493718
2026-04-13 11:24:23,15531394
2026-04-13 11:24:25,15528499
2026-04-13 11:25:14,15532640
2026-04-13 11:25:15,15505176
2026-04-13 11:26:04,15505705
2026-04-13 11:26:06,15505705
2026-04-13 11:26:54,15489140
2026-04-13 11:26:56,15490167
2026-04-13 11:27:36,15468980
2026-04-13 11:27:44,15493181
2026-04-13 11:28:26,15459528
2026-04-13 11:28:34,15480834
2026-04-13 11:29:17,15480606
2026-04-13 11:29:24,15436146
2026-04-13 11:30:07,15536563
2026-04-13 11:30:15,15490168
2026-04-13 11:30:57,15542931
2026-04-13 11:31:05,15522053
2026-04-13 11:31:47,15567382
2026-04-13 11:31:55,15600495
2026-04-13 11:32:38,15582781
2026-04-13 11:32:45,15597901
2026-04-13 11:33:28,15570455
2026-04-13 11:33:35,15570455
2026-04-13 11:34:18,15574487
2026-04-13 11:34:26,15549617
2026-04-13 11:35:08,15596923
2026-04-13 11:35:16,15599816
2026-04-13 11:35:58,15549808
2026-04-13 11:36:06,15547633
2026-04-13 11:36:48,15577840
2026-04-13 11:36:56,15599396
2026-04-13 11:37:38,15602711
2026-04-13 11:37:46,15571784
2026-04-13 11:38:29,15591433
2026-04-13 11:38:36,15591013
2026-04-13 11:39:19,15587701
2026-04-13 11:39:26,15575176
2026-04-13 11:40:09,15541773
2026-04-13 11:40:16,15539178
2026-04-13 11:40:59,15599696
2026-04-13 11:41:06,15598978
2026-04-13 11:41:49,15619939
2026-04-13 11:41:57,15604468
2026-04-13 11:42:39,15638059
2026-04-13 11:42:47,15652880
2026-04-13 11:43:29,15654527
2026-04-13 11:43:37,15677120
2026-04-13 11:44:20,15715875
2026-04-13 11:44:27,15712980
2026-04-13 11:45:10,15722601
2026-04-13 11:45:17,15691674
2026-04-13 11:46:03,15692071
2026-04-13 11:46:07,15692071
2026-04-13 11:46:53,15678906
2026-04-13 11:46:57,15676564
2026-04-13 11:47:43,15684229
2026-04-13 11:47:47,15669827
2026-04-13 11:48:33,15672840
2026-04-13 11:48:38,15669527
2026-04-13 11:49:23,15644078
2026-04-13 11:49:28,15626780
2026-04-13 11:50:14,15629257
2026-04-13 11:50:18,15610556
2026-04-13 11:51:05,15632270
2026-04-13 11:51:08,15644078
2026-04-13 11:51:55,15640235
2026-04-13 11:51:58,15652879
2026-04-13 11:52:45,15633229
2026-04-13 11:52:48,15649036
2026-04-13 11:53:35,15630335
2026-04-13 11:53:39,15658667
2026-04-13 11:54:25,15610026
2026-04-13 11:54:29,15611473
2026-04-13 11:55:15,15612502
2026-04-13 11:55:19,15581563
2026-04-13 11:56:05,15597034
2026-04-13 11:56:09,15600277
2026-04-13 11:56:55,15569338
2026-04-13 11:56:59,15596683
2026-04-13 11:57:46,15655236
2026-04-13 11:57:49,15657830
2026-04-13 11:58:36,15660545
2026-04-13 11:58:39,15676663
2026-04-13 11:59:26,15726254
2026-04-13 11:59:30,15717041
2026-04-13 12:00:16,15689657
2026-04-13 12:00:20,15705045
2026-04-13 12:01:06,15679725
2026-04-13 12:01:10,15657711
2026-04-13 12:01:56,15643609
2026-04-13 12:02:03,15642890
2026-04-13 12:02:46,15643308
2026-04-13 12:02:53,15625595
2026-04-13 12:03:37,15638508
2026-04-13 12:03:43,15668867
2026-04-13 12:04:27,15632332
2026-04-13 12:04:33,15637520
2026-04-13 12:05:17,15609249
2026-04-13 12:05:24,15611424
2026-04-13 12:06:07,15605934
2026-04-13 12:06:14,15608529
2026-04-13 12:06:57,15608949
2026-04-13 12:07:04,15609368
2026-04-13 12:07:47,15606354
2026-04-13 12:07:54,15612263
2026-04-13 12:08:37,15608899
2026-04-13 12:08:44,15609020
2026-04-13 12:09:27,15608488
2026-04-13 12:09:34,15624858
2026-04-13 12:10:18,15606795
2026-04-13 12:10:25,15579518
2026-04-13 12:11:08,15528800
2026-04-13 12:11:15,15529937
2026-04-13 12:11:58,15489139
2026-04-13 12:12:05,15503960
2026-04-13 12:12:48,15538201
2026-04-13 12:12:55,15531464
2026-04-13 12:13:38,15493411
2026-04-13 12:13:45,15521743
2026-04-13 12:14:36,15500267
2026-04-13 12:15:26,15486245
2026-04-13 12:16:16,15501785
2026-04-13 12:17:06,15481934
2026-04-13 12:17:57,15464816
2026-04-13 12:18:47,15480216
2026-04-13 12:19:37,15464397
2026-04-13 12:20:27,15488709
2026-04-13 12:21:17,15492321
2026-04-13 12:22:08,15524696
2026-04-13 12:22:58,15603319
2026-04-13 12:23:48,15570215
2026-04-13 12:24:38,15539997
2026-04-13 12:25:28,15561094
2026-04-13 12:26:18,15572074
2026-04-13 12:27:08,15555276
2026-04-13 12:27:59,15554136
2026-04-13 12:28:49,15588679
2026-04-13 12:29:39,15581254
2026-04-13 12:30:30,15606811
2026-04-13 12:31:20,15606811
2026-04-13 12:32:10,15583079
2026-04-13 12:33:03,15520493
2026-04-13 12:33:53,15573289
2026-04-13 12:34:43,15537282
2026-04-13 12:35:34,15524218
2026-04-13 12:36:24,15566505
2026-04-13 12:37:14,15557751
2026-04-13 12:38:04,15561893
2026-04-13 12:38:54,15533849
2026-04-13 12:39:44,15538618
2026-04-13 12:40:35,15600783
2026-04-13 12:41:25,15566963
2026-04-13 12:42:16,15602622
2026-04-13 12:43:06,15597464
2026-04-13 12:43:56,15621304
2026-04-13 12:44:46,15699167
2026-04-13 12:45:36,15694448
2026-04-13 12:46:26,15663511
2026-04-13 12:47:16,15674257
2026-04-13 12:48:06,15683050
2026-04-13 12:48:56,15637460
2026-04-13 12:49:47,15600695
2026-04-13 12:50:38,15610326
2026-04-13 12:51:28,15633888
2026-04-13 12:52:18,15624209
2026-04-13 12:53:08,15590733
2026-04-13 12:53:58,15596641
2026-04-13 12:54:48,15613939
2026-04-13 12:55:38,15638959
2026-04-13 12:56:29,15651185
2026-04-13 12:57:19,15656674
2026-04-13 12:58:09,15637892
2026-04-13 12:58:59,15641434
2026-04-13 12:59:49,15658849
2026-04-13 13:00:39,15651694
2026-04-13 13:01:29,15689965
2026-04-13 13:02:20,15644507
2026-04-13 13:03:10,15647102
2026-04-13 13:04:03,15656733
2026-04-13 13:04:53,15659327
2026-04-13 13:05:43,15623327
2026-04-13 13:06:33,15609047
2026-04-13 13:07:23,15604437
2026-04-13 13:08:13,15590614
2026-04-13 13:09:04,15581243
2026-04-13 13:09:54,15599945
2026-04-13 13:10:45,15586366
2026-04-13 13:11:35,15601404
2026-04-13 13:12:25,15616522
2026-04-13 13:13:15,15634928
2026-04-13 13:14:05,15692911
2026-04-13 13:14:56,15692491
2026-04-13 13:15:46,15713818
2026-04-13 13:16:36,15661852
2026-04-13 13:17:26,15667762
2026-04-13 13:18:16,15679988
2026-04-13 13:19:06,15636712
2026-04-13 13:19:56,15679867
2026-04-13 13:20:47,15667641
2026-04-13 13:21:38,15633860
2026-04-13 13:22:28,15615504
2026-04-13 13:23:18,15575247
2026-04-13 13:24:08,15582632
2026-04-13 13:24:58,15582702
2026-04-13 13:25:48,15594508
2026-04-13 13:26:38,15613089
2026-04-13 13:27:28,15634946
2026-04-13 13:28:18,15626033
2026-04-13 13:29:09,15673960
2026-04-13 13:29:59,15680685
2026-04-13 13:30:49,15671125
2026-04-13 13:31:39,15646044
2026-04-13 13:32:29,15688888
2026-04-13 13:33:19,15643449
2026-04-13 13:34:10,15594208
2026-04-13 13:35:03,15642851
2026-04-13 13:35:53,15640376
2026-04-13 13:36:43,15622960
2026-04-13 13:37:33,15575615
2026-04-13 13:38:23,15586543
2026-04-13 13:39:13,15589438
2026-04-13 13:40:03,15543797
2026-04-13 13:40:54,15581352
2026-04-13 13:41:44,15572021
2026-04-13 13:42:34,15584247
2026-04-13 13:43:24,15583527
2026-04-13 13:44:14,15526843
2026-04-13 13:45:04,15554837
2026-04-13 13:45:54,15538718
2026-04-13 13:46:44,15591503
2026-04-13 13:47:35,15590785
2026-04-13 13:48:25,15553179
2026-04-13 13:49:15,15556952
2026-04-13 13:50:05,15657900
2026-04-13 13:50:56,15647271
2026-04-13 13:51:46,15652759
2026-04-13 13:52:36,15616342
2026-04-13 13:53:26,15628568
2026-04-13 13:53:37,15657900
2026-04-13 13:54:17,15648152
2026-04-13 13:54:27,15663272
2026-04-13 13:55:07,15741263
2026-04-13 13:55:18,15712620
2026-04-13 13:55:57,15747469
2026-04-13 13:56:08,15755732
2026-04-13 13:56:48,15761223
2026-04-13 13:57:27,15803846
2026-04-13 13:58:18,15766951
2026-04-13 13:59:08,15742330
2026-04-13 13:59:58,15766653
2026-04-13 14:00:49,15745345
2026-04-13 14:01:39,15773269
2026-04-13 14:02:29,15773269
2026-04-13 14:03:19,15746453
2026-04-13 14:04:09,15710025
2026-04-13 14:04:59,15757961
2026-04-13 14:05:50,15782030
2026-04-13 14:06:40,15757311
2026-04-13 14:07:30,15708240
2026-04-13 14:08:20,15723357
2026-04-13 14:09:10,15713728
2026-04-13 14:10:03,15681024
2026-04-13 14:10:54,15703290
2026-04-13 14:11:44,15711972
2026-04-13 14:12:35,15667283
2026-04-13 14:13:25,15700396
2026-04-13 14:14:15,15688588
2026-04-13 14:15:05,15718526
2026-04-13 14:15:55,15737241
2026-04-13 14:16:46,15673541
2026-04-13 14:17:36,15691902
2026-04-13 14:18:26,15687704
2026-04-13 14:19:16,15683211
2026-04-13 14:20:06,15686753
2026-04-13 14:20:56,15718408
2026-04-13 14:21:46,15669339
2026-04-13 14:22:36,15702750
2026-04-13 14:23:27,15738299
2026-04-13 14:24:17,15698739
2026-04-13 14:25:07,15727201
2026-04-13 14:25:57,15747660
2026-04-13 14:26:47,15724077
2026-04-13 14:27:37,15754296
2026-04-13 14:28:27,15776495
2026-04-13 14:29:18,15761154
2026-04-13 14:30:08,15780156
2026-04-13 14:30:58,15721584
2026-04-13 14:31:49,15691064
2026-04-13 14:32:39,15770644
2026-04-13 14:33:29,15780812
2026-04-13 14:34:19,15783706
2026-04-13 14:35:09,15786050
2026-04-13 14:35:59,15789774
2026-04-13 14:36:50,15788829
2026-04-13 14:37:40,15784285
2026-04-13 14:38:30,15780560
2026-04-13 14:39:20,15779975
2026-04-13 14:40:10,15808437
2026-04-13 14:41:03,15813926
2026-04-13 14:41:53,15768588
2026-04-13 14:42:44,15768708
2026-04-13 14:43:34,15766113
2026-04-13 14:44:24,15763939
2026-04-13 14:45:14,15900194
2026-04-13 14:46:04,15894567
2026-04-13 14:46:54,15933617
2026-04-13 14:47:44,15904076
2026-04-13 14:48:35,15891483
2026-04-13 14:49:25,15895974
2026-04-13 14:50:16,15884975
2026-04-13 14:51:06,15896801
2026-04-13 14:51:56,15857630
2026-04-13 14:52:46,15792471
2026-04-13 14:53:36,15871404
2026-04-13 14:54:26,15854637
2026-04-13 14:55:16,15828629
2026-04-13 14:56:06,15813808
2026-04-13 14:56:57,15850077
2026-04-13 14:57:47,15844588
2026-04-13 14:58:37,15784537
2026-04-13 14:59:27,15745656
2026-04-13 15:00:17,15750725
2026-04-13 15:01:08,15788528
2026-04-13 15:01:58,15785514
2026-04-13 15:02:48,15767579
2026-04-13 15:03:38,15735186
2026-04-13 15:04:28,15732591
2026-04-13 15:05:18,15708079
2026-04-13 15:06:08,15697031
2026-04-13 15:06:59,15714866
2026-04-13 15:07:49,15678860
2026-04-13 15:08:39,15739176
2026-04-13 15:09:29,15743410
2026-04-13 15:10:19,15697779
2026-04-13 15:11:10,15727211
2026-04-13 15:12:03,15755095
2026-04-13 15:12:53,15749607
2026-04-13 15:13:43,15726311
2026-04-13 15:14:33,15701342
2026-04-13 15:15:23,15739136
2026-04-13 15:16:13,15781201
2026-04-13 15:17:04,15752709
2026-04-13 15:17:54,15767678
2026-04-13 15:18:44,15766203
2026-04-13 15:19:34,15802330
2026-04-13 15:20:25,15835934
2026-04-13 15:21:15,15835934
2026-04-13 15:22:05,15835934
2026-04-13 15:22:55,15835934
2026-04-13 15:23:45,15835934
2026-04-13 15:24:35,15835934
2026-04-13 15:25:25,15835934
2026-04-13 15:26:16,15835934
2026-04-13 15:27:06,15835934
2026-04-13 15:27:56,15835934
2026-04-13 15:28:46,15835934
2026-04-13 15:29:36,15835934
2026-04-13 15:30:27,15933266
2026-04-13 15:31:17,15933266
2026-04-13 15:32:07,15933266
2026-04-13 15:32:58,15933266
2026-04-13 15:33:48,15933266
2026-04-13 15:34:38,15933266
2026-04-13 15:35:29,15933266
2026-04-13 15:36:19,15933266
2026-04-13 15:37:09,15933266
2026-04-13 15:37:59,15933266
2026-04-13 15:38:49,15933266
2026-04-13 15:39:40,15933266
2026-04-13 15:40:30,15924793
2026-04-13 15:41:20,15935373
2026-04-13 15:42:10,15934464
2026-04-13 15:43:03,15898446
2026-04-13 15:43:53,15955323
2026-04-13 15:44:43,15934164
2026-04-13 15:45:33,15931271
2026-04-13 15:46:23,15925781
2026-04-13 15:47:13,15919993
2026-04-13 15:48:03,15922588
2026-04-13 15:48:53,15916809
2026-04-13 15:49:43,15892759
2026-04-13 15:50:34,15917109
2026-04-13 15:51:24,15889773
2026-04-13 15:52:14,15889773
2026-04-13 15:53:04,15881481
2026-04-13 15:53:54,15875393
2026-04-13 15:54:44,15848058
2026-04-13 15:55:35,15902338
2026-04-13 15:56:25,15881181
2026-04-13 15:57:15,15881181
2026-04-13 15:58:05,15878288
2026-04-13 15:58:55,15853847
2026-04-13 15:59:46,15878288
2026-04-13 16:00:36,15908126
2026-04-13 16:01:26,15883685
2026-04-13 16:02:16,15884076
2026-04-13 16:03:07,15884076
2026-04-13 16:03:57,15884076
2026-04-13 16:04:47,15865423
2026-04-13 16:05:37,15895354
2026-04-13 16:06:27,15898238
2026-04-13 16:07:17,15879585
2026-04-13 16:08:07,15882180
2026-04-13 16:08:57,15861031
2026-04-13 16:09:48,15885472
2026-04-13 16:10:39,15876790
2026-04-13 16:11:29,15849455
2026-04-13 16:12:19,15849455
2026-04-13 16:13:09,15903427
2026-04-13 16:13:59,15870711
2026-04-13 16:14:49,15852049
2026-04-13 16:15:40,15870711
2026-04-13 16:16:30,15843377
2026-04-13 16:17:19,15849165
2026-04-13 16:18:10,15903727
2026-04-13 16:19:03,15906321
2026-04-13 16:19:53,15903727
2026-04-13 16:20:16,15876490
2026-04-13 16:21:07,15900543
2026-04-13 16:21:58,15900543
2026-04-13 16:22:48,15895054
2026-04-13 16:23:46,15846270
2026-04-13 16:24:37,15867419
2026-04-13 16:25:27,15870314
2026-04-13 16:26:18,15894755
2026-04-13 16:27:08,15868117
2026-04-13 16:27:58,15871012
2026-04-13 16:28:48,15873606
2026-04-13 16:29:38,15876790
2026-04-13 16:30:29,15888066
2026-04-13 16:31:19,15902537
2026-04-13 16:32:09,15845363
2026-04-13 16:32:59,15878096
2026-04-13 16:33:50,15866909
2026-04-13 16:34:41,15893854
2026-04-13 16:35:31,15893854
2026-04-13 16:36:22,15872308
2026-04-13 16:37:12,15896749
2026-04-13 16:38:03,15869714
2026-04-13 16:38:53,15890961
2026-04-13 16:39:43,15888066
2026-04-13 16:40:34,15885173
2026-04-13 16:41:24,15885173
2026-04-13 16:42:14,15860732
2026-04-13 16:43:04,15885173
2026-04-13 16:43:54,15912409
2026-04-13 16:44:44,15885472
2026-04-13 16:45:35,15893854
2026-04-13 16:46:25,15891260
2026-04-13 16:47:15,15869413
2026-04-13 16:48:05,15866909
2026-04-13 16:48:55,15861121
2026-04-13 16:49:45,15834086
2026-04-13 16:50:36,15855634
2026-04-13 16:51:26,15882579
2026-04-13 16:52:16,15831193
2026-04-13 16:53:06,15828298
2026-04-13 16:53:56,15828298
2026-04-13 16:54:46,15849845
2026-04-13 16:55:37,15825703
2026-04-13 16:56:27,15822809
2026-04-13 16:57:17,15828298
2026-04-13 16:58:07,15855243
2026-04-13 16:58:57,15828298
2026-04-13 16:59:47,15828298
2026-04-13 17:00:38,15871712
2026-04-13 17:01:28,15872010
2026-04-13 17:02:18,15869415
2026-04-13 17:03:08,15850852
2026-04-13 17:03:58,15863716
2026-04-13 17:04:48,15873298
2026-04-13 17:05:38,15807439
2026-04-13 17:06:28,15819015
2026-04-13 17:07:19,15857839
2026-04-13 17:08:09,15879385
2026-04-13 17:08:59,15857928
2026-04-13 17:09:49,15863327
2026-04-13 17:10:39,15843756
2026-04-13 17:11:29,15813527
2026-04-13 17:12:20,15830892
2026-04-13 17:13:10,15856930
2026-04-13 17:14:03,15872698
2026-04-13 17:14:53,15834085
2026-04-13 17:15:43,15867209
2026-04-13 17:16:33,15839873
2026-04-13 17:17:23,15842468
2026-04-13 17:18:14,15844964
2026-04-13 17:19:04,15806441
2026-04-13 17:19:54,15847859
2026-04-13 17:20:44,15842071
2026-04-13 17:21:34,15839575
2026-04-13 17:22:24,15866522
2026-04-13 17:23:14,15860732
2026-04-13 17:24:05,15827997
2026-04-13 17:24:55,15800951
2026-04-13 17:25:45,15806739
2026-04-13 17:26:35,15833785
2026-04-13 17:27:25,15842071
2026-04-13 17:28:15,15815124
2026-04-13 17:29:05,15839873
2026-04-13 17:29:55,15820912
2026-04-13 17:30:46,15793977
2026-04-13 17:31:36,15824216
2026-04-13 17:32:26,15835783
2026-04-13 17:33:16,15805842
2026-04-13 17:34:06,15846950
2026-04-13 17:34:56,15846361
2026-04-13 17:35:47,15893955
2026-04-13 17:36:37,15867619
2026-04-13 17:37:27,15857639
2026-04-13 17:38:18,15839374
2026-04-13 17:39:08,15853835
2026-04-13 17:39:58,15905533
2026-04-13 17:40:48,15900441
2026-04-13 17:41:38,15904634
2026-04-13 17:42:28,15875691
2026-04-13 17:43:18,15862817
2026-04-13 17:44:09,15905233
2026-04-13 17:44:59,15869903
2026-04-13 17:45:49,15867008
2026-04-13 17:46:39,15860932
2026-04-13 17:47:29,15901441
2026-04-13 17:48:19,15907528
2026-04-13 17:49:10,15879883
2026-04-13 17:50:03,15868605
2026-04-13 17:50:53,15892659
2026-04-13 17:51:43,15913916
2026-04-13 17:52:33,15862518
2026-04-13 17:53:23,15878286
2026-04-13 17:54:13,15869603
2026-04-13 17:55:04,15855442
2026-04-13 17:55:54,15848047
2026-04-13 17:56:44,15842557
2026-04-13 17:57:34,15888177
2026-04-13 17:58:24,15861230
2026-04-13 17:59:14,15867008
2026-04-13 18:00:05,15908427
2026-04-13 18:00:55,15901441
2026-04-13 18:01:45,15922898
2026-04-13 18:02:35,15892758
2026-04-13 18:03:25,15911022
2026-04-13 18:04:15,15944045
2026-04-13 18:05:05,15990952
2026-04-13 18:05:56,15954924
2026-04-13 18:06:46,15946938
2026-04-13 18:07:36,15949833
2026-04-13 18:08:26,15985163
2026-04-13 18:09:16,15949833
2026-04-13 18:10:06,15946938
2026-04-13 18:10:56,15946640
2026-04-13 18:11:46,15973587
2026-04-13 18:12:37,15955621
2026-04-13 18:13:27,15955323
2026-04-13 18:14:17,15925082
2026-04-13 18:15:07,15913916
2026-04-13 18:15:57,15911022
2026-04-13 18:16:47,15896550
2026-04-13 18:17:37,15892359
2026-04-13 18:18:27,15938256
2026-04-13 18:19:18,15911321
2026-04-13 18:20:08,15902638
2026-04-13 18:20:58,15929275
2026-04-13 18:21:48,15894255
2026-04-13 18:22:38,15891072
2026-04-13 18:23:28,15890772
2026-04-13 18:24:18,15905233
2026-04-13 18:25:08,15908427
2026-04-13 18:25:59,15908017
2026-04-13 18:26:49,15932168
2026-04-13 18:27:39,15899334
2026-04-13 18:28:29,15915112
2026-04-13 18:29:19,15896439
2026-04-13 18:30:09,15915412
2026-04-13 18:30:59,15890661
2026-04-13 18:31:50,15909324
2026-04-13 18:32:40,15933676
2026-04-13 18:33:30,15900941
2026-04-13 18:34:20,15897350
2026-04-13 18:35:10,15883276
2026-04-13 18:36:03,15894854
2026-04-13 18:36:53,15944954
2026-04-13 18:37:43,15903536
2026-04-13 18:38:33,15903536
2026-04-13 18:39:24,15897747
2026-04-13 18:40:14,15879495
2026-04-13 18:41:04,15909324
2026-04-13 18:41:55,15887768
2026-04-13 18:42:45,15890363
2026-04-13 18:43:35,15899745
2026-04-13 18:44:25,15899745
2026-04-13 18:45:15,15905533
2026-04-13 18:46:05,15896739
2026-04-13 18:46:56,15891072
2026-04-13 18:47:46,15888477
2026-04-13 18:48:36,15891072
2026-04-13 18:49:26,15896850
2026-04-13 18:50:17,15896439
2026-04-13 18:51:07,15896439
2026-04-13 18:51:57,15864413
2026-04-13 18:52:47,15842557
2026-04-13 18:53:37,15867008
2026-04-13 18:54:27,15866621
2026-04-13 18:55:17,15836779
2026-04-13 18:56:08,15852449
2026-04-13 18:56:58,15832289
2026-04-13 18:57:48,15825203
2026-04-13 18:58:38,15882389
2026-04-13 18:59:28,15876900
2026-04-13 19:00:18,15837678
2026-04-13 19:01:09,15853746
2026-04-13 19:01:59,15862129
2026-04-13 19:02:49,15810731
2026-04-13 19:03:39,15837678
2026-04-13 19:04:29,15823905
2026-04-13 19:05:19,15818117
2026-04-13 19:06:10,15838976
2026-04-13 19:07:03,15817718
2026-04-13 19:07:53,15793366
2026-04-13 19:08:43,15790771
2026-04-13 19:09:33,15814924
2026-04-13 19:10:23,15826102
2026-04-13 19:11:13,15799155
2026-04-13 19:12:04,15823606
2026-04-13 19:12:54,15769316
2026-04-13 19:13:44,15793666
2026-04-13 19:14:34,15793767
2026-04-13 19:15:24,15793767
2026-04-13 19:16:14,15769316
2026-04-13 19:17:04,15791172
2026-04-13 19:17:55,15772210
2026-04-13 19:18:45,15820712
2026-04-13 19:19:35,15734895
2026-04-13 19:20:26,15782489
2026-04-13 19:21:16,15782189
2026-04-13 19:22:06,15782189
2026-04-13 19:22:56,15776701
2026-04-13 19:23:46,15746172
2026-04-13 19:24:37,15770913
2026-04-13 19:25:27,15712041
2026-04-13 19:26:17,15744775
2026-04-13 19:27:07,15735195
2026-04-13 19:27:57,15735494
2026-04-13 19:28:47,15753857
2026-04-13 19:29:37,15732301
2026-04-13 19:30:27,15748069
2026-04-13 19:31:17,15714935
2026-04-13 19:32:08,15736492
2026-04-13 19:32:58,15723317
2026-04-13 19:33:48,15699275
2026-04-13 19:34:38,15702469
2026-04-13 19:35:28,15732000
2026-04-13 19:36:18,15723726
2026-04-13 19:37:09,15720831
2026-04-13 19:37:59,15721132
2026-04-13 19:38:49,15748069
2026-04-13 19:39:39,15703466
2026-04-13 19:40:29,15727510
2026-04-13 19:41:20,15730403
2026-04-13 19:42:10,15705952
2026-04-13 19:43:03,15712449
2026-04-13 19:43:53,15747768
2026-04-13 19:44:43,15726621
2026-04-13 19:45:33,15756451
2026-04-13 19:46:23,15734895
2026-04-13 19:47:13,15711152
2026-04-13 19:48:04,15713746
2026-04-13 19:48:54,15759346
2026-04-13 19:49:44,15750663
2026-04-13 19:50:35,15720831
2026-04-13 19:51:25,15723726
2026-04-13 19:52:15,15726513
2026-04-13 19:53:05,15721132
2026-04-13 19:53:55,15699275
2026-04-13 19:54:45,15714046
2026-04-13 19:55:36,15752250
2026-04-13 19:56:26,15755143
2026-04-13 19:57:16,15793366
2026-04-13 19:58:06,15778895
2026-04-13 19:58:56,15782088
2026-04-13 19:59:46,15811729
2026-04-14 08:00:14,17700599
2026-04-14 08:01:06,17616777
2026-04-14 08:01:56,17860947
2026-04-14 08:02:48,17809052
2026-04-14 08:03:40,17827524
2026-04-14 08:04:31,17776746
2026-04-14 08:05:21,17750698
2026-04-14 08:06:11,17725041
2026-04-14 08:07:03,17719860
2026-04-14 08:07:53,17769452
2026-04-14 08:08:43,17798692
2026-04-14 08:09:34,17825331
2026-04-14 08:10:27,17887894
2026-04-14 08:11:19,17942772
2026-04-14 08:12:09,17903553
2026-04-14 08:12:59,17969421
2026-04-14 08:13:49,17950556
2026-04-14 08:14:39,17887894
2026-04-14 08:15:29,17861247
2026-04-14 08:16:20,17851566
2026-04-14 08:17:10,17857354
2026-04-14 08:18:03,17841997
2026-04-14 08:18:53,17813054
2026-04-14 08:19:43,17848672
2026-04-14 08:20:34,17846188
2026-04-14 08:21:24,17846487
2026-04-14 08:22:14,17834799
2026-04-14 08:23:04,17823223
2026-04-14 08:23:54,17852765
2026-04-14 08:24:45,17879998
2026-04-14 08:25:35,17885788
2026-04-14 08:26:25,17916027
2026-04-14 08:27:15,17894470
2026-04-14 08:28:05,17897364
2026-04-14 08:28:55,17876218
2026-04-14 08:29:45,17884601
2026-04-14 08:30:36,17882105
2026-04-14 08:31:26,17887496
2026-04-14 08:32:17,17854759
2026-04-14 08:33:07,17908752
2026-04-14 08:33:57,17908752
2026-04-14 08:34:47,17884301
2026-04-14 08:35:37,17935389
2026-04-14 08:36:27,17913831
2026-04-14 08:37:17,17935687
2026-04-14 08:38:08,17935687
2026-04-14 08:38:58,17911347
2026-04-14 08:39:48,17887196
2026-04-14 08:40:39,17890091
2026-04-14 08:41:29,17922814
2026-04-14 08:42:19,17967513
2026-04-14 08:43:10,17950858
2026-04-14 08:44:03,17995259
2026-04-14 08:44:53,18043363
2026-04-14 08:45:43,18103431
2026-04-14 08:46:33,18104729
2026-04-14 08:47:23,18146437
2026-04-14 08:48:13,18203620
2026-04-14 08:49:04,15420019
2026-04-14 08:49:54,18242145
2026-04-14 09:01:46,18152628
2026-04-14 09:14:25,18261618
2026-04-14 09:25:49,18557087
2026-04-14 09:41:20,18813979
2026-04-14 09:41:21,18864949
2026-04-14 09:46:36,18899579
2026-04-14 09:47:27,18939159
2026-04-14 09:48:17,18975737
2026-04-14 09:48:30,18973142
2026-04-14 09:49:21,18889619
2026-04-14 09:50:15,18886604
2026-04-14 09:51:05,18860087
2026-04-14 09:51:55,18831797
2026-04-14 09:52:45,18779160
2026-04-14 09:53:35,18808692
2026-04-14 09:54:25,18859989
2026-04-14 09:55:16,18873453
2026-04-14 09:56:07,18857803
2026-04-14 09:56:57,18848184
2026-04-14 09:57:47,18859479
2026-04-14 09:58:38,18846836
2026-04-14 09:59:28,18825854
2026-04-14 10:00:18,18774291
2026-04-14 10:01:08,18774710
2026-04-14 10:01:58,18713462
2026-04-14 10:02:30,18689109
2026-04-14 10:03:22,18689110
2026-04-14 10:04:12,18776975
2026-04-14 10:05:03,18748730
2026-04-14 10:05:53,18825249
2026-04-14 10:06:43,18842245
2026-04-14 10:07:34,18845250
2026-04-14 10:08:24,18941825
2026-04-14 10:09:14,19015392
2026-04-14 10:10:04,18923134
2026-04-14 10:10:55,18899791
2026-04-14 10:11:45,19006298
2026-04-14 10:12:35,19166438
2026-04-14 10:13:25,19093714
2026-04-14 10:14:15,19037337
2026-04-14 10:15:06,18972469
2026-04-14 10:15:56,18979015
2026-04-14 10:16:46,18999999
2026-04-14 10:17:36,18906237
2026-04-14 10:18:26,18978134
2026-04-14 10:19:16,19025518
2026-04-14 10:20:07,19003075
2026-04-14 10:20:57,18946924
2026-04-14 10:21:47,18984599
2026-04-14 10:22:38,18996057
2026-04-14 10:23:28,18948165
2026-04-14 10:24:18,18925638
2026-04-14 10:25:08,18913522
2026-04-14 10:25:58,18906119
2026-04-14 10:26:48,18978681
2026-04-14 10:27:39,18974063
2026-04-14 10:28:29,18942846
2026-04-14 10:30:53,18783103
2026-04-14 10:31:46,18756468
2026-04-14 10:32:36,18734313
2026-04-14 10:33:26,18731586
2026-04-14 10:34:16,18783872
2026-04-14 10:35:06,18788242
2026-04-14 10:35:56,18865088
2026-04-14 10:36:46,18854291
2026-04-14 10:37:36,18893042
2026-04-14 10:38:27,18888473
2026-04-14 10:39:17,18853741
2026-04-14 10:40:07,18937245
2026-04-14 10:40:57,18879279
2026-04-14 10:41:47,18897303
2026-04-14 10:42:38,18900287
2026-04-14 10:43:28,18863601
2026-04-14 10:44:18,18873222
2026-04-14 10:45:08,18858839
2026-04-14 10:45:58,18912568
2026-04-14 10:46:48,18872802
2026-04-14 10:47:38,18844769
2026-04-14 10:48:28,18866376
2026-04-14 10:49:19,18889548
2026-04-14 10:50:09,18834989
2026-04-14 10:51:03,18813004
2026-04-14 10:51:53,18751028
2026-04-14 10:52:43,18692663
2026-04-14 10:53:34,18704219
2026-04-14 10:54:24,18735080
2026-04-14 10:55:14,18716087
2026-04-14 10:56:04,18723301
2026-04-14 10:56:54,18689200
2026-04-14 10:57:44,18666824
2026-04-14 10:58:34,18669630
2026-04-14 10:59:24,18656856
2026-04-14 11:00:15,18693611
2026-04-14 11:01:05,18612981
2026-04-14 11:01:55,18551096
2026-04-14 11:02:45,18548998
2026-04-14 11:03:35,18496205
2026-04-14 11:04:25,18562007
2026-04-14 11:05:15,18601545
2026-04-14 11:06:05,18639921
2026-04-14 11:06:55,18666167
2026-04-14 11:07:46,18737263
2026-04-14 11:08:36,18739858
2026-04-14 11:09:26,18754630
2026-04-14 11:10:16,18724758
2026-04-14 11:11:06,18779590
2026-04-14 11:11:56,18765838
2026-04-14 11:12:47,18778999
2026-04-14 11:13:37,18734630
2026-04-14 11:14:27,18778691
2026-04-14 11:15:17,18764368
2026-04-14 11:16:07,18857483
2026-04-14 11:16:57,18868150
2026-04-14 11:17:47,18887113
2026-04-14 11:18:37,18898821
2026-04-14 11:19:28,18894548
2026-04-14 11:20:18,18859949
2026-04-14 11:21:08,18810196
2026-04-14 11:21:58,18753719
2026-04-14 11:22:48,18719230
2026-04-14 11:23:38,18706166
2026-04-14 11:24:29,18721825
2026-04-14 11:25:19,18797564
2026-04-14 11:26:09,18819020
2026-04-14 11:26:59,18806962
2026-04-14 11:27:49,18867723
2026-04-14 11:28:39,18856604
2026-04-14 11:29:29,18872673
2026-04-14 11:30:20,18856184
2026-04-14 11:31:10,18861625
2026-04-14 11:32:03,18833741
2026-04-14 11:32:53,18850957
2026-04-14 11:33:44,18851246
2026-04-14 11:34:34,18838054
2026-04-14 11:35:24,18825507
2026-04-14 11:36:14,18803102
2026-04-14 11:37:05,18838431
2026-04-14 11:37:55,18830169
2026-04-14 11:38:45,18820155
2026-04-14 11:39:35,18838171
2026-04-14 11:40:26,18860148
2026-04-14 11:41:16,18893730
2026-04-14 11:42:06,18871835
2026-04-14 11:42:56,18894240
2026-04-14 11:43:46,18901393
2026-04-14 11:44:36,18894240
2026-04-14 11:45:26,18901393
2026-04-14 11:46:16,18888750
2026-04-14 11:47:06,18878151
2026-04-14 11:47:56,18882372
2026-04-14 11:48:47,18887483
2026-04-14 11:49:37,18888611
2026-04-14 11:50:27,18876903
2026-04-14 11:51:18,18924929
2026-04-14 11:52:08,18876754
2026-04-14 11:52:58,18910558
2026-04-14 11:53:48,18846915
2026-04-14 11:54:38,18804449
2026-04-14 11:55:28,18812443
2026-04-14 11:56:18,18853252
2026-04-14 11:57:08,18798552
2026-04-14 11:57:58,18801854
2026-04-14 11:58:48,18819480
2026-04-14 11:59:38,18834721
2026-04-14 12:00:29,18824259
2026-04-14 12:01:19,18793780
2026-04-14 12:02:09,18826854
2026-04-14 12:03:03,18813689
2026-04-14 12:03:53,18826574
2026-04-14 12:04:43,18823421
2026-04-14 12:05:33,18853420
2026-04-14 12:06:23,18820826
2026-04-14 12:07:13,18851615
2026-04-14 12:08:03,18831316
2026-04-14 12:08:53,18838551
2026-04-14 12:09:43,18874508
2026-04-14 12:10:34,18841535
2026-04-14 12:11:24,18883742
2026-04-14 12:12:15,18896376
2026-04-14 12:13:05,18915327
2026-04-14 12:13:55,18885787
2026-04-14 12:14:45,18898971
2026-04-14 12:15:35,18891825
2026-04-14 12:16:25,18910687
2026-04-14 12:17:15,18928400
2026-04-14 12:18:05,18940369
2026-04-14 12:18:55,18898322
2026-04-14 12:19:45,18907543
2026-04-14 12:20:36,18877174
2026-04-14 12:21:26,18875277
2026-04-14 12:22:16,18854770
2026-04-14 12:23:06,18832344
2026-04-14 12:23:57,18825977
2026-04-14 12:24:47,18866734
2026-04-14 12:25:37,18886567
2026-04-14 12:26:27,18886956
2026-04-14 12:27:17,18880298
2026-04-14 12:28:07,18849468
2026-04-14 12:28:57,18844628
2026-04-14 12:29:47,18869068
2026-04-14 12:30:37,18883422
2026-04-14 12:31:27,18871715
2026-04-14 12:32:17,18859958
2026-04-14 12:33:07,18908462
2026-04-14 12:33:57,18870976
2026-04-14 12:34:48,18849810
2026-04-14 12:35:38,18829102
2026-04-14 12:36:28,18807055
2026-04-14 12:37:18,18850028
2026-04-14 12:38:08,18825157
2026-04-14 12:38:58,18797793
2026-04-14 12:39:48,18806467
2026-04-14 12:40:39,18808813
2026-04-14 12:41:29,18774580
2026-04-14 12:42:20,18781317
2026-04-14 12:49:47,18785419
2026-04-14 12:50:39,18830498
2026-04-14 12:51:29,18838990
2026-04-14 12:52:19,18843272
2026-04-14 12:53:09,18828301
2026-04-14 12:54:03,18860996
2026-04-14 12:54:53,18852166
2026-04-14 12:55:43,18825638
2026-04-14 12:56:33,18850218
2026-04-14 12:57:23,18812993
2026-04-14 12:58:13,18818471
2026-04-14 12:59:03,18823031
2026-04-14 12:59:53,18855458
2026-04-14 13:00:44,18865219
2026-04-14 13:01:34,18868183
2026-04-14 13:02:03,18853811
2026-04-14 13:02:55,18868653
2026-04-14 13:03:45,18852055
2026-04-14 13:04:35,18912903
2026-04-14 13:05:25,18922534
2026-04-14 13:06:15,18924600
2026-04-14 13:07:05,18926377
2026-04-14 13:07:55,18940965
2026-04-14 13:08:45,18940546
2026-04-14 13:09:36,18916057
2026-04-14 13:10:27,18962693
2026-04-14 13:11:17,18962643
2026-04-14 13:11:47,18938312
2026-04-14 13:11:49,18962652
2026-04-14 13:12:39,18962223
2026-04-14 13:12:41,18969008
2026-04-14 13:13:30,18977365
2026-04-14 13:13:31,19003890
2026-04-14 13:14:20,18991774
2026-04-14 13:14:21,18954647
2026-04-14 13:15:10,18982014
2026-04-14 13:15:11,18956692
2026-04-14 13:16:03,18973591
2026-04-14 13:16:03,19011554
2026-04-14 13:16:53,18966346
2026-04-14 13:16:53,18979820
2026-04-14 13:17:43,18990806
2026-04-14 13:17:43,19005526
2026-04-14 13:18:33,19017751
2026-04-14 13:18:34,19017751
2026-04-14 13:19:24,19006732
2026-04-14 13:19:24,19006732
2026-04-14 13:20:14,19025884
2026-04-14 13:20:14,19025884
2026-04-14 13:21:04,19031913
2026-04-14 13:21:30,19013061
2026-04-14 13:22:22,19037213
2026-04-14 13:23:13,19043800
2026-04-14 13:24:03,18999997
2026-04-14 13:24:53,18987872
2026-04-14 13:25:03,19007242
2026-04-14 13:25:54,19010666
2026-04-14 13:26:44,19009836
2026-04-14 13:27:35,19042252
2026-04-14 13:28:25,19034178
2026-04-14 13:29:15,19012065
2026-04-14 13:30:05,19026465
2026-04-14 13:30:55,18981556
2026-04-14 13:31:45,18956796
2026-04-14 13:32:16,18971375
2026-04-14 13:33:08,18949839
2026-04-14 13:33:58,18980367
2026-04-14 13:34:48,18993701
2026-04-14 13:35:38,19005507
2026-04-14 13:36:29,18995257
2026-04-14 13:37:19,18939459
2026-04-14 13:38:09,18892085
2026-04-14 13:38:59,18889620
2026-04-14 13:39:49,18903431
2026-04-14 13:40:40,18958871
2026-04-14 13:41:30,18936046
2026-04-14 13:42:20,18971097
2026-04-14 13:43:10,18997623
2026-04-14 13:44:03,18941115
2026-04-14 13:44:53,18965165
2026-04-14 13:45:43,18983709
2026-04-14 13:46:33,18996385
2026-04-14 13:47:23,19005367
2026-04-14 13:48:13,19002023
2026-04-14 13:49:03,19026474
2026-04-14 13:49:54,18999009
2026-04-14 13:50:17,19005744
2026-04-14 13:51:10,18982041
2026-04-14 13:52:03,18980945
2026-04-14 13:52:53,18978629
2026-04-14 13:53:43,19008004
2026-04-14 13:54:33,18988911
2026-04-14 13:55:23,18959949
2026-04-14 13:56:14,18975020
2026-04-14 13:57:04,18931465
2026-04-14 13:57:13,18918942
2026-04-14 13:58:05,18902175
2026-04-14 13:58:56,18869220
2026-04-14 13:59:46,18850789
2026-04-14 14:00:37,18810279
2026-04-14 14:01:27,18781834
2026-04-14 14:02:17,18799549
2026-04-14 14:03:07,18774250
2026-04-14 14:03:57,18827702
2026-04-14 14:04:47,18835368
2026-04-14 14:05:37,18832891
2026-04-14 14:06:28,18776006
2026-04-14 14:07:18,18786185
2026-04-14 14:08:08,18808132
2026-04-14 14:08:58,18824501
2026-04-14 14:09:48,18840167
2026-04-14 14:10:39,18844828
2026-04-14 14:11:29,18857603
2026-04-14 14:12:19,18868681
2026-04-14 14:13:09,18897193
2026-04-14 14:13:59,18897464
2026-04-14 14:14:49,18848782
2026-04-14 14:15:39,18796854
2026-04-14 14:16:29,18787893
2026-04-14 14:17:20,18787893
2026-04-14 14:18:10,18790617
2026-04-14 14:19:03,18818632
2026-04-14 14:19:53,18781645
2026-04-14 14:20:44,18791695
2026-04-14 14:21:35,18810210
2026-04-14 14:22:25,18805020
2026-04-14 14:23:15,18831687
2026-04-14 14:24:05,18778501
2026-04-14 14:24:55,18711965
2026-04-14 14:25:45,18689890
2026-04-14 14:26:35,18665448
2026-04-14 14:27:25,18651650
2026-04-14 14:28:15,18677858
2026-04-14 14:29:05,18663597
2026-04-14 14:29:55,18649705
2026-04-14 14:30:46,18681343
2026-04-14 14:31:37,18647621
2026-04-14 14:32:27,18615405
2026-04-14 14:33:17,18605126
2026-04-14 14:34:08,18583637
2026-04-14 14:34:58,18546901
2026-04-14 14:35:48,18523043
2026-04-14 14:36:39,18529975
2026-04-14 14:37:29,18550595
2026-04-14 14:38:19,18490045
2026-04-14 14:39:09,18434936
2026-04-14 14:39:59,18462121
2026-04-14 14:40:50,18538219
2026-04-14 14:41:40,18527482
2026-04-14 14:42:30,18490902
2026-04-14 14:43:21,18525894
2026-04-14 14:44:11,18561770
2026-04-14 14:45:03,18534357
2026-04-14 14:45:53,18533039
2026-04-14 14:46:43,18593072
2026-04-14 14:47:33,18591455
2026-04-14 14:48:23,18604101
2026-04-14 14:49:13,18586619
2026-04-14 14:50:04,18589452
2026-04-14 14:50:55,18555801
2026-04-14 14:51:45,18520052
2026-04-14 14:52:35,18482178
2026-04-14 14:53:25,18510640
2026-04-14 14:54:15,18470462
2026-04-14 14:55:05,18497308
2026-04-14 14:55:55,18471718
2026-04-14 14:56:45,18497798
2026-04-14 14:57:36,18479433
2026-04-14 14:58:26,18409743
2026-04-14 14:59:16,18419742
2026-04-14 15:00:06,18440082
2026-04-14 15:00:57,18471737
2026-04-14 15:01:47,18443026
2026-04-14 15:02:38,18499573
2026-04-14 15:03:28,18446538
2026-04-14 15:04:18,18428355
2026-04-14 15:05:08,18359682
2026-04-14 15:05:58,18380050
2026-04-14 15:06:48,18331219
2026-04-14 15:07:38,18274324
2026-04-14 15:08:33,18248076
2026-04-14 15:09:23,18245531
2026-04-14 15:10:14,18249053
2026-04-14 15:11:04,18224565
2026-04-14 15:11:54,18213326
2026-04-14 15:12:44,18197358
2026-04-14 15:13:34,18149493
2026-04-14 15:14:25,18138275
2026-04-14 15:15:15,18252057
2026-04-14 15:16:05,18213804
2026-04-14 15:16:55,18186488
2026-04-14 15:17:46,18228187
2026-04-14 15:18:36,18222099
2026-04-14 15:19:26,18201631
2026-04-14 15:20:17,18269353
2026-04-14 15:21:07,18269353
2026-04-14 15:21:57,18269353
2026-04-14 15:22:47,18269353
2026-04-14 15:23:37,18269353
2026-04-14 15:24:27,18269353
2026-04-14 15:25:18,18269353
2026-04-14 15:26:08,18269353
2026-04-14 15:26:58,18269353
2026-04-14 15:27:48,18269353
2026-04-14 15:28:38,18269353
2026-04-14 15:29:28,18269353
2026-04-14 15:30:19,18266758
2026-04-14 15:31:09,18286239
2026-04-14 15:31:59,18286239
2026-04-14 15:32:49,18286239
2026-04-14 15:33:39,18286239
2026-04-14 15:34:30,18286239
2026-04-14 15:35:20,18286239
2026-04-14 15:36:10,18286239
2026-04-14 15:37:03,18286239
2026-04-14 15:37:53,18286239
2026-04-14 15:38:43,18286239
2026-04-14 15:39:34,18286239
2026-04-14 15:40:24,18266878
2026-04-14 15:41:14,18288834
2026-04-14 15:42:04,18294023
2026-04-14 15:42:54,18318564
2026-04-14 15:43:44,18343115
2026-04-14 15:44:35,18343115
2026-04-14 15:45:25,18367666
2026-04-14 15:46:15,18387017
2026-04-14 15:47:05,18367666
2026-04-14 15:47:55,18340520
2026-04-14 15:48:45,18343115
2026-04-14 15:49:35,18343115
2026-04-14 15:50:26,18340520
2026-04-14 15:51:17,18318564
2026-04-14 15:52:07,18340520
2026-04-14 15:52:57,18318564
2026-04-14 15:53:47,18340520
2026-04-14 15:54:37,18318564
2026-04-14 15:55:27,18321159
2026-04-14 15:56:17,18321159
2026-04-14 15:57:07,18340520
2026-04-14 15:57:58,18340520
2026-04-14 15:58:48,18340520
2026-04-14 15:59:38,18343115
2026-04-14 16:00:29,18321159
2026-04-14 16:01:19,18296618
2026-04-14 16:02:09,18318564
2026-04-14 16:02:59,18318564
2026-04-14 16:03:49,18318564
2026-04-14 16:04:40,18365071
2026-04-14 16:05:30,18340520
2026-04-14 16:06:20,18343115
2026-04-14 16:07:10,18340520
2026-04-14 16:08:03,18365071
2026-04-14 16:08:53,18362476
2026-04-14 16:09:43,18362476
2026-04-14 16:10:34,18362476
2026-04-14 16:11:24,18387017
2026-04-14 16:12:15,18387017
2026-04-14 16:13:05,18387017
2026-04-14 16:13:55,18387017
2026-04-14 16:14:45,18474831
2026-04-14 16:15:35,18540689
2026-04-14 16:16:25,18540689
2026-04-14 16:17:15,18521328
2026-04-14 16:18:06,18496787
2026-04-14 16:18:56,18499382
2026-04-14 16:19:46,18496787
2026-04-14 16:20:37,18518733
2026-04-14 16:21:27,18521328
2026-04-14 16:22:17,18521328
2026-04-14 16:23:07,18543284
2026-04-14 16:23:57,18540689
2026-04-14 16:24:47,18518733
2026-04-14 16:25:37,18543284
2026-04-14 16:26:28,18543284
2026-04-14 16:27:18,18521328
2026-04-14 16:28:08,18543284
2026-04-14 16:28:58,18543284
2026-04-14 16:29:48,18521328
2026-04-14 16:30:39,18501977
2026-04-14 16:31:29,18501977
2026-04-14 16:32:19,18523923
2026-04-14 16:33:09,18501977
2026-04-14 16:34:03,18501977
2026-04-14 16:34:53,18501977
2026-04-14 16:35:43,18480021
2026-04-14 16:36:33,18501977
2026-04-14 16:37:23,18480021
2026-04-14 16:38:14,18501977
2026-04-14 16:39:04,18501977
2026-04-14 16:39:54,18480021
2026-04-14 16:40:44,18501977
2026-04-14 16:41:34,18501977
2026-04-14 16:42:24,18501977
2026-04-14 16:43:14,18504571
2026-04-14 16:44:04,18504571
2026-04-14 16:44:54,18523923
2026-04-14 16:45:45,18548473
2026-04-14 16:46:35,18545879
2026-04-14 16:47:25,18523923
2026-04-14 16:48:15,18523923
2026-04-14 16:49:05,18526517
2026-04-14 16:49:55,18545879
2026-04-14 16:50:46,18545879
2026-04-14 16:51:36,18526517
2026-04-14 16:52:26,18545879
2026-04-14 16:53:16,18545879
2026-04-14 16:54:06,18501977
2026-04-14 16:54:57,18526517
2026-04-14 16:55:47,18526517
2026-04-14 16:56:37,18526517
2026-04-14 16:57:27,18504571
2026-04-14 16:58:17,18504571
2026-04-14 16:59:07,18507166
2026-04-14 16:59:57,18507166
2026-04-14 17:00:48,18507166
2026-04-14 17:01:38,18507166
2026-04-14 17:02:28,18507166
2026-04-14 17:03:18,18507166
2026-04-14 17:04:08,18529112
2026-04-14 17:04:58,18531707
2026-04-14 17:05:49,18531707
2026-04-14 17:06:39,18531707
2026-04-14 17:07:29,18531707
2026-04-14 17:08:19,18529112
2026-04-14 17:09:09,18531707
2026-04-14 17:09:59,18529112
2026-04-14 17:10:50,18507166
2026-04-14 17:11:40,18529112
2026-04-14 17:12:31,18507166
2026-04-14 17:13:21,18526517
2026-04-14 17:14:11,18529112
2026-04-14 17:15:03,18529112
2026-04-14 17:15:53,18529112
2026-04-14 17:16:43,18507166
2026-04-14 17:17:33,18529112
2026-04-14 17:18:23,18529112
2026-04-14 17:19:14,18509761
2026-04-14 17:20:04,18531707
2026-04-14 17:20:55,18529112
2026-04-14 17:21:45,18509761
2026-04-14 17:22:35,18529112
2026-04-14 17:23:25,18509761
2026-04-14 17:24:15,18529112
2026-04-14 17:25:05,18531707
2026-04-14 17:25:55,18509761
2026-04-14 17:26:45,18553663
2026-04-14 17:27:36,18551068
2026-04-14 17:28:26,18551068
2026-04-14 17:29:16,18529112
2026-04-14 17:30:06,18573024
2026-04-14 17:30:57,18573024
2026-04-14 17:31:47,18575619
2026-04-14 17:32:37,18575619
2026-04-14 17:33:27,18597565
2026-04-14 17:34:17,18597565
2026-04-14 17:35:08,18600160
2026-04-14 17:35:58,18600160
2026-04-14 17:36:48,18575619
2026-04-14 17:37:38,18600160
2026-04-14 17:38:28,18600160
2026-04-14 17:39:18,18600160
2026-04-14 17:40:08,18600160
2026-04-14 17:40:59,18600160
2026-04-14 17:41:49,18622116
2026-04-14 17:42:39,18622116
2026-04-14 17:43:29,18619521
2026-04-14 17:44:19,18622116
2026-04-14 17:45:10,18622116
2026-04-14 17:46:03,18622116
2026-04-14 17:46:53,18600160
2026-04-14 17:47:43,18622116
2026-04-14 17:48:33,18619521
2026-04-14 17:49:23,18622116
2026-04-14 17:50:14,18622116
2026-04-14 17:51:04,18600160
2026-04-14 17:51:54,18622116
2026-04-14 17:52:44,18622116
2026-04-14 17:53:35,18622116
2026-04-14 17:54:25,18622116
2026-04-14 17:55:15,18622116
2026-04-14 17:56:05,18622116
2026-04-14 17:56:55,18622116
2026-04-14 17:57:45,18622116
2026-04-14 17:58:35,18644072
2026-04-14 17:59:25,18646667
2026-04-14 18:00:16,18644072
2026-04-14 18:01:06,18646667
2026-04-14 18:01:56,18646667
2026-04-14 18:02:46,18646667
2026-04-14 18:03:36,18649261
2026-04-14 18:04:26,18646667
2026-04-14 18:05:16,18649261
2026-04-14 18:06:07,18671207
2026-04-14 18:06:57,18668613
2026-04-14 18:07:47,18646667
2026-04-14 18:08:37,18649261
2026-04-14 18:09:27,18671207
2026-04-14 18:10:18,18671207
2026-04-14 18:11:09,18671207
2026-04-14 18:11:59,18671207
2026-04-14 18:12:49,18649261
2026-04-14 18:13:39,18673802
2026-04-14 18:14:29,18671207
2026-04-14 18:15:19,18649261
2026-04-14 18:16:09,18673802
2026-04-14 18:16:59,18673802
2026-04-14 18:17:50,18649261
2026-04-14 18:18:40,18673802
2026-04-14 18:19:30,18649261
2026-04-14 18:20:21,18671207
2026-04-14 18:21:11,18671207
2026-04-14 18:22:03,18671207
2026-04-14 18:22:53,18673802
2026-04-14 18:23:43,18649261
2026-04-14 18:24:34,18671207
2026-04-14 18:25:24,18651856
2026-04-14 18:26:14,18673802
2026-04-14 18:27:04,18607944
2026-04-14 18:27:54,18607944
2026-04-14 18:28:44,18583403
2026-04-14 18:29:34,18561447
2026-04-14 18:30:25,18561447
2026-04-14 18:31:15,18542086
2026-04-14 18:32:05,18564042
2026-04-14 18:32:55,18561447
2026-04-14 18:33:46,18583403
2026-04-14 18:34:36,18583403
2026-04-14 18:35:26,18607944
2026-04-14 18:36:16,18583403
2026-04-14 18:37:06,18607944
2026-04-14 18:37:56,18585998
2026-04-14 18:38:46,18585998
2026-04-14 18:39:37,18607944
2026-04-14 18:40:28,18607944
2026-04-14 18:41:18,18583403
2026-04-14 18:42:08,18585998
2026-04-14 18:42:58,18564042
2026-04-14 18:43:49,18564042
2026-04-14 18:44:39,18564042
2026-04-14 18:45:29,18564042
2026-04-14 18:46:20,18561447
2026-04-14 18:47:10,18542086
2026-04-14 18:48:03,18539491
2026-04-14 18:48:53,18542086
2026-04-14 18:49:43,18561447
2026-04-14 18:50:33,18564042
2026-04-14 18:51:23,18564042
2026-04-14 18:52:13,18542086
2026-04-14 18:53:04,18564042
2026-04-14 18:53:54,18564042
2026-04-14 18:54:44,18542086
2026-04-14 18:55:34,18564042
2026-04-14 18:56:24,18564042
2026-04-14 18:57:14,18564042
2026-04-14 18:58:04,18585998
2026-04-14 18:58:55,18585998
2026-04-14 18:59:45,18585998
2026-04-14 19:00:36,18585998
2026-04-14 19:01:26,18585998
2026-04-14 19:02:16,18588593
2026-04-14 19:03:06,18588593
2026-04-14 19:03:57,18585998
2026-04-14 19:04:47,18585998
2026-04-14 19:05:37,18585998
2026-04-14 19:06:27,18588593
2026-04-14 19:07:17,18585998
2026-04-14 19:08:07,18588593
2026-04-14 19:08:57,18588593
2026-04-14 19:09:48,18588593
2026-04-14 19:10:38,18585998
2026-04-14 19:11:28,18610539
2026-04-14 19:12:19,18607944
2026-04-14 19:13:09,18610539
2026-04-14 19:13:59,18610539
2026-04-14 19:14:49,18632495
2026-04-14 19:15:39,18607944
2026-04-14 19:16:29,18607944
2026-04-14 19:17:19,18632495
2026-04-14 19:18:09,18629900
2026-04-14 19:19:03,18632495
2026-04-14 19:19:53,18632495
2026-04-14 19:20:43,18632495
2026-04-14 19:21:33,18610539
2026-04-14 19:22:23,18632495
2026-04-14 19:23:13,18632495
2026-04-14 19:24:03,18632495
2026-04-14 19:24:54,18632495
2026-04-14 19:25:44,18632495
2026-04-14 19:26:34,18610539
2026-04-14 19:27:24,18635090
2026-04-14 19:28:14,18588593
2026-04-14 19:29:04,18588593
2026-04-14 19:29:54,18585998
2026-04-14 19:30:45,18588593
2026-04-14 19:31:35,18610539
2026-04-14 19:32:25,18588593
2026-04-14 19:33:16,18588593
2026-04-14 19:34:06,18588593
2026-04-14 19:34:56,18585998
2026-04-14 19:35:46,18588593
2026-04-14 19:36:36,18588593
2026-04-14 19:37:26,18610539
2026-04-14 19:38:17,18585998
2026-04-14 19:39:07,18613134
2026-04-14 19:39:57,18588593
2026-04-14 19:40:47,18613134
2026-04-14 19:41:37,18610539
2026-04-14 19:42:28,18610539
2026-04-14 19:43:18,18607944
2026-04-14 19:44:08,18610539
2026-04-14 19:44:58,18610539
2026-04-14 19:45:48,18610539
2026-04-14 19:46:39,18610539
2026-04-14 19:47:29,18610539
2026-04-14 19:48:19,18610539
2026-04-14 19:49:09,18632495
2026-04-14 19:49:59,18632495
2026-04-14 19:50:50,18632495
2026-04-14 19:51:40,18632495
2026-04-14 19:52:30,18635090
2026-04-14 19:53:20,18635090
2026-04-14 19:54:10,18635090
2026-04-14 19:55:03,18635090
2026-04-14 19:55:53,18654451
2026-04-14 19:56:44,18657046
2026-04-14 19:57:34,18657046
2026-04-14 19:58:24,18657046
2026-04-14 19:59:14,18657046
2026-04-15 08:00:42,19470505
2026-04-15 08:01:34,19575076
2026-04-15 08:02:24,19575076
2026-04-15 08:03:14,19518200
2026-04-15 08:04:04,19589247
2026-04-15 08:04:55,19638339
2026-04-15 08:05:45,19684846
2026-04-15 08:06:35,19704197
2026-04-15 08:07:25,19742673
2026-04-15 08:08:15,19680198
2026-04-15 08:09:05,19652863
2026-04-15 08:09:55,19715328
2026-04-15 08:10:46,19805128
2026-04-15 08:11:36,19717922
2026-04-15 08:12:26,19625518
2026-04-15 08:13:17,19625518
2026-04-15 08:14:07,19592983
2026-04-15 08:14:57,19592983
2026-04-15 08:15:47,19650268
2026-04-15 08:16:37,19742673
2026-04-15 08:17:27,19712733
2026-04-15 08:18:17,19712733
2026-04-15 08:19:07,19712733
2026-04-15 08:19:58,19680198
2026-04-15 08:20:48,19652863
2026-04-15 08:21:38,19680198
2026-04-15 08:22:29,19710138
2026-04-15 08:23:19,19712733
2026-04-15 08:24:09,19712733
2026-04-15 08:24:59,19740078
2026-04-15 08:25:49,19737483
2026-04-15 08:26:39,19710138
2026-04-15 08:27:29,19740078
2026-04-15 08:28:19,19737483
2026-04-15 08:29:10,19737483
2026-04-15 08:30:03,19740078
2026-04-15 08:30:53,19769998
2026-04-15 08:31:43,19769998
2026-04-15 08:32:34,19769998
2026-04-15 08:33:24,19799938
2026-04-15 08:34:14,19797343
2026-04-15 08:35:04,19797343
2026-04-15 08:35:54,19797343
2026-04-15 08:36:45,19767403
2026-04-15 08:37:35,19737483
2026-04-15 08:38:25,19737483
2026-04-15 08:39:15,19769998
2026-04-15 08:40:05,19767403
2026-04-15 08:40:56,19769998
2026-04-15 08:41:46,19799938
2026-04-15 08:42:36,19799938
2026-04-15 08:43:26,19797343
2026-04-15 08:44:16,19797343
2026-04-15 08:45:06,19827283
2026-04-15 08:45:57,19829878
2026-04-15 08:46:47,19799938
2026-04-15 08:47:37,19949618
2026-04-15 08:48:27,19949618
2026-04-15 08:49:17,19979558
2026-04-15 09:01:49,20100906
2026-04-15 09:02:39,20170836
2026-04-15 09:03:30,20110737
2026-04-15 09:04:20,20050607
2026-04-15 09:05:10,20142202
2026-04-15 09:06:03,20103990
2026-04-15 09:06:53,20107003
2026-04-15 09:07:43,20132511
2026-04-15 09:08:34,20193310
2026-04-15 09:09:24,20270146
2026-04-15 09:10:14,20096991
2026-04-15 09:11:04,20059986
2026-04-15 09:11:55,20039140
2026-04-15 09:12:45,20052931
2026-04-15 09:13:35,20084750
2026-04-15 09:14:25,20178362
2026-04-15 09:15:15,20074150
2026-04-15 09:16:05,20130398
2026-04-15 09:16:55,20173819
2026-04-15 09:17:46,20212335
2026-04-15 09:18:36,20268582
2026-04-15 09:19:26,20313592
2026-04-15 09:20:17,20337721
2026-04-15 09:21:07,20349448
2026-04-15 09:21:57,20377587
2026-04-15 09:22:47,20429397
2026-04-15 09:23:14,20409338
2026-04-15 09:24:06,20463599
2026-04-15 09:24:56,20424795
2026-04-15 09:25:46,20422152
2026-04-15 09:26:36,20462451
2026-04-15 09:27:27,20538150
2026-04-15 09:28:17,20509119
2026-04-15 09:29:07,20462472
2026-04-15 09:29:57,20450235
2026-04-15 09:30:48,20549469
2026-04-15 09:31:38,20560590
2026-04-15 09:32:28,20513241
2026-04-15 09:33:18,20505408
2026-04-15 09:34:08,20421211
2026-04-15 09:34:59,20482492
2026-04-15 09:35:49,20479458
2026-04-15 09:36:39,20444377
2026-04-15 09:37:29,20472464
2026-04-15 09:38:19,20461736
2026-04-15 09:39:09,20475949
2026-04-15 09:39:59,20517887
2026-04-15 09:40:50,20514013
2026-04-15 09:41:40,20446125
2026-04-15 09:42:30,20458549
2026-04-15 09:43:20,20384738
2026-04-15 09:44:10,20357329
2026-04-15 09:45:03,20373197
2026-04-15 09:45:53,20375453
2026-04-15 09:46:43,20346524
2026-04-15 09:47:33,20417552
2026-04-15 09:48:23,20442802
2026-04-15 09:49:14,20324926
2026-04-15 09:50:04,20358373
2026-04-15 09:50:54,20396224
2026-04-15 09:51:44,20441823
2026-04-15 09:52:35,20382005
2026-04-15 09:53:25,20349001
2026-04-15 09:54:15,20303070
2026-04-15 09:55:05,20297859
2026-04-15 09:55:55,20322521
2026-04-15 09:56:45,20315774
2026-04-15 09:57:35,20351664
2026-04-15 09:58:25,20350374
2026-04-15 09:59:15,20365007
2026-04-15 10:00:05,20400317
2026-04-15 10:00:51,20368380
2026-04-15 10:01:44,20349218
2026-04-15 10:02:34,20366512
2026-04-15 10:03:24,20392051
2026-04-15 10:04:14,20380876
2026-04-15 10:05:04,20471113
2026-04-15 10:05:54,20472868
2026-04-15 10:06:44,20555483
2026-04-15 10:07:35,20602480
2026-04-15 10:08:25,20613629
2026-04-15 10:09:15,20559935
2026-04-15 10:10:05,20563430
2026-04-15 10:10:56,20521371
2026-04-15 10:11:46,20448369
2026-04-15 10:12:36,20483048
2026-04-15 10:13:26,20499435
2026-04-15 10:14:16,20558406
2026-04-15 10:15:06,20568906
2026-04-15 10:15:56,20585053
2026-04-15 10:16:46,20628828
2026-04-15 10:17:36,20628468
2026-04-15 10:18:27,20607689
2026-04-15 10:19:17,20615314
2026-04-15 10:20:07,20604117
2026-04-15 10:20:58,20505584
2026-04-15 10:21:48,20529436
2026-04-15 10:22:38,20485285
2026-04-15 10:23:34,20417681
2026-04-15 10:24:26,20418788
2026-04-15 10:25:16,20415256
2026-04-15 10:26:06,20396004
2026-04-15 10:26:56,20361791
2026-04-15 10:27:47,20320284
2026-04-15 10:28:37,20316902
2026-04-15 10:29:27,20344558
2026-04-15 10:30:18,20364306
2026-04-15 10:31:08,20327780
2026-04-15 10:31:58,20327519
2026-04-15 10:32:48,20306054
2026-04-15 10:33:38,20226822
2026-04-15 10:34:29,20212362
2026-04-15 10:35:19,20226534
2026-04-15 10:36:09,20155036
2026-04-15 10:36:59,20074618
2026-04-15 10:37:49,20159340
2026-04-15 10:38:39,20249682
2026-04-15 10:39:29,20256678
2026-04-15 10:40:20,20308534
2026-04-15 10:41:10,20344603
2026-04-15 10:42:03,20241569
2026-04-15 10:42:53,20287646
2026-04-15 10:43:43,20290082
2026-04-15 10:44:33,20259313
2026-04-15 10:45:23,20265690
2026-04-15 10:46:13,20272803
2026-04-15 10:47:04,20276210
2026-04-15 10:47:54,20271627
2026-04-15 10:48:44,20307206
2026-04-15 10:49:34,20318664
2026-04-15 10:50:25,20284172
2026-04-15 10:51:15,20215668
2026-04-15 10:52:05,20239842
2026-04-15 10:52:55,20238522
2026-04-15 10:53:45,20231179
2026-04-15 10:54:36,20210700
2026-04-15 10:55:26,20148743
2026-04-15 10:56:16,20192847
2026-04-15 10:57:06,20148045
2026-04-15 10:57:56,20155579
2026-04-15 10:58:46,20174282
2026-04-15 10:59:36,20199711
2026-04-15 11:00:27,20137196
2026-04-15 11:01:17,20122069
2026-04-15 11:02:07,20098017
2026-04-15 11:02:57,20020044
2026-04-15 11:03:47,20008303
2026-04-15 11:04:37,20071961
2026-04-15 11:05:27,20048575
2026-04-15 11:06:17,20074663
2026-04-15 11:07:07,20021171
2026-04-15 11:07:58,20048875
2026-04-15 11:08:48,19995145
2026-04-15 11:09:38,20023257
2026-04-15 11:10:29,20018945
2026-04-15 11:11:19,20068088
2026-04-15 11:12:09,19970864
2026-04-15 11:12:59,19964826
2026-04-15 11:13:49,19991592
2026-04-15 11:14:39,20098009
2026-04-15 11:15:29,20118338
2026-04-15 11:16:19,20168955
2026-04-15 11:17:10,20201339
2026-04-15 11:18:03,20106152
2026-04-15 11:18:53,20128019
2026-04-15 11:19:43,20098838
2026-04-15 11:20:34,20145085
2026-04-15 11:21:24,20177589
2026-04-15 11:22:14,20160254
2026-04-15 11:23:04,20073697
2026-04-15 11:23:54,20113447
2026-04-15 11:24:44,20178337
2026-04-15 11:25:34,20172549
2026-04-15 11:26:24,20139595
2026-04-15 11:27:14,20194534
2026-04-15 11:28:05,20211022
2026-04-15 11:28:55,20243254
2026-04-15 11:29:45,20205212
2026-04-15 11:30:36,20228018
2026-04-15 11:31:26,20256739
2026-04-15 11:32:16,20261341
2026-04-15 11:33:06,20253347
2026-04-15 11:33:56,20281659
2026-04-15 11:34:46,20240860
2026-04-15 11:35:36,20166510
2026-04-15 11:36:26,20184475
2026-04-15 11:37:16,20220900
2026-04-15 11:38:06,20206662
2026-04-15 11:38:57,20232149
2026-04-15 11:39:47,20290190
2026-04-15 11:40:37,20276578
2026-04-15 11:41:27,20270890
2026-04-15 11:42:18,20235042
2026-04-15 11:43:08,20201890
2026-04-15 11:43:58,20198757
2026-04-15 11:44:48,20193426
2026-04-15 11:45:38,20228585
2026-04-15 11:46:28,20230782
2026-04-15 11:47:18,20294593
2026-04-15 11:48:08,20268504
2026-04-15 11:48:58,20297188
2026-04-15 11:49:49,20264054
2026-04-15 11:50:39,20263455
2026-04-15 11:51:29,20300143
2026-04-15 11:52:20,20271599
2026-04-15 11:53:10,20304456
2026-04-15 11:54:03,20334814
2026-04-15 11:54:53,20329265
2026-04-15 11:55:43,20367918
2026-04-15 11:56:33,20339105
2026-04-15 11:57:23,20300564
2026-04-15 11:58:13,20292908
2026-04-15 11:59:03,20324473
2026-04-15 11:59:53,20293039
2026-04-15 12:00:44,20296031
2026-04-15 12:01:34,20328706
2026-04-15 12:02:24,20361630
2026-04-15 12:03:15,20399055
2026-04-15 12:04:05,20423687
2026-04-15 12:04:55,20418664
2026-04-15 12:05:45,20405443
2026-04-15 12:06:35,20320143
2026-04-15 12:07:25,20314135
2026-04-15 12:08:15,20348397
2026-04-15 12:09:05,20383445
2026-04-15 12:09:55,20356698
2026-04-15 12:10:46,20322237
2026-04-15 12:11:36,20339686
2026-04-15 12:12:26,20322120
2026-04-15 12:13:16,20325929
2026-04-15 12:14:07,20323356
2026-04-15 12:14:57,20321062
2026-04-15 12:15:47,20314815
2026-04-15 12:16:37,20283820
2026-04-15 12:17:27,20288391
2026-04-15 12:18:17,20261254
2026-04-15 12:19:08,20288670
2026-04-15 12:19:58,20303806
2026-04-15 12:24:39,20266543
2026-04-15 12:25:31,20273730
2026-04-15 12:26:21,20283131
2026-04-15 12:27:11,20290018
2026-04-15 12:28:03,20296075
2026-04-15 12:28:53,20259825
2026-04-15 12:29:43,20223544
2026-04-15 12:30:33,20180100
2026-04-15 12:31:23,20161058
2026-04-15 12:32:13,20159012
2026-04-15 12:33:04,20189561
2026-04-15 12:33:54,20230107
2026-04-15 12:34:44,20220796
2026-04-15 12:35:34,20163383
2026-04-15 12:36:24,20147161
2026-04-15 12:37:14,20184786
2026-04-15 12:38:04,20178119
2026-04-15 12:38:54,20180294
2026-04-15 12:39:44,20139146
2026-04-15 12:40:35,20155112
2026-04-15 12:40:43,20117646
2026-04-15 12:41:35,20120870
2026-04-15 12:42:26,20127318
2026-04-15 12:43:16,20096902
2026-04-15 12:44:06,20087959
2026-04-15 12:44:56,20131609
2026-04-15 12:45:46,20086591
2026-04-15 12:46:36,20132228
2026-04-15 12:47:26,20124915
2026-04-15 12:48:16,20163804
2026-04-15 12:49:06,20191279
2026-04-15 12:49:56,20191708
2026-04-15 12:50:47,20191020
2026-04-15 12:51:37,20223734
2026-04-15 12:52:27,20237451
2026-04-15 12:53:17,20226473
2026-04-15 12:54:07,20216005
2026-04-15 12:54:58,20269578
2026-04-15 12:55:48,20236803
2026-04-15 12:56:38,20266741
2026-04-15 12:57:28,20266622
2026-04-15 12:58:18,20242114
2026-04-15 12:59:08,20212401
2026-04-15 12:59:58,20267980
2026-04-15 13:00:48,20249039
2026-04-15 13:01:38,20278619
2026-04-15 13:02:28,20231784
2026-04-15 13:03:19,20254656
2026-04-15 13:04:09,20224866
2026-04-15 13:04:59,20198669
2026-04-15 13:05:49,20184287
2026-04-15 13:06:39,20194687
2026-04-15 13:07:29,20196603
2026-04-15 13:08:19,20167352
2026-04-15 13:09:09,20167501
2026-04-15 13:09:59,20175906
2026-04-15 13:10:50,20187977
2026-04-15 13:11:40,20183518
2026-04-15 13:12:30,20183527
2026-04-15 13:13:21,20195333
2026-04-15 13:14:11,20203418
2026-04-15 13:15:03,20204566
2026-04-15 13:15:53,20235874
2026-04-15 13:16:43,20233420
2026-04-15 13:17:33,20237679
2026-04-15 13:18:23,20234138
2026-04-15 13:19:13,20232281
2026-04-15 13:20:03,20239096
2026-04-15 13:20:54,20195305
2026-04-15 13:21:44,20231462
2026-04-15 13:22:34,20222390
2026-04-15 13:23:24,20189440
2026-04-15 13:24:14,20183049
2026-04-15 13:25:05,20175298
2026-04-15 13:25:55,20188333
2026-04-15 13:26:45,20196925
2026-04-15 13:27:35,20214690
2026-04-15 13:28:25,20189122
2026-04-15 13:29:15,20219092
2026-04-15 13:29:50,20197555
2026-04-15 13:30:43,20178204
2026-04-15 13:31:33,20149731
2026-04-15 13:32:23,20114033
2026-04-15 13:33:13,20080827
2026-04-15 13:34:03,20080688
2026-04-15 13:34:53,20103843
2026-04-15 13:35:43,20113482
2026-04-15 13:36:33,20154990
2026-04-15 13:37:24,20172303
2026-04-15 13:38:14,20144519
2026-04-15 13:39:04,20099159
2026-04-15 13:39:54,20094910
2026-04-15 13:40:45,20082854
2026-04-15 13:41:35,20106257
2026-04-15 13:42:25,20108903
2026-04-15 13:43:15,20118882
2026-04-15 13:43:59,20160758
2026-04-15 13:44:51,20067772
2026-04-15 13:45:41,20037612
2026-04-15 13:46:31,20069428
2026-04-15 13:47:21,20075164
2026-04-15 13:48:11,20070773
2026-04-15 13:49:03,19994537
2026-04-15 13:49:53,20088060
2026-04-15 13:50:43,20049240
2026-04-15 13:51:33,20056265
2026-04-15 13:52:24,20048581
2026-04-15 13:53:14,20050895
2026-04-15 13:54:04,20072093
2026-04-15 13:54:54,20063360
2026-04-15 13:55:44,20085974
2026-04-15 13:56:34,20093859
2026-04-15 13:57:24,20087781
2026-04-15 13:58:14,20100597
2026-04-15 13:59:04,20152562
2026-04-15 13:59:54,20177545
2026-04-15 14:00:45,20230415
2026-04-15 14:01:35,20210615
2026-04-15 14:02:25,20219448
2026-04-15 14:03:16,20197223
2026-04-15 14:04:06,20147342
2026-04-15 14:04:56,20069058
2026-04-15 14:05:46,20049268
2026-04-15 14:06:36,19973260
2026-04-15 14:07:26,19987072
2026-04-15 14:08:16,19950925
2026-04-15 14:09:06,19987164
2026-04-15 14:09:56,19953001
2026-04-15 14:10:47,20038798
2026-04-15 14:11:37,20048999
2026-04-15 14:12:27,20053091
2026-04-15 14:13:17,20040466
2026-04-15 14:14:07,20122940
2026-04-15 14:14:57,20136792
2026-04-15 14:15:48,20091516
2026-04-15 14:16:38,20061920
2026-04-15 14:17:28,20062048
2026-04-15 14:18:18,20024286
2026-04-15 14:19:08,20045819
2026-04-15 14:19:58,20040383
2026-04-15 14:20:49,19998916
2026-04-15 14:21:39,20027827
2026-04-15 14:22:29,19987818
2026-04-15 14:23:19,19952469
2026-04-15 14:24:09,19926042
2026-04-15 14:24:59,19893706
2026-04-15 14:25:49,19873097
2026-04-15 14:26:39,19865701
2026-04-15 14:27:30,19856499
2026-04-15 14:28:20,19841411
2026-04-15 14:29:10,19796212
2026-04-15 14:30:03,19866113
2026-04-15 14:30:54,19846709
2026-04-15 14:31:44,19757769
2026-04-15 14:32:34,19784227
2026-04-15 14:33:24,19751689
2026-04-15 14:34:14,19716471
2026-04-15 14:35:04,19700703
2026-04-15 14:35:55,19706431
2026-04-15 14:36:45,19609397
2026-04-15 14:37:35,19536372
2026-04-15 14:38:25,19441551
2026-04-15 14:39:15,19406663
2026-04-15 14:40:05,19435663
2026-04-15 14:40:56,19425850
2026-04-15 14:41:46,19385433
2026-04-15 14:42:36,19396968
2026-04-15 14:43:26,19352522
2026-04-15 14:44:16,19308245
2026-04-15 14:45:06,19319702
2026-04-15 14:45:56,19327905
2026-04-15 14:46:46,19385588
2026-04-15 14:47:37,19497685
2026-04-15 14:48:27,19428839
2026-04-15 14:49:17,19363759
2026-04-15 14:50:07,19323452
2026-04-15 14:50:58,19286496
2026-04-15 14:51:48,19267972
2026-04-15 14:52:38,19172953
2026-04-15 14:53:28,19190193
2026-04-15 14:54:18,19142811
2026-04-15 14:55:08,19144531
2026-04-15 14:55:58,19327425
2026-04-15 14:56:48,19374633
2026-04-15 14:57:38,19373200
2026-04-15 14:58:28,19422406
2026-04-15 14:59:18,19438545
2026-04-15 15:00:09,19485242
2026-04-15 15:01:03,19518985
2026-04-15 15:01:53,19514359
2026-04-15 15:02:43,19459036
2026-04-15 15:03:33,19439849
2026-04-15 15:04:23,19464942
2026-04-15 15:05:13,19498215
2026-04-15 15:06:03,19515460
2026-04-15 15:06:53,19495807
2026-04-15 15:07:43,19461493
2026-04-15 15:08:33,19429015
2026-04-15 15:09:24,19443808
2026-04-15 15:10:14,19481492
2026-04-15 15:11:04,19460268
2026-04-15 15:11:54,19412461
2026-04-15 15:12:45,19416662
2026-04-15 15:13:35,19416734
2026-04-15 15:14:25,19394917
2026-04-15 15:15:15,19392649
2026-04-15 15:16:05,19374049
2026-04-15 15:16:55,19395594
2026-04-15 15:17:45,19404586
2026-04-15 15:18:36,19376704
2026-04-15 15:19:26,19350934
2026-04-15 15:20:16,19375755
2026-04-15 15:21:06,19375755
2026-04-15 15:21:56,19375755
2026-04-15 15:22:47,19375755
2026-04-15 15:23:37,19375755
2026-04-15 15:24:27,19375755
2026-04-15 15:25:17,19375755
2026-04-15 15:26:07,19375755
2026-04-15 15:26:57,19375755
2026-04-15 15:27:47,19375755
2026-04-15 15:28:37,19375755
2026-04-15 15:29:27,19375755
2026-04-15 15:30:19,19373359
2026-04-15 15:31:09,19364407
2026-04-15 15:31:59,19364407
2026-04-15 15:32:49,19364407
2026-04-15 15:33:39,19364407
2026-04-15 15:34:30,19364407
2026-04-15 15:35:20,19364407
2026-04-15 15:36:10,19364407
2026-04-15 15:37:03,19364407
2026-04-15 15:37:53,19364407
2026-04-15 15:38:43,19364407
2026-04-15 15:39:33,19364407
2026-04-15 15:40:24,19411602
2026-04-15 15:41:14,19443538
2026-04-15 15:42:05,19493928
2026-04-15 15:42:55,19485545
2026-04-15 15:43:45,19465893
2026-04-15 15:44:35,19483150
2026-04-15 15:45:25,19441543
2026-04-15 15:46:15,19459807
2026-04-15 15:47:05,19438350
2026-04-15 15:47:55,19457711
2026-04-15 15:48:46,19460706
2026-04-15 15:49:36,19480566
2026-04-15 15:50:27,19495924
2026-04-15 15:51:17,19498919
2026-04-15 15:52:07,19488738
2026-04-15 15:52:57,19473879
2026-04-15 15:53:47,19478170
2026-04-15 15:54:37,19489239
2026-04-15 15:55:27,19488740
2026-04-15 15:56:18,19472780
2026-04-15 15:57:08,19457011
2026-04-15 15:57:58,19443439
2026-04-15 15:58:48,19441045
2026-04-15 15:59:38,19422582
2026-04-15 16:00:29,19409619
2026-04-15 16:01:19,19407223
2026-04-15 16:02:09,19425577
2026-04-15 16:02:59,19407223
2026-04-15 16:03:50,19422082
2026-04-15 16:04:40,19412202
2026-04-15 16:05:30,19415197
2026-04-15 16:06:20,19413901
2026-04-15 16:07:10,19410406
2026-04-15 16:08:03,19405515
2026-04-15 16:08:53,19411306
2026-04-15 16:09:44,19415797
2026-04-15 16:10:34,19415597
2026-04-15 16:11:24,19429269
2026-04-15 16:12:15,19424279
2026-04-15 16:13:05,19408211
2026-04-15 16:13:55,19422281
2026-04-15 16:14:45,19425476
2026-04-15 16:15:35,19422283
2026-04-15 16:16:25,19421184
2026-04-15 16:17:15,19430266
2026-04-15 16:18:06,19421784
2026-04-15 16:18:56,19432861
2026-04-15 16:19:46,19414897
2026-04-15 16:20:37,19417490
2026-04-15 16:21:27,19416992
2026-04-15 16:22:18,19426575
2026-04-15 16:23:08,19431565
2026-04-15 16:23:58,19428570
2026-04-15 16:24:48,19431362
2026-04-15 16:25:38,19428970
2026-04-15 16:26:28,19436952
2026-04-15 16:27:18,19418590
2026-04-15 16:28:08,19413699
2026-04-15 16:28:58,19433459
2026-04-15 16:29:49,19420486
2026-04-15 16:30:40,19413000
2026-04-15 16:31:30,19411903
2026-04-15 16:32:20,19415394
2026-04-15 16:33:10,19434357
2026-04-15 16:34:03,19429068
2026-04-15 16:34:53,19421585
2026-04-15 16:35:43,19436552
2026-04-15 16:36:33,19421185
2026-04-15 16:37:24,19437553
2026-04-15 16:38:14,19434158
2026-04-15 16:39:04,19435056
2026-04-15 16:39:54,19416093
2026-04-15 16:40:45,19416093
2026-04-15 16:41:35,19433957
2026-04-15 16:42:25,19431963
2026-04-15 16:43:15,19431563
2026-04-15 16:44:05,19434558
2026-04-15 16:44:56,19434558
2026-04-15 16:45:46,19428970
2026-04-15 16:46:36,19426473
2026-04-15 16:47:26,19448630
2026-04-15 16:48:16,19452920
2026-04-15 16:49:06,19451024
2026-04-15 16:49:56,19449925
2026-04-15 16:50:48,19430964
2026-04-15 16:51:38,19434558
2026-04-15 16:52:28,19436353
2026-04-15 16:53:18,19418489
2026-04-15 16:54:08,19425375
2026-04-15 16:54:58,19444338
2026-04-15 16:55:48,19429567
2026-04-15 16:56:39,19447931
2026-04-15 16:57:29,19443539
2026-04-15 16:58:19,19430166
2026-04-15 16:59:09,19435555
2026-04-15 16:59:59,19432960
2026-04-15 17:00:49,19435356
2026-04-15 17:01:39,19452023
2026-04-15 17:02:30,19434956
2026-04-15 17:03:20,19433060
2026-04-15 17:04:10,19437951
2026-04-15 17:05:03,19450924
2026-04-15 17:05:53,19451523
2026-04-15 17:06:43,19446734
2026-04-15 17:07:33,19433161
2026-04-15 17:08:23,19443741
2026-04-15 17:09:13,19440546
2026-04-15 17:10:04,19443739
2026-04-15 17:10:54,19441743
2026-04-15 17:11:45,19443739
2026-04-15 17:12:35,19441144
2026-04-15 17:13:25,19446134
2026-04-15 17:14:15,19465097
2026-04-15 17:15:05,19464496
2026-04-15 17:15:55,19461403
2026-04-15 17:16:45,19468092
2026-04-15 17:17:36,19457112
2026-04-15 17:18:26,19464598
2026-04-15 17:19:16,19446734
2026-04-15 17:20:06,19469787
2026-04-15 17:20:57,19472382
2026-04-15 17:21:47,19465097
2026-04-15 17:22:37,19454020
2026-04-15 17:23:27,19469988
2026-04-15 17:24:18,19457113
2026-04-15 17:25:08,19465097
2026-04-15 17:25:58,19471982
2026-04-15 17:26:48,19485355
2026-04-15 17:27:38,19504808
2026-04-15 17:28:28,19499817
2026-04-15 17:29:18,19498718
2026-04-15 17:30:08,19504109
2026-04-15 17:30:59,19499417
2026-04-15 17:31:49,19504308
2026-04-15 17:32:39,19520276
2026-04-15 17:33:30,19517882
2026-04-15 17:34:20,19501313
2026-04-15 17:35:10,19501313
2026-04-15 17:36:03,19516182
2026-04-15 17:36:53,19517482
2026-04-15 17:37:43,19519378
2026-04-15 17:38:34,19518082
2026-04-15 17:39:24,19517383
2026-04-15 17:40:14,19516983
2026-04-15 17:41:05,19519978
2026-04-15 17:41:55,19514987
2026-04-15 17:42:45,19521075
2026-04-15 17:43:35,19517383
2026-04-15 17:44:25,19515185
2026-04-15 17:45:15,19512192
2026-04-15 17:46:05,19501614
2026-04-15 17:46:56,19504806
2026-04-15 17:47:46,19485155
2026-04-15 17:48:36,19504108
2026-04-15 17:49:26,19485157
2026-04-15 17:50:17,19502212
2026-04-15 17:51:07,19484358
2026-04-15 17:51:58,19494838
2026-04-15 17:52:48,19491245
2026-04-15 17:53:38,19513390
2026-04-15 17:54:28,19507801
2026-04-15 17:55:19,19504808
2026-04-15 17:56:09,19510596
2026-04-15 17:56:59,19510596
2026-04-15 17:57:49,19515087
2026-04-15 17:58:39,19531055
2026-04-15 17:59:29,19528060
2026-04-15 18:00:20,19512792
2026-04-15 18:01:10,19531154
2026-04-15 18:02:03,19536043
2026-04-15 18:02:53,19520075
2026-04-15 18:03:43,19501622
2026-04-15 18:04:33,19499028
2026-04-15 18:05:23,19501622
2026-04-15 18:06:13,19496632
2026-04-15 18:07:03,19494336
2026-04-15 18:07:53,19493639
2026-04-15 18:08:44,19477871
2026-04-15 18:09:34,19478967
2026-04-15 18:10:25,19491444
2026-04-15 18:11:15,19474878
2026-04-15 18:12:05,19474078
2026-04-15 18:12:55,19454618
2026-04-15 18:13:45,19476174
2026-04-15 18:14:35,19471285
2026-04-15 18:15:25,19462601
2026-04-15 18:16:15,19442142
2026-04-15 18:17:06,19441245
2026-04-15 18:17:56,19444238
2026-04-15 18:18:46,19439349
2026-04-15 18:19:36,19454618
2026-04-15 18:20:27,19438849
2026-04-15 18:21:17,19441643
2026-04-15 18:22:07,19460206
2026-04-15 18:22:57,19460206
2026-04-15 18:23:48,19454817
2026-04-15 18:24:38,19462103
2026-04-15 18:25:28,19463199
2026-04-15 18:26:18,19457810
2026-04-15 18:27:08,19459110
2026-04-15 18:27:59,19464498
2026-04-15 18:28:49,19458908
2026-04-15 18:29:39,19440547
2026-04-15 18:30:30,19443142
2026-04-15 18:31:20,19440547
2026-04-15 18:32:10,19461004
2026-04-15 18:33:03,19464498
2026-04-15 18:33:53,19463401
2026-04-15 18:34:43,19459508
2026-04-15 18:35:34,19466394
2026-04-15 18:36:24,19445935
2026-04-15 18:37:14,19463999
2026-04-15 18:38:04,19440744
2026-04-15 18:38:54,19442642
2026-04-15 18:39:44,19410517
2026-04-15 18:40:35,19414209
2026-04-15 18:41:25,19430177
2026-04-15 18:42:15,19414209
2026-04-15 18:43:05,19394547
2026-04-15 18:43:55,19397643
2026-04-15 18:44:46,19379280
2026-04-15 18:45:36,19384668
2026-04-15 18:46:26,19371894
2026-04-15 18:47:16,19376884
2026-04-15 18:48:06,19376884
2026-04-15 18:48:56,19360227
2026-04-15 18:49:46,19360926
2026-04-15 18:50:37,19340466
2026-04-15 18:51:27,19344958
2026-04-15 18:52:18,19344958
2026-04-15 18:53:08,19356034
2026-04-15 18:53:58,19355536
2026-04-15 18:54:48,19346054
2026-04-15 18:55:38,19360926
2026-04-15 18:56:28,19339568
2026-04-15 18:57:18,19350646
2026-04-15 18:58:09,19339568
2026-04-15 18:58:59,19342660
2026-04-15 18:59:49,19331582
2026-04-15 19:00:40,19333980
2026-04-15 19:01:30,19318609
2026-04-15 19:02:20,19313519
2026-04-15 19:03:10,19305736
2026-04-15 19:04:03,19311226
2026-04-15 19:04:53,19327891
2026-04-15 19:05:43,19373191
2026-04-15 19:06:34,19391554
2026-04-15 19:07:24,19407522
2026-04-15 19:08:14,19394549
2026-04-15 19:09:04,19391954
2026-04-15 19:09:54,19407321
2026-04-15 19:10:45,19412911
2026-04-15 19:11:35,19406921
2026-04-15 19:12:25,19411015
2026-04-15 19:13:15,19409916
2026-04-15 19:14:05,19411214
2026-04-15 19:14:55,19406722
2026-04-15 19:15:45,19428270
2026-04-15 19:16:36,19409916
2026-04-15 19:17:26,19407522
2026-04-15 19:18:16,19409916
2026-04-15 19:19:06,19409819
2026-04-15 19:19:56,19394348
2026-04-15 19:20:46,19394549
2026-04-15 19:21:36,19366902
2026-04-15 19:22:27,19361314
2026-04-15 19:23:17,19359618
2026-04-15 19:24:07,19378180
2026-04-15 19:24:57,19377980
2026-04-15 19:25:47,19365007
2026-04-15 19:26:37,19362212
2026-04-15 19:27:27,19359618
2026-04-15 19:28:18,19362710
2026-04-15 19:29:08,19348648
2026-04-15 19:29:58,19347351
2026-04-15 19:30:49,19346653
2026-04-15 19:31:39,19344759
2026-04-15 19:32:29,19364606
2026-04-15 19:33:19,19365207
2026-04-15 19:34:09,19346852
2026-04-15 19:34:59,19322302
2026-04-15 19:35:49,19320408
2026-04-15 19:36:39,19320408
2026-04-15 19:37:29,19335277
2026-04-15 19:38:20,19322801
2026-04-15 19:39:10,19324697
2026-04-15 19:40:03,19339369
2026-04-15 19:40:54,19335475
2026-04-15 19:41:44,19338270
2026-04-15 19:42:34,19332284
2026-04-15 19:43:24,19313920
2026-04-15 19:44:14,19335874
2026-04-15 19:45:05,19349936
2026-04-15 19:45:55,19343849
2026-04-15 19:46:45,19344048
2026-04-15 19:47:35,19358918
2026-04-15 19:48:25,19355925
2026-04-15 19:49:15,19364309
2026-04-15 19:50:06,19379679
2026-04-15 19:50:56,19392652
2026-04-15 19:51:46,19398640
2026-04-15 19:52:37,19396245
2026-04-15 19:53:27,19405526
2026-04-15 19:54:17,19405526
2026-04-15 19:55:07,19426874
2026-04-15 19:55:57,19429268
2026-04-15 19:56:47,19445236
2026-04-15 19:57:37,19443340
2026-04-15 19:58:28,19445234
2026-04-15 19:59:18,19434558
2026-04-16 08:00:29,20024735
2026-04-16 08:01:20,20072337
2026-04-16 08:02:10,19894524
2026-04-16 08:04:07,20014864
2026-04-16 08:04:57,20034524
2026-04-16 08:05:48,20145891
2026-04-16 08:06:38,20229203
2026-04-16 08:07:28,20215341
2026-04-16 08:08:19,20133405
2026-04-16 08:09:09,20147975
2026-04-16 08:09:59,20147279
2026-04-16 08:10:50,20144583
2026-04-16 08:11:41,20195482
2026-04-16 08:12:31,20255859
2026-04-16 08:13:22,20300660
2026-04-16 08:14:12,20306049
2026-04-16 08:15:03,20360422
2026-04-16 08:15:54,20276210
2026-04-16 08:16:44,20366499
2026-04-16 08:17:35,20345740
2026-04-16 08:18:25,20282985
2026-04-16 08:19:16,20266717
2026-04-16 08:20:06,20245362
2026-04-16 08:20:57,20078724
2026-04-16 08:21:47,20016369
2026-04-16 08:22:37,19997806
2026-04-16 08:23:27,19972160
2026-04-16 08:24:17,20038516
2026-04-16 08:25:08,20131820
2026-04-16 08:25:58,20178915
2026-04-16 08:26:48,20103376
2026-04-16 08:27:38,20157856
2026-04-16 08:28:29,20147815
2026-04-16 08:29:19,20074870
2026-04-16 08:30:09,20057405
2026-04-16 08:31:03,20002775
2026-04-16 08:31:54,20088045
2026-04-16 08:32:44,20126407
2026-04-16 08:33:35,20082556
2026-04-16 08:34:25,20125559
2026-04-16 08:35:15,20130050
2026-04-16 08:36:05,20061797
2026-04-16 08:36:56,20048424
2026-04-16 08:37:46,20163623
2026-04-16 08:38:37,20234521
2026-04-16 08:39:27,20227574
2026-04-16 08:40:18,20192725
2026-04-16 08:41:08,20131498
2026-04-16 08:41:59,20251288
2026-04-16 08:42:49,20214871
2026-04-16 08:43:39,20183384
2026-04-16 08:44:30,20148114
2026-04-16 08:45:20,20120021
2026-04-16 08:46:10,20048275
2026-04-16 08:47:03,20011359
2026-04-16 08:47:53,19996897
2026-04-16 08:48:43,20038854
2026-04-16 08:49:33,20029122
2026-04-16 09:01:15,19994313
2026-04-16 09:02:06,20441350
2026-04-16 09:02:58,20284232
2026-04-16 09:03:48,20080801
2026-04-16 09:04:38,20029036
2026-04-16 09:05:29,20119896
2026-04-16 09:06:19,20171391
2026-04-16 09:07:09,20209503
2026-04-16 09:07:59,19754396
2026-04-16 09:08:50,19603837
2026-04-16 09:09:40,20172757
2026-04-16 09:10:31,20189355
2026-04-16 09:11:21,20081243
2026-04-16 09:12:11,20015933
2026-04-16 09:13:03,20000734
2026-04-16 09:13:53,19931702
2026-04-16 09:14:43,19811206
2026-04-16 09:15:34,19915663
2026-04-16 09:16:24,20060771
2026-04-16 09:17:14,20043574
2026-04-16 09:18:04,19827007
2026-04-16 09:18:54,19804273
2026-04-16 09:19:44,19725622
2026-04-16 09:20:35,19621740
2026-04-16 09:21:25,19559855
2026-04-16 09:22:15,19569910
2026-04-16 09:23:05,19127525
2026-04-16 09:23:55,19159961
2026-04-16 09:24:45,19086190
2026-04-16 09:25:36,18976718
2026-04-16 09:26:26,19391497
2026-04-16 09:27:16,19466324
2026-04-16 09:28:06,19351238
2026-04-16 09:28:56,19423979
2026-04-16 09:29:46,19402787
2026-04-16 09:30:37,19288396
2026-04-16 09:31:28,19610569
2026-04-16 09:32:18,19601355
2026-04-16 09:33:08,19737203
2026-04-16 09:33:59,19749399
2026-04-16 09:34:49,19837106
2026-04-16 09:35:40,19776320
2026-04-16 09:36:30,19728282
2026-04-16 09:37:21,19734619
2026-04-16 09:38:11,19716617
2026-04-16 09:39:03,19740719
2026-04-16 09:39:54,19658035
2026-04-16 09:40:45,19679700
2026-04-16 09:41:36,19594093
2026-04-16 09:42:26,19711886
2026-04-16 09:43:16,19777684
2026-04-16 09:44:06,19797209
2026-04-16 09:44:57,19761529
2026-04-16 09:45:47,19759113
2026-04-16 09:46:37,19868493
2026-04-16 09:47:27,19900828
2026-04-16 09:48:17,19870307
2026-04-16 09:49:07,19859651
2026-04-16 09:49:58,19909082
2026-04-16 09:50:48,19891317
2026-04-16 09:51:38,19801387
2026-04-16 09:52:28,19937316
2026-04-16 09:53:19,19892954
2026-04-16 09:54:10,19917786
2026-04-16 09:55:03,19812167
2026-04-16 09:55:54,19964533
2026-04-16 09:56:44,20012267
2026-04-16 09:57:34,20106443
2026-04-16 09:58:24,20176367
2026-04-16 09:59:14,20129911
2026-04-16 10:00:05,20030292
2026-04-16 10:00:56,19888774
2026-04-16 10:01:47,19876737
2026-04-16 10:02:37,19903085
2026-04-16 10:03:28,19828915
2026-04-16 10:04:18,19789235
2026-04-16 10:05:08,19828055
2026-04-16 10:05:59,19928975
2026-04-16 10:06:49,20016656
2026-04-16 10:07:39,19942495
2026-04-16 10:08:29,19972646
2026-04-16 10:09:20,20059790
2026-04-16 10:10:13,20115200
2026-04-16 10:11:04,20157084
2026-04-16 10:11:54,20177835
2026-04-16 10:12:45,20148393
2026-04-16 10:13:35,20098654
2026-04-16 10:14:26,20014830
2026-04-16 10:15:16,19973414
2026-04-16 10:16:06,20233812
2026-04-16 10:16:56,20170440
2026-04-16 10:17:47,20264492
2026-04-16 10:18:37,20351288
2026-04-16 10:19:28,20313264
2026-04-16 10:20:19,20358821
2026-04-16 10:21:09,20448203
2026-04-16 10:21:59,20387315
2026-04-16 10:22:49,20268462
2026-04-16 10:23:40,20289183
2026-04-16 10:24:30,20323483
2026-04-16 10:25:20,20200519
2026-04-16 10:26:10,20181976
2026-04-16 10:27:03,20214089
2026-04-16 10:27:54,20264472
2026-04-16 10:28:44,20320637
2026-04-16 10:29:34,20311389
2026-04-16 10:30:25,20190411
2026-04-16 10:31:15,20153553
2026-04-16 10:32:06,20251545
2026-04-16 10:32:56,20157505
2026-04-16 10:33:47,20164421
2026-04-16 10:34:37,20103934
2026-04-16 10:35:27,19954722
2026-04-16 10:36:18,19906072
2026-04-16 10:37:08,19891809
2026-04-16 10:37:58,19996679
2026-04-16 10:38:48,19936039
2026-04-16 10:39:38,20124532
2026-04-16 10:40:29,20214850
2026-04-16 10:41:19,20313563
2026-04-16 10:42:09,20303043
2026-04-16 10:43:03,20281545
2026-04-16 10:43:53,20310659
2026-04-16 10:44:43,20308573
2026-04-16 10:45:33,20182269
2026-04-16 10:46:23,20160574
2026-04-16 10:47:13,20174541
2026-04-16 10:48:03,20161233
2026-04-16 10:48:54,20250514
2026-04-16 10:49:44,20180764
2026-04-16 10:50:35,20230364
2026-04-16 10:51:25,20343376
2026-04-16 10:52:15,20385663
2026-04-16 10:53:05,20390482
2026-04-16 10:53:56,20413089
2026-04-16 10:54:46,20384374
2026-04-16 10:55:36,20401862
2026-04-16 10:56:26,20348557
2026-04-16 10:57:16,20409876
2026-04-16 10:58:06,20379945
2026-04-16 10:58:56,20381542
2026-04-16 10:59:47,20277792
2026-04-16 11:00:38,20249077
2026-04-16 11:01:28,20292460
2026-04-16 11:02:18,20360805
2026-04-16 11:03:08,20316224
2026-04-16 11:03:58,20369837
2026-04-16 11:04:48,20385456
2026-04-16 11:05:38,20420774
2026-04-16 11:06:29,20441103
2026-04-16 11:07:19,20440045
2026-04-16 11:08:09,20379186
2026-04-16 11:08:59,20374120
2026-04-16 11:09:49,20348899
2026-04-16 11:10:39,20318210
2026-04-16 11:11:29,20222282
2026-04-16 11:12:20,20346075
2026-04-16 11:13:10,20367094
2026-04-16 11:14:03,20292443
2026-04-16 11:14:53,20254081
2026-04-16 11:15:44,20323411
2026-04-16 11:16:34,20433080
2026-04-16 11:17:25,20462412
2026-04-16 11:18:15,20454887
2026-04-16 11:19:06,20433020
2026-04-16 11:19:56,20424785
2026-04-16 11:20:47,20382911
2026-04-16 11:21:37,20395706
2026-04-16 11:22:28,20416744
2026-04-16 11:23:18,20374529
2026-04-16 11:24:09,20276426
2026-04-16 11:24:59,20297584
2026-04-16 11:25:49,20266256
2026-04-16 11:26:40,20264548
2026-04-16 11:27:30,20269867
2026-04-16 11:28:21,20314249
2026-04-16 11:29:11,20304209
2026-04-16 11:30:03,20238471
2026-04-16 11:30:54,20273942
2026-04-16 11:31:45,20242931
2026-04-16 11:32:35,20328849
2026-04-16 11:33:26,20297223
2026-04-16 11:34:16,20245528
2026-04-16 11:35:07,20251933
2026-04-16 11:35:57,20229308
2026-04-16 11:36:48,20185708
2026-04-16 11:37:38,20135456
2026-04-16 11:38:29,20135207
2026-04-16 11:39:19,20199927
2026-04-16 11:40:10,20129847
2026-04-16 11:41:03,20119694
2026-04-16 11:41:54,20208096
2026-04-16 11:42:44,20203854
2026-04-16 11:43:35,20193276
2026-04-16 11:44:25,20176108
2026-04-16 11:45:16,20208995
2026-04-16 11:46:06,20145811
2026-04-16 11:46:57,20171281
2026-04-16 11:47:47,20204613
2026-04-16 11:48:38,20205660
2026-04-16 11:49:28,20251061
2026-04-16 11:50:19,20186260
2026-04-16 11:51:09,20249154
2026-04-16 11:51:59,20268616
2026-04-16 11:52:49,20253037
2026-04-16 11:53:39,20210851
2026-04-16 11:54:29,20255004
2026-04-16 11:55:19,20216132
2026-04-16 11:56:09,20168587
2026-04-16 11:56:59,20184628
2026-04-16 11:57:50,20178839
2026-04-16 11:58:40,20173192
2026-04-16 11:59:30,20194029
2026-04-16 12:00:20,20205496
2026-04-16 12:01:10,20148304
2026-04-16 12:02:03,20269452
2026-04-16 12:02:53,20305320
2026-04-16 12:03:43,20279443
2026-04-16 12:04:33,20293905
2026-04-16 12:05:23,20385192
2026-04-16 12:06:13,20272665
2026-04-16 12:07:03,20209405
2026-04-16 12:07:53,20198315
2026-04-16 12:08:43,20285960
2026-04-16 12:09:33,20233882
2026-04-16 12:10:25,20258443
2026-04-16 12:11:15,20307225
2026-04-16 12:12:05,20282267
2026-04-16 12:12:55,20289172
2026-04-16 12:13:45,20313224
2026-04-16 12:14:35,20263884
2026-04-16 12:15:25,20297526
2026-04-16 12:16:15,20250270
2026-04-16 12:17:05,20272934
2026-04-16 12:17:55,20245101
2026-04-16 12:18:46,20206827
2026-04-16 12:19:36,20170649
2026-04-16 12:20:26,20151418
2026-04-16 12:21:16,20197554
2026-04-16 12:22:07,20171348
2026-04-16 12:22:57,20045362
2026-04-16 12:23:47,19994413
2026-04-16 12:24:38,19937614
2026-04-16 12:25:28,19918968
2026-04-16 12:26:19,20010566
2026-04-16 12:27:09,19935358
2026-04-16 12:27:59,19886355
2026-04-16 12:28:49,19944161
2026-04-16 12:29:39,19910847
2026-04-16 12:30:30,19950607
2026-04-16 12:31:20,20033889
2026-04-16 12:32:10,20072713
2026-04-16 12:33:03,20074359
2026-04-16 12:33:54,20075077
2026-04-16 12:34:44,19976454
2026-04-16 12:35:35,20030748
2026-04-16 12:36:25,20072981
2026-04-16 12:37:15,20082174
2026-04-16 12:38:06,20069798
2026-04-16 12:38:56,20075397
2026-04-16 12:39:47,20050187
2026-04-16 12:40:38,20165078
2026-04-16 12:41:28,20208162
2026-04-16 12:42:18,20119618
2026-04-16 12:43:09,20191094
2026-04-16 12:43:59,20157812
2026-04-16 12:44:50,20082921
2026-04-16 12:45:40,20140776
2026-04-16 12:46:30,20058691
2026-04-16 12:47:20,20147644
2026-04-16 12:48:11,20129341
2026-04-16 12:49:03,20133732
2026-04-16 12:49:54,20166495
2026-04-16 12:50:44,20194438
2026-04-16 12:51:34,20198602
2026-04-16 12:52:25,20220957
2026-04-16 12:53:15,20250464
2026-04-16 12:54:06,20168123
2026-04-16 12:54:56,20195029
2026-04-16 12:55:47,20268639
2026-04-16 12:56:37,20269566
2026-04-16 12:57:28,20316136
2026-04-16 12:58:18,20367763
2026-04-16 12:59:09,20303670
2026-04-16 12:59:59,20229948
2026-04-16 13:00:50,20097304
2026-04-16 13:01:40,20042883
2026-04-16 13:02:30,19983943
2026-04-16 13:03:21,19916767
2026-04-16 13:04:11,19768526
2026-04-16 13:05:03,19818715
2026-04-16 13:05:54,19876075
2026-04-16 13:06:44,19895296
2026-04-16 13:07:34,19847413
2026-04-16 13:08:24,19816884
2026-04-16 13:09:14,19800456
2026-04-16 13:10:04,19638462
2026-04-16 13:10:55,19592683
2026-04-16 13:11:45,19559918
2026-04-16 13:12:35,19551532
2026-04-16 13:13:25,19526993
2026-04-16 13:14:15,19588130
2026-04-16 13:15:06,19595767
2026-04-16 13:15:56,19688129
2026-04-16 13:16:46,19726006
2026-04-16 13:17:37,19784568
2026-04-16 13:18:27,19776185
2026-04-16 13:19:17,19725785
2026-04-16 13:20:08,19704368
2026-04-16 13:20:58,19622751
2026-04-16 13:21:49,19693640
2026-04-16 13:22:39,19673769
2026-04-16 13:23:29,19628541
2026-04-16 13:24:20,19646691
2026-04-16 13:25:10,19543659
2026-04-16 13:26:03,19458472
2026-04-16 13:26:54,19467583
2026-04-16 13:27:44,19482683
2026-04-16 13:28:34,19477305
2026-04-16 13:29:24,19433562
2026-04-16 13:30:15,19431826
2026-04-16 13:31:06,19456066
2026-04-16 13:31:56,19459370
2026-04-16 13:32:46,19517201
2026-04-16 13:33:37,19482494
2026-04-16 13:34:27,19593750
2026-04-16 13:35:18,19620337
2026-04-16 13:36:08,19544428
2026-04-16 13:36:59,19599828
2026-04-16 13:37:49,19601694
2026-04-16 13:38:39,19586456
2026-04-16 13:39:30,19593200
2026-04-16 13:40:21,19589897
2026-04-16 13:41:11,19620247
2026-04-16 13:42:03,19585095
2026-04-16 13:42:54,19608349
2026-04-16 13:43:44,19535755
2026-04-16 13:44:34,19644388
2026-04-16 13:45:25,19571704
2026-04-16 13:46:15,19618012
2026-04-16 13:47:06,19624717
2026-04-16 13:47:56,19584877
2026-04-16 13:48:47,19539497
2026-04-16 13:49:37,19599207
2026-04-16 13:50:28,19538771
2026-04-16 13:51:18,19570217
2026-04-16 13:52:09,19606784
2026-04-16 13:52:59,19532561
2026-04-16 13:53:49,19548848
2026-04-16 13:54:39,19478538
2026-04-16 13:55:30,19502250
2026-04-16 13:56:20,19502240
2026-04-16 13:57:11,19407989
2026-04-16 13:58:03,19445505
2026-04-16 13:58:54,19455244
2026-04-16 13:59:44,19436810
2026-04-16 14:00:35,19381863
2026-04-16 14:01:25,19347710
2026-04-16 14:02:15,19228180
2026-04-16 14:03:05,19018151
2026-04-16 14:03:56,19036514
2026-04-16 14:04:46,18995066
2026-04-16 14:05:37,19036704
2026-04-16 14:06:27,19019210
2026-04-16 14:07:18,19048240
2026-04-16 14:08:08,19108759
2026-04-16 14:08:59,19233088
2026-04-16 14:09:49,19155754
2026-04-16 14:10:39,19209374
2026-04-16 14:11:29,19120582
2026-04-16 14:12:20,19140903
2026-04-16 14:13:11,19145453
2026-04-16 14:14:03,19180173
2026-04-16 14:14:54,19132958
2026-04-16 14:15:44,19166817
2026-04-16 14:16:35,19171559
2026-04-16 14:17:25,19262587
2026-04-16 14:18:15,19219105
2026-04-16 14:19:06,19245062
2026-04-16 14:19:56,19254362
2026-04-16 14:20:47,19248973
2026-04-16 14:21:37,19383086
2026-04-16 14:22:28,19383864
2026-04-16 14:23:18,19389901
2026-04-16 14:24:08,19468266
2026-04-16 14:24:59,19405042
2026-04-16 14:25:49,19425510
2026-04-16 14:26:40,19369833
2026-04-16 14:27:30,19430750
2026-04-16 14:28:21,19375799
2026-04-16 14:29:11,19420289
2026-04-16 14:30:03,19412166
2026-04-16 14:30:54,19512493
2026-04-16 14:31:44,19550927
2026-04-16 14:32:34,19478831
2026-04-16 14:33:24,19537503
2026-04-16 14:34:14,19599521
2026-04-16 14:35:05,19557164
2026-04-16 14:35:56,19421966
2026-04-16 14:36:46,19453604
2026-04-16 14:37:36,19397844
2026-04-16 14:38:26,19436527
2026-04-16 14:39:17,19468112
2026-04-16 14:40:07,19553791
2026-04-16 14:40:58,19506237
2026-04-16 14:41:48,19483712
2026-04-16 14:42:39,19545219
2026-04-16 14:43:29,19504631
2026-04-16 14:44:20,19505818
2026-04-16 14:45:10,19501907
2026-04-16 14:46:03,19340579
2026-04-16 14:46:53,19445229
2026-04-16 14:47:44,19383658
2026-04-16 14:48:34,19376516
2026-04-16 14:49:24,19366773
2026-04-16 14:50:15,19442324
2026-04-16 14:51:05,19506117
2026-04-16 14:51:55,19493092
2026-04-16 14:52:45,19513463
2026-04-16 14:53:36,19508762
2026-04-16 14:54:26,19488872
2026-04-16 14:55:16,19501726
2026-04-16 14:56:06,19476196
2026-04-16 14:56:56,19556056
2026-04-16 14:57:46,19554610
2026-04-16 14:58:36,19634231
2026-04-16 14:59:26,19568461
2026-04-16 15:00:17,19596628
2026-04-16 15:01:07,19648063
2026-04-16 15:01:57,19652474
2026-04-16 15:02:47,19713002
2026-04-16 15:03:38,19645397
2026-04-16 15:04:28,19682952
2026-04-16 15:05:18,19666864
2026-04-16 15:06:08,19547464
2026-04-16 15:06:58,19657972
2026-04-16 15:07:48,19594927
2026-04-16 15:08:38,19558122
2026-04-16 15:09:28,19618301
2026-04-16 15:10:19,19629910
2026-04-16 15:11:09,19606765
2026-04-16 15:11:59,19701355
2026-04-16 15:12:49,19663858
2026-04-16 15:13:40,19744228
2026-04-16 15:14:30,19723002
2026-04-16 15:15:20,19730186
2026-04-16 15:16:10,19680666
2026-04-16 15:17:03,19745087
2026-04-16 15:17:53,19677543
2026-04-16 15:18:43,19782283
2026-04-16 15:19:33,19760086
2026-04-16 15:20:23,19774978
2026-04-16 15:21:13,19774978
2026-04-16 15:22:04,19774978
2026-04-16 15:22:54,19774978
2026-04-16 15:23:44,19774978
2026-04-16 15:24:34,19774978
2026-04-16 15:25:24,19774978
2026-04-16 15:26:14,19774978
2026-04-16 15:27:04,19774978
2026-04-16 15:27:54,19774978
2026-04-16 15:28:44,19774978
2026-04-16 15:29:34,19774978
2026-04-16 15:30:25,19893121
2026-04-16 15:31:15,19893121
2026-04-16 15:32:05,19893121
2026-04-16 15:32:56,19893121
2026-04-16 15:33:46,19893121
2026-04-16 15:34:36,19893121
2026-04-16 15:35:27,19893121
2026-04-16 15:36:17,19893121
2026-04-16 15:37:07,19893121
2026-04-16 15:37:57,19893121
2026-04-16 15:38:48,19893121
2026-04-16 15:39:38,19893121
2026-04-16 15:40:29,19904977
2026-04-16 15:41:20,19836524
2026-04-16 15:42:10,19896993
2026-04-16 15:43:03,19881923
2026-04-16 15:44:57,19924936
2026-04-16 15:45:47,19960256
2026-04-16 15:46:38,19920445
2026-04-16 15:47:28,19932920
2026-04-16 15:48:19,19913560
2026-04-16 15:49:09,19858880
2026-04-16 15:50:03,19801006
2026-04-16 15:50:54,19873750
2026-04-16 15:51:44,19886225
2026-04-16 15:52:35,19878241
2026-04-16 15:53:25,19810487
2026-04-16 15:54:15,19878241
2026-04-16 15:55:05,19878241
2026-04-16 15:55:52,19791126
2026-04-16 15:56:43,19861475
2026-04-16 15:57:34,19906874
2026-04-16 15:58:24,19919349
2026-04-16 15:59:14,19831534
2026-04-16 16:00:07,19834129
2026-04-16 16:00:57,19892003
2026-04-16 16:01:47,19892003
2026-04-16 16:02:37,19882123
2026-04-16 16:03:27,19816265
2026-04-16 16:04:17,19882123
2026-04-16 16:05:07,19921944
2026-04-16 16:05:58,19913960
2026-04-16 16:06:48,19913960
2026-04-16 16:07:38,19856086
2026-04-16 16:08:28,19925337
2026-04-16 16:09:18,19854988
2026-04-16 16:10:09,19927932
2026-04-16 16:10:59,19960656
2026-04-16 16:11:49,19960656
2026-04-16 16:12:39,19948181
2026-04-16 16:13:29,19860377
2026-04-16 16:14:19,19890307
2026-04-16 16:15:09,19982611
2026-04-16 16:16:03,19990595
2026-04-16 16:16:53,19978120
2026-04-16 16:17:43,20037890
2026-04-16 16:18:33,19988000
2026-04-16 16:19:23,20045874
2026-04-16 16:20:14,20018530
2026-04-16 16:21:05,20018530
2026-04-16 16:21:55,20033399
2026-04-16 16:22:45,20048469
2026-04-16 16:23:35,19975725
2026-04-16 16:24:25,20041583
2026-04-16 16:25:15,20021125
2026-04-16 16:26:05,20036193
2026-04-16 16:26:55,20014248
2026-04-16 16:27:45,20014248
2026-04-16 16:28:35,20014248
2026-04-16 16:29:25,20014248
2026-04-16 16:30:16,19956374
2026-04-16 16:31:06,20014248
2026-04-16 16:31:56,20014248
2026-04-16 16:32:46,20014248
2026-04-16 16:33:36,19941305
2026-04-16 16:34:27,20038988
2026-04-16 16:35:17,20038988
2026-04-16 16:36:07,20048469
2026-04-16 16:36:57,20041583
2026-04-16 16:37:48,20041583
2026-04-16 16:38:38,20053858
2026-04-16 16:39:28,20058348
2026-04-16 16:40:18,20068927
2026-04-16 16:41:08,20060943
2026-04-16 16:41:59,20116222
2026-04-16 16:42:49,20139068
2026-04-16 16:43:39,20114327
2026-04-16 16:44:29,20060943
2026-04-16 16:45:19,20154137
2026-04-16 16:46:09,20068927
2026-04-16 16:46:59,20151542
2026-04-16 16:47:49,20093668
2026-04-16 16:48:39,20148947
2026-04-16 16:49:29,20146153
2026-04-16 16:50:20,20124206
2026-04-16 16:51:10,20085684
2026-04-16 16:52:03,20085684
2026-04-16 16:52:53,20139068
2026-04-16 16:53:26,20081194
2026-04-16 16:54:17,20124206
2026-04-16 16:55:08,20058348
2026-04-16 16:55:58,20058348
2026-04-16 16:56:48,20096862
2026-04-16 16:57:39,20066332
2026-04-16 16:58:29,20116222
2026-04-16 16:59:19,20053858
2026-04-16 17:00:10,20111732
2026-04-16 17:00:39,20124206
2026-04-16 17:01:31,20081793
2026-04-16 17:02:21,20063737
2026-04-16 17:03:11,20121611
2026-04-16 17:04:03,20101153
2026-04-16 17:04:53,20084388
2026-04-16 17:05:43,20028409
2026-04-16 17:06:33,20101153
2026-04-16 17:07:23,20084388
2026-04-16 17:08:13,20096862
2026-04-16 17:09:03,20063737
2026-04-16 17:09:53,20096862
2026-04-16 17:10:44,20031004
2026-04-16 17:11:34,20038988
2026-04-16 17:12:14,20063737
2026-04-16 17:13:06,20066332
2026-04-16 17:13:56,20053858
2026-04-16 17:14:46,20058348
2026-04-16 17:15:37,20081793
2026-04-16 17:16:27,20124206
2026-04-16 17:16:45,20124206
2026-04-16 17:17:36,20124206
2026-04-16 17:18:26,20101153
2026-04-16 17:19:16,20111732
2026-04-16 17:20:06,20063737
2026-04-16 17:20:57,20088878
2026-04-16 17:21:47,20043279
2026-04-16 17:22:38,20038988
2026-04-16 17:23:28,20053858
2026-04-16 17:24:18,20053858
2026-04-16 17:25:08,20088878
2026-04-16 17:25:58,20124206
2026-04-16 17:26:48,20121611
2026-04-16 17:27:38,20088878
2026-04-16 17:28:29,20096862
2026-04-16 17:29:19,20063737
2026-04-16 17:30:09,20113627
2026-04-16 17:31:03,20058348
2026-04-16 17:31:53,20038988
2026-04-16 17:32:43,20058348
2026-04-16 17:33:33,20058348
2026-04-16 17:34:24,20066332
2026-04-16 17:35:14,19978519
2026-04-16 17:36:04,19988000
2026-04-16 17:36:54,20055753
2026-04-16 17:37:44,19993389
2026-04-16 17:38:35,19966045
2026-04-16 17:39:25,20053858
2026-04-16 17:40:15,20018530
2026-04-16 17:41:05,20000474
2026-04-16 17:41:56,20038988
2026-04-16 17:42:46,19988000
2026-04-16 17:43:36,20066332
2026-04-16 17:44:26,19973130
2026-04-16 17:45:16,20028409
2026-04-16 17:46:06,20026514
2026-04-16 17:46:56,20023919
2026-04-16 17:47:46,19966045
2026-04-16 17:48:36,20038988
2026-04-16 17:49:26,19973130
2026-04-16 17:50:17,20038988
2026-04-16 17:51:07,20028409
2026-04-16 17:51:57,20023919
2026-04-16 17:52:47,20023919
2026-04-16 17:53:37,19970535
2026-04-16 17:54:27,20040684
2026-04-16 17:55:17,20023919
2026-04-16 17:56:08,20023919
2026-04-16 17:56:58,20028409
2026-04-16 17:57:48,20063737
2026-04-16 17:58:38,20043279
2026-04-16 17:59:28,20063737
2026-04-16 18:00:18,19970535
2026-04-16 18:01:09,20036393
2026-04-16 18:01:59,20066332
2026-04-16 18:02:49,20005863
2026-04-16 18:03:39,20053158
2026-04-16 18:04:29,20043279
2026-04-16 18:05:19,20063737
2026-04-16 18:06:09,20063737
2026-04-16 18:07:03,20063737
2026-04-16 18:07:53,20063737
2026-04-16 18:08:43,20055753
2026-04-16 18:09:33,20063737
2026-04-16 18:10:23,20101153
2026-04-16 18:11:14,20094267
2026-04-16 18:12:04,20063737
2026-04-16 18:12:54,20063737
2026-04-16 18:13:44,20103748
2026-04-16 18:14:34,20055753
2026-04-16 18:15:24,20081793
2026-04-16 18:16:14,20124206
2026-04-16 18:17:04,20121611
2026-04-16 18:17:54,20096862
2026-04-16 18:18:44,20116222
2026-04-16 18:19:35,20124206
2026-04-16 18:20:26,20121611
2026-04-16 18:21:16,20121611
2026-04-16 18:22:06,20121611
2026-04-16 18:22:56,20063737
2026-04-16 18:23:46,20051263
2026-04-16 18:24:37,20109137
2026-04-16 18:25:27,20048668
2026-04-16 18:26:17,20094267
2026-04-16 18:27:07,20121611
2026-04-16 18:27:58,20085684
2026-04-16 18:28:49,20124206
2026-04-16 18:29:39,20139068
2026-04-16 18:30:29,20121611
2026-04-16 18:31:19,20081194
2026-04-16 18:32:10,20081194
2026-04-16 18:33:03,20066332
2026-04-16 18:33:53,20121611
2026-04-16 18:34:44,20139068
2026-04-16 18:35:34,20093668
2026-04-16 18:36:24,20091073
2026-04-16 18:37:15,20151542
2026-04-16 18:38:05,20124206
2026-04-16 18:38:55,20148947
2026-04-16 18:39:46,20143558
2026-04-16 18:40:36,20091073
2026-04-16 18:41:26,20139068
2026-04-16 18:42:16,20151542
2026-04-16 18:43:06,20169008
2026-04-16 18:43:57,20123608
2026-04-16 18:44:47,20200843
2026-04-16 18:45:37,20138479
2026-04-16 18:46:27,20196353
2026-04-16 18:47:18,20208827
2026-04-16 18:48:08,20204337
2026-04-16 18:48:59,20189466
2026-04-16 18:49:49,20208827
2026-04-16 18:50:40,20119118
2026-04-16 18:51:30,20176992
2026-04-16 18:52:21,20169008
2026-04-16 18:53:11,20189466
2026-04-16 18:54:03,20189466
2026-04-16 18:54:53,20154137
2026-04-16 18:55:43,20176992
2026-04-16 18:56:33,20189466
2026-04-16 18:57:24,20119118
2026-04-16 18:58:14,20131592
2026-04-16 18:59:04,20189466
2026-04-16 18:59:54,20204337
2026-04-16 19:00:45,20214216
2026-04-16 19:01:35,20131592
2026-04-16 19:02:25,20204337
2026-04-16 19:03:16,20197450
2026-04-16 19:04:06,20131592
2026-04-16 19:04:57,20197450
2026-04-16 19:05:47,20224795
2026-04-16 19:06:38,20189466
2026-04-16 19:07:28,20158937
2026-04-16 19:08:19,20224795
2026-04-16 19:09:09,20224795
2026-04-16 19:09:59,20237271
2026-04-16 19:10:50,20231881
2026-04-16 19:11:40,20229287
2026-04-16 19:12:31,20216811
2026-04-16 19:13:21,20212520
2026-04-16 19:14:12,20209926
2026-04-16 19:15:03,20297749
2026-04-16 19:15:55,20297749
2026-04-16 19:16:46,20295155
2026-04-16 19:17:36,20219405
2026-04-16 19:18:26,20325085
2026-04-16 19:19:17,20277289
2026-04-16 19:20:07,20325085
2026-04-16 19:20:58,20289765
2026-04-16 19:21:48,20325085
2026-04-16 19:22:39,20325085
2026-04-16 19:23:29,20242460
2026-04-16 19:24:20,20317101
2026-04-16 19:25:10,20327680
2026-04-16 19:26:03,20277289
2026-04-16 19:26:53,20261812
2026-04-16 19:27:44,20279884
2026-04-16 19:28:34,20261812
2026-04-16 19:29:25,20327680
2026-04-16 19:30:15,20315204
2026-04-16 19:31:05,20284167
2026-04-16 19:31:56,20299236
2026-04-16 19:32:46,20206032
2026-04-16 19:33:36,20233368
2026-04-16 19:34:26,20228878
2026-04-16 19:35:17,20181083
2026-04-16 19:36:07,20173099
2026-04-16 19:36:58,20220404
2026-04-16 19:37:48,20145754
2026-04-16 19:38:38,20152640
2026-04-16 19:39:29,20172600
2026-04-16 19:40:20,20157131
2026-04-16 19:41:10,20207929
2026-04-16 19:42:03,20195654
2026-04-16 19:42:53,20135175
2026-04-16 19:43:43,20154536
2026-04-16 19:44:33,20142061
2026-04-16 19:45:23,20212420
2026-04-16 19:46:14,20134077
2026-04-16 19:47:04,20104138
2026-04-16 19:47:54,20088469
2026-04-16 19:48:45,20123509
2026-04-16 19:49:35,20080495
2026-04-16 19:50:27,20115525
2026-04-16 19:51:17,20115525
2026-04-16 19:52:07,20057651
2026-04-16 19:52:58,20075704
2026-04-16 19:53:48,20047072
2026-04-16 19:54:38,20120914
2026-04-16 19:55:29,20141363
2026-04-16 19:56:19,20091473
2026-04-16 19:57:09,20166803
2026-04-16 19:58:03,20168699
2026-04-16 19:58:53,20171294
2026-04-16 19:59:44,20221204
2026-04-17 08:00:10,20870563
2026-04-17 08:01:03,20783757
2026-04-17 08:01:53,20965552
2026-04-17 08:02:43,20957977
2026-04-17 08:03:33,20938914
2026-04-17 08:04:23,20954882
2026-04-17 08:05:13,20940921
2026-04-17 08:06:04,21081011
2026-04-17 08:06:54,21211230
2026-04-17 08:07:44,21155941
2026-04-17 08:08:34,21037608
2026-04-17 08:09:24,20937329
2026-04-17 08:10:15,20952987
2026-04-17 08:11:05,20874654
2026-04-17 08:11:55,20907788
2026-04-17 08:12:45,20799525
2026-04-17 08:13:35,20796930
2026-04-17 08:14:25,20863587
2026-04-17 08:15:15,20765892
2026-04-17 08:16:05,20668597
2026-04-17 08:16:56,20550653
2026-04-17 08:17:46,20525904
2026-04-17 08:18:36,20689955
2026-04-17 08:19:26,20589665
2026-04-17 08:20:17,20564924
2026-04-17 08:21:07,20628187
2026-04-17 08:21:57,20613318
2026-04-17 08:22:47,20588568
2026-04-17 08:23:37,20568108
2026-04-17 08:24:27,20719195
2026-04-17 08:25:17,20751929
2026-04-17 08:26:08,20751929
2026-04-17 08:26:58,20819684
2026-04-17 08:27:48,20858197
2026-04-17 08:28:38,20797728
2026-04-17 08:29:28,20797728
2026-04-17 08:30:19,20732958
2026-04-17 08:31:09,20705622
2026-04-17 08:31:59,20687768
2026-04-17 08:32:49,20710812
2026-04-17 08:33:40,20683468
2026-04-17 08:34:30,20713407
2026-04-17 08:35:20,20615714
2026-04-17 08:36:10,20668208
2026-04-17 08:37:03,20680673
2026-04-17 08:37:53,20625993
2026-04-17 08:38:43,20664505
2026-04-17 08:39:34,20609226
2026-04-17 08:40:24,20659116
2026-04-17 08:41:15,20636572
2026-04-17 08:42:05,20679386
2026-04-17 08:42:55,20653338
2026-04-17 08:43:45,20773875
2026-04-17 08:44:35,20801211
2026-04-17 08:45:25,20788746
2026-04-17 08:46:15,20813497
2026-04-17 08:47:05,20873965
2026-04-17 08:47:56,20878446
2026-04-17 08:48:46,20780762
2026-04-17 08:49:36,20760302
2026-04-17 09:01:17,19956266
2026-04-17 09:02:08,19588473
2026-04-17 09:02:58,19388862
2026-04-17 09:03:48,19195135
2026-04-17 09:04:38,19181921
2026-04-17 09:05:28,19194486
2026-04-17 09:06:18,19127176
2026-04-17 09:07:08,19135968
2026-04-17 09:07:59,19181785
2026-04-17 09:08:49,19218531
2026-04-17 09:09:39,19402611
2026-04-17 09:10:29,19523652
2026-04-17 09:11:19,19578383
2026-04-17 09:12:10,19583053
2026-04-17 09:13:03,19670884
2026-04-17 09:13:53,19601377
2026-04-17 09:14:43,19684178
2026-04-17 09:15:33,19731144
2026-04-17 09:16:23,19543422
2026-04-17 09:17:14,19438741
2026-04-17 09:18:04,19612367
2026-04-17 09:18:54,19921198
2026-04-17 09:19:44,19909809
2026-04-17 09:20:34,19876746
2026-04-17 09:21:24,19844361
2026-04-17 09:22:14,19690449
2026-04-17 09:23:05,19726655
2026-04-17 09:23:55,19738181
2026-04-17 09:24:45,19831006
2026-04-17 09:25:35,19773392
2026-04-17 09:26:25,19835707
2026-04-17 09:27:15,19835368
2026-04-17 09:28:05,19757524
2026-04-17 09:28:55,19554220
2026-04-17 09:29:45,19469221
2026-04-17 09:30:36,19494122
2026-04-17 09:31:26,19453203
2026-04-17 09:32:16,19514781
2026-04-17 09:33:06,19548513
2026-04-17 09:33:56,19483803
2026-04-17 09:34:46,19450749
2026-04-17 09:35:36,19414372
2026-04-17 09:36:27,19493243
2026-04-17 09:37:17,19349920
2026-04-17 09:38:07,19313931
2026-04-17 09:38:57,19341167
2026-04-17 09:39:47,19346368
2026-04-17 09:40:38,19371718
2026-04-17 09:41:28,19451457
2026-04-17 09:42:18,19602445
2026-04-17 09:43:08,19710269
2026-04-17 09:43:58,19720838
2026-04-17 09:44:48,19692654
2026-04-17 09:45:38,19688642
2026-04-17 09:46:28,19797953
2026-04-17 09:47:18,19939649
2026-04-17 09:48:08,19844349
2026-04-17 09:48:59,19813200
2026-04-17 09:49:49,19867621
2026-04-17 09:50:39,19951524
2026-04-17 09:51:29,19715129
2026-04-17 09:52:19,19744461
2026-04-17 09:53:09,19715430
2026-04-17 09:54:03,19613122
2026-04-17 09:54:53,19589202
2026-04-17 09:55:43,19489830
2026-04-17 09:56:33,19415741
2026-04-17 09:57:23,19400480
2026-04-17 09:58:13,19354532
2026-04-17 09:59:03,19316678
2026-04-17 09:59:53,19308066
2026-04-17 10:00:44,19338166
2026-04-17 10:01:34,19389034
2026-04-17 10:02:24,19266588
2026-04-17 10:03:14,19199562
2026-04-17 10:04:05,19194618
2026-04-17 10:04:55,19189832
2026-04-17 10:05:45,19215300
2026-04-17 10:06:35,19262258
2026-04-17 10:07:25,19234484
2026-04-17 10:08:15,19313594
2026-04-17 10:09:05,19253125
2026-04-17 10:09:56,19219322
2026-04-17 10:10:46,19186289
2026-04-17 10:11:36,19103854
2026-04-17 10:12:26,19090082
2026-04-17 10:13:17,19038294
2026-04-17 10:14:07,19034694
2026-04-17 10:14:57,19014933
2026-04-17 10:15:47,19102876
2026-04-17 10:16:37,19005173
2026-04-17 10:17:27,19054754
2026-04-17 10:18:18,19064792
2026-04-17 10:19:08,18971630
2026-04-17 10:19:58,19009862
2026-04-17 10:20:48,19065112
2026-04-17 10:21:38,19122087
2026-04-17 10:22:29,19128228
2026-04-17 10:23:19,19188622
2026-04-17 10:24:09,19084902
2026-04-17 10:24:59,19126641
2026-04-17 10:25:49,19186061
2026-04-17 10:26:39,19247056
2026-04-17 10:27:29,19305052
2026-04-17 10:28:19,19393324
2026-04-17 10:29:09,19430619
2026-04-17 10:29:59,19567872
2026-04-17 10:30:50,19428065
2026-04-17 10:31:40,19436856
2026-04-17 10:32:30,19448745
2026-04-17 10:33:20,19448054
2026-04-17 10:34:11,19404214
2026-04-17 10:35:03,19456408
2026-04-17 10:35:53,19498795
2026-04-17 10:36:43,19477318
2026-04-17 10:37:33,19416999
2026-04-17 10:38:23,19398765
2026-04-17 10:39:13,19383505
2026-04-17 10:40:03,19349534
2026-04-17 10:40:54,19351229
2026-04-17 10:41:44,19348544
2026-04-17 10:42:34,19275939
2026-04-17 10:43:24,19290301
2026-04-17 10:44:14,19232309
2026-04-17 10:45:05,19285591
2026-04-17 10:45:55,19226501
2026-04-17 10:46:45,19246538
2026-04-17 10:47:35,19173893
2026-04-17 10:48:25,19245091
2026-04-17 10:49:15,19258912
2026-04-17 10:50:05,19236468
2026-04-17 10:50:56,19314181
2026-04-17 10:51:46,19328113
2026-04-17 10:52:36,19274440
2026-04-17 10:53:26,19227697
2026-04-17 10:54:16,19287476
2026-04-17 10:55:07,19312756
2026-04-17 10:55:57,19308753
2026-04-17 10:56:47,19265617
2026-04-17 10:57:37,19308384
2026-04-17 10:58:27,19318714
2026-04-17 10:59:17,19434810
2026-04-17 11:00:07,19449420
2026-04-17 11:00:58,19518379
2026-04-17 11:01:48,19564108
2026-04-17 11:02:38,19547840
2026-04-17 11:03:28,19564078
2026-04-17 11:04:18,19536526
2026-04-17 11:05:08,19654756
2026-04-17 11:05:58,19696934
2026-04-17 11:06:49,19712379
2026-04-17 11:07:39,19693342
2026-04-17 11:08:29,19642083
2026-04-17 11:09:19,19576017
2026-04-17 11:10:09,19535487
2026-04-17 11:11:03,19570787
2026-04-17 11:11:53,19591784
2026-04-17 11:12:43,19566194
2026-04-17 11:13:33,19597053
2026-04-17 11:14:23,19636526
2026-04-17 11:15:13,19639419
2026-04-17 11:16:03,19555777
2026-04-17 11:16:53,19674538
2026-04-17 11:17:44,19663702
2026-04-17 11:18:34,19580188
2026-04-17 11:19:24,19663412
2026-04-17 11:20:14,19691364
2026-04-17 11:21:05,19693871
2026-04-17 11:21:55,19685268
2026-04-17 11:22:45,19644349
2026-04-17 11:23:35,19602005
2026-04-17 11:24:25,19589719
2026-04-17 11:25:15,19576527
2026-04-17 11:26:05,19567555
2026-04-17 11:26:55,19502844
2026-04-17 11:27:45,19526188
2026-04-17 11:28:35,19447902
2026-04-17 11:29:26,19556446
2026-04-17 11:30:16,19530178
2026-04-17 11:31:06,19529859
2026-04-17 11:31:57,19451476
2026-04-17 11:32:47,19555605
2026-04-17 11:33:37,19581075
2026-04-17 11:34:27,19561273
2026-04-17 11:35:17,19546575
2026-04-17 11:36:07,19545656
2026-04-17 11:36:58,19497212
2026-04-17 11:37:48,19598190
2026-04-17 11:38:38,19557454
2026-04-17 11:39:28,19593650
2026-04-17 11:40:19,19592423
2026-04-17 11:41:09,19538791
2026-04-17 11:41:59,19531706
2026-04-17 11:42:49,19453940
2026-04-17 11:43:39,19471745
2026-04-17 11:44:29,19546925
2026-04-17 11:45:19,19506656
2026-04-17 11:46:09,19480867
2026-04-17 11:46:59,19453232
2026-04-17 11:47:49,19443102
2026-04-17 11:48:39,19433771
2026-04-17 11:49:30,19354500
2026-04-17 11:50:20,19410818
2026-04-17 11:51:10,19407175
2026-04-17 11:52:03,19398579
2026-04-17 11:52:53,19320646
2026-04-17 11:53:43,19380338
2026-04-17 11:54:33,19355369
2026-04-17 11:55:23,19369885
2026-04-17 11:56:13,19359244
2026-04-17 11:57:03,19310661
2026-04-17 11:57:53,19353354
2026-04-17 11:58:43,19332028
2026-04-17 11:59:33,19285931
2026-04-17 12:00:24,19306349
2026-04-17 12:01:14,19304135
2026-04-17 12:02:04,19434522
2026-04-17 12:02:55,19366829
2026-04-17 12:03:45,19345800
2026-04-17 12:04:35,19387088
2026-04-17 12:05:25,19293587
2026-04-17 12:06:15,19317977
2026-04-17 12:07:05,19250892
2026-04-17 12:07:55,19258985
2026-04-17 12:08:45,19234714
2026-04-17 12:09:35,19214333
2026-04-17 12:10:26,19311280
2026-04-17 12:11:16,19256284
2026-04-17 12:12:06,19209358
2026-04-17 12:12:56,19256055
2026-04-17 12:13:46,19217203
2026-04-17 12:14:37,19240725
2026-04-17 12:15:27,19238510
2026-04-17 12:16:17,19223770
2026-04-17 12:17:07,19211235
2026-04-17 12:17:57,19251873
2026-04-17 12:18:47,19174118
2026-04-17 12:19:37,19195176
2026-04-17 12:20:28,19257163
2026-04-17 12:21:18,19238041
2026-04-17 12:22:08,19224019
2026-04-17 12:22:58,19155138
2026-04-17 12:23:48,19239229
2026-04-17 12:24:38,19171584
2026-04-17 12:25:29,19113290
2026-04-17 12:26:19,19105329
2026-04-17 12:27:09,19074520
2026-04-17 12:27:59,19145628
2026-04-17 12:28:49,19158731
2026-04-17 12:29:39,19172673
2026-04-17 12:30:30,19129290
2026-04-17 12:31:20,19115348
2026-04-17 12:32:10,19106755
2026-04-17 12:33:03,19079068
2026-04-17 12:33:53,19102763
2026-04-17 12:34:43,19020587
2026-04-17 12:35:34,18976825
2026-04-17 12:36:24,18970389
2026-04-17 12:37:14,18953802
2026-04-17 12:38:04,19029331
2026-04-17 12:38:54,18991337
2026-04-17 12:39:44,19048093
2026-04-17 12:40:35,19072444
2026-04-17 12:41:25,18989999
2026-04-17 12:42:15,18981415
2026-04-17 12:43:05,19081805
2026-04-17 12:43:55,18983611
2026-04-17 12:44:45,18962343
2026-04-17 12:45:35,18993571
2026-04-17 12:46:25,19058950
2026-04-17 12:47:16,19050546
2026-04-17 12:48:06,19010528
2026-04-17 12:48:56,18988002
2026-04-17 12:49:46,18969919
2026-04-17 12:50:37,18928856
2026-04-17 12:51:27,19053176
2026-04-17 12:52:17,19033005
2026-04-17 12:53:07,19080210
2026-04-17 12:53:57,19051849
2026-04-17 12:54:47,19057028
2026-04-17 12:55:37,19089344
2026-04-17 12:56:27,19147019
2026-04-17 12:57:17,19122656
2026-04-17 12:58:07,19088235
2026-04-17 12:58:58,19068825
2026-04-17 12:59:48,19099233
2026-04-17 13:00:38,19094166
2026-04-17 13:01:29,19024294
2026-04-17 13:02:19,18968176
2026-04-17 13:03:09,19021179
2026-04-17 13:03:59,19017676
2026-04-17 13:04:49,19002059
2026-04-17 13:05:39,19113117
2026-04-17 13:06:29,19047138
2026-04-17 13:07:19,19116569
2026-04-17 13:08:10,19099633
2026-04-17 13:09:03,19178545
2026-04-17 13:09:53,19171060
2026-04-17 13:10:44,19128795
2026-04-17 13:11:34,19038335
2026-04-17 13:12:24,19056031
2026-04-17 13:13:14,19140192
2026-04-17 13:14:04,19197208
2026-04-17 13:14:55,19211708
2026-04-17 13:15:45,19165251
2026-04-17 13:16:35,19225650
2026-04-17 13:17:25,19247516
2026-04-17 13:18:15,19212686
2026-04-17 13:19:05,19313383
2026-04-17 13:19:55,19337425
2026-04-17 13:20:46,19373353
2026-04-17 13:21:37,19366357
2026-04-17 13:22:27,19445270
2026-04-17 13:23:17,19347874
2026-04-17 13:24:07,19466756
2026-04-17 13:24:57,19363612
2026-04-17 13:25:47,19319671
2026-04-17 13:26:37,19374352
2026-04-17 13:27:28,19343923
2026-04-17 13:28:18,19374332
2026-04-17 13:29:08,19464151
2026-04-17 13:29:58,19476447
2026-04-17 13:30:49,19430609
2026-04-17 13:31:39,19420618
2026-04-17 13:32:29,19427275
2026-04-17 13:33:19,19454422
2026-04-17 13:34:10,19491007
2026-04-17 13:35:03,19475579
2026-04-17 13:35:53,19442784
2026-04-17 13:36:43,19541806
2026-04-17 13:37:33,19550888
2026-04-17 13:38:23,19497086
2026-04-17 13:39:14,19406028
2026-04-17 13:40:04,19406358
2026-04-17 13:40:55,19296338
2026-04-17 13:41:45,19345510
2026-04-17 13:42:35,19446427
2026-04-17 13:43:25,19444940
2026-04-17 13:44:15,19455469
2026-04-17 13:45:05,19403812
2026-04-17 13:45:55,19393354
2026-04-17 13:46:46,19448813
2026-04-17 13:47:36,19550081
2026-04-17 13:48:26,19440230
2026-04-17 13:49:16,19551128
2026-04-17 13:50:06,19518103
2026-04-17 13:50:57,19537296
2026-04-17 13:51:47,19533034
2026-04-17 13:52:37,19493723
2026-04-17 13:53:27,19567633
2026-04-17 13:54:18,19620986
2026-04-17 13:55:08,19579790
2026-04-17 13:55:58,19660208
2026-04-17 13:56:48,19575517
2026-04-17 13:57:38,19469082
2026-04-17 13:58:28,19430350
2026-04-17 13:59:18,19481167
2026-04-17 14:00:09,19573454
2026-04-17 14:01:03,19518113
2026-04-17 14:01:53,19424083
2026-04-17 14:02:43,19360791
2026-04-17 14:03:33,19382067
2026-04-17 14:04:23,19297966
2026-04-17 14:05:13,19283705
2026-04-17 14:06:03,19390111
2026-04-17 14:06:54,19329183
2026-04-17 14:07:44,19303105
2026-04-17 14:08:34,19477325
2026-04-17 14:09:24,19561767
2026-04-17 14:10:15,19512386
2026-04-17 14:11:05,19484551
2026-04-17 14:11:55,19542625
2026-04-17 14:12:45,19467955
2026-04-17 14:13:35,19396208
2026-04-17 14:14:26,19407307
2026-04-17 14:15:16,19358253
2026-04-17 14:16:06,19315090
2026-04-17 14:16:56,19351358
2026-04-17 14:17:46,19384204
2026-04-17 14:18:36,19301979
2026-04-17 14:19:26,19291509
2026-04-17 14:20:17,19261807
2026-04-17 14:21:07,19383973
2026-04-17 14:21:58,19326130
2026-04-17 14:22:48,19386178
2026-04-17 14:23:38,19378574
2026-04-17 14:24:28,19455460
2026-04-17 14:25:18,19414603
2026-04-17 14:26:08,19354013
2026-04-17 14:26:59,19449023
2026-04-17 14:27:49,19411290
2026-04-17 14:28:39,19531128
2026-04-17 14:29:29,19557555
2026-04-17 14:30:20,19470270
2026-04-17 14:31:10,19524341
2026-04-17 14:32:03,19539142
2026-04-17 14:32:53,19582166
2026-04-17 14:33:43,19580669
2026-04-17 14:34:34,19576488
2026-04-17 14:35:24,19638693
2026-04-17 14:36:14,19656437
2026-04-17 14:37:04,19714491
2026-04-17 14:37:55,19690120
2026-04-17 14:38:45,19753523
2026-04-17 14:39:35,19715460
2026-04-17 14:40:26,19646387
2026-04-17 14:41:16,19633613
2026-04-17 14:42:06,19575070
2026-04-17 14:42:56,19565699
2026-04-17 14:43:46,19632436
2026-04-17 14:44:37,19560310
2026-04-17 14:45:27,19567805
2026-04-17 14:46:17,19534560
2026-04-17 14:47:07,19588790
2026-04-17 14:47:57,19494791
2026-04-17 14:48:47,19463064
2026-04-17 14:49:37,19414759
2026-04-17 14:50:28,19337514
2026-04-17 14:51:18,19370538
2026-04-17 14:52:08,19350957
2026-04-17 14:52:59,19440101
2026-04-17 14:53:49,19476529
2026-04-17 14:54:39,19442206
2026-04-17 14:55:29,19487606
2026-04-17 14:56:19,19493073
2026-04-17 14:57:09,19384552
2026-04-17 14:57:59,19462865
2026-04-17 14:58:49,19479700
2026-04-17 14:59:39,19392085
2026-04-17 15:00:30,19415977
2026-04-17 15:01:20,19457864
2026-04-17 15:02:10,19489189
2026-04-17 15:03:03,19429270
2026-04-17 15:03:53,19474113
2026-04-17 15:04:43,19543772
2026-04-17 15:05:33,19434063
2026-04-17 15:06:23,19438155
2026-04-17 15:07:13,19417746
2026-04-17 15:08:03,19441058
2026-04-17 15:08:54,19487115
2026-04-17 15:09:44,19546678
2026-04-17 15:10:35,19538804
2026-04-17 15:11:25,19471526
2026-04-17 15:12:15,19410489
2026-04-17 15:13:05,19428763
2026-04-17 15:13:55,19413494
2026-04-17 15:14:45,19465858
2026-04-17 15:15:36,19519401
2026-04-17 15:16:26,19528053
2026-04-17 15:17:16,19540369
2026-04-17 15:18:06,19485667
2026-04-17 15:18:56,19435321
2026-04-17 15:19:46,19490809
2026-04-17 15:20:37,19463414
2026-04-17 15:21:27,19463414
2026-04-17 15:22:17,19463414
2026-04-17 15:23:07,19463414
2026-04-17 15:23:57,19463414
2026-04-17 15:24:47,19463414
2026-04-17 15:25:38,19463414
2026-04-17 15:26:28,19463414
2026-04-17 15:27:18,19463414
2026-04-17 15:28:08,19463414
2026-04-17 15:28:58,19463414
2026-04-17 15:29:48,19463414
2026-04-17 15:30:39,19391377
2026-04-17 15:31:29,19391377
2026-04-17 15:32:20,19391377
2026-04-17 15:33:10,19391377
2026-04-17 15:34:03,19391377
2026-04-17 15:34:53,19391377
2026-04-17 15:35:43,19391377
2026-04-17 15:36:33,19391377
2026-04-17 15:37:24,19391377
2026-04-17 15:38:14,19391377
2026-04-17 15:39:04,19391377
2026-04-17 15:39:54,19391377
2026-04-17 15:40:45,19415221
2026-04-17 15:41:35,19482875
2026-04-17 15:42:25,19576078
2026-04-17 15:43:15,19452047
2026-04-17 15:44:05,19509921
2026-04-17 15:44:56,19474592
2026-04-17 15:45:46,19434582
2026-04-17 15:46:36,19418215
2026-04-17 15:47:26,19381397
2026-04-17 15:48:16,19522895
2026-04-17 15:49:06,19522895
2026-04-17 15:49:56,19537366
2026-04-17 15:50:47,19479492
2026-04-17 15:51:37,19537366
2026-04-17 15:52:28,19477995
2026-04-17 15:53:18,19444163
2026-04-17 15:54:08,19410339
2026-04-17 15:54:58,19444163
2026-04-17 15:55:48,19445660
2026-04-17 15:56:38,19428195
2026-04-17 15:57:28,19445660
2026-04-17 15:58:18,19411836
2026-04-17 15:59:09,19413333
2026-04-17 15:59:59,19320130
2026-04-17 16:00:50,19379501
2026-04-17 16:01:40,19287805
2026-04-17 16:02:30,19362036
2026-04-17 16:03:20,19320130
2026-04-17 16:04:10,19321627
2026-04-17 16:05:03,19379501
2026-04-17 16:05:54,19345679
2026-04-17 16:06:44,19286308
2026-04-17 16:07:34,19379501
2026-04-17 16:08:24,19302266
2026-04-17 16:09:14,19320130
2026-04-17 16:10:04,19336088
2026-04-17 16:10:55,19336088
2026-04-17 16:11:45,19287805
2026-04-17 16:12:35,19336088
2026-04-17 16:13:25,19345679
2026-04-17 16:14:16,19303763
2026-04-17 16:15:06,19345679
2026-04-17 16:15:56,19345679
2026-04-17 16:16:46,19286308
2026-04-17 16:17:36,19286308
2026-04-17 16:18:26,19287805
2026-04-17 16:19:16,19362036
2026-04-17 16:20:07,19286308
2026-04-17 16:20:57,19321627
2026-04-17 16:21:47,19320130
2026-04-17 16:22:37,19286308
2026-04-17 16:23:27,19318633
2026-04-17 16:24:17,19320130
2026-04-17 16:25:07,19286308
2026-04-17 16:25:58,19320130
2026-04-17 16:26:48,19378004
2026-04-17 16:27:38,19318633
2026-04-17 16:28:28,19352465
2026-04-17 16:29:18,19408842
2026-04-17 16:30:08,19411836
2026-04-17 16:30:59,19352465
2026-04-17 16:31:49,19392874
2026-04-17 16:32:39,19302665
2026-04-17 16:33:30,19318633
2026-04-17 16:34:20,19366926
2026-04-17 16:35:10,19378004
2026-04-17 16:36:03,19336088
2026-04-17 16:36:54,19393962
2026-04-17 16:37:44,19284811
2026-04-17 16:38:34,19358643
2026-04-17 16:39:24,19358643
2026-04-17 16:40:14,19302266
2026-04-17 16:41:04,19284811
2026-04-17 16:41:55,19302266
2026-04-17 16:42:45,19360140
2026-04-17 16:43:35,19360140
2026-04-17 16:44:25,19342685
2026-04-17 16:45:15,19266937
2026-04-17 16:46:05,19268434
2026-04-17 16:46:55,19286308
2026-04-17 16:47:46,19300769
2026-04-17 16:48:36,19286308
2026-04-17 16:49:26,19360140
2026-04-17 16:50:17,19358643
2026-04-17 16:51:07,19302266
2026-04-17 16:51:57,19302266
2026-04-17 16:52:47,19360140
2026-04-17 16:53:37,19360140
2026-04-17 16:54:27,19360140
2026-04-17 16:55:18,19302266
2026-04-17 16:56:08,19336088
2026-04-17 16:56:58,19300769
2026-04-17 16:57:48,19302266
2026-04-17 16:58:38,19336088
2026-04-17 16:59:28,19360140
2026-04-17 17:00:19,19336088
2026-04-17 17:01:09,19360140
2026-04-17 17:01:59,19358643
2026-04-17 17:02:50,19344182
2026-04-17 17:03:40,19393962
2026-04-17 17:04:30,19302266
2026-04-17 17:05:20,19358643
2026-04-17 17:06:10,19360140
2026-04-17 17:07:03,19376108
2026-04-17 17:07:53,19343773
2026-04-17 17:08:43,19376108
2026-04-17 17:09:34,19318234
2026-04-17 17:10:25,19408433
2026-04-17 17:11:15,19316737
2026-04-17 17:12:05,19409930
2026-04-17 17:12:55,19352056
2026-04-17 17:13:45,19409930
2026-04-17 17:14:35,19318234
2026-04-17 17:15:25,19409930
2026-04-17 17:16:15,19409930
2026-04-17 17:17:06,19318234
2026-04-17 17:17:56,19376108
2026-04-17 17:18:46,19425898
2026-04-17 17:19:36,19334202
2026-04-17 17:20:27,19424401
2026-04-17 17:21:17,19334202
2026-04-17 17:22:07,19392076
2026-04-17 17:22:57,19332705
2026-04-17 17:23:47,19441866
2026-04-17 17:24:38,19440369
2026-04-17 17:25:28,19425898
2026-04-17 17:26:18,19424401
2026-04-17 17:27:08,19441866
2026-04-17 17:27:58,19425898
2026-04-17 17:28:48,19440369
2026-04-17 17:29:39,19440369
2026-04-17 17:30:29,19440369
2026-04-17 17:31:20,19440369
2026-04-17 17:32:10,19440369
2026-04-17 17:33:03,19441866
2026-04-17 17:33:53,19440369
2026-04-17 17:34:44,19475698
2026-04-17 17:35:34,19533572
2026-04-17 17:36:24,19499740
2026-04-17 17:37:14,19458233
2026-04-17 17:38:04,19458233
2026-04-17 17:38:54,19459730
2026-04-17 17:39:45,19533572
2026-04-17 17:40:35,19459730
2026-04-17 17:41:26,19474201
2026-04-17 17:42:16,19475698
2026-04-17 17:43:06,19458233
2026-04-17 17:43:56,19508025
2026-04-17 17:44:46,19508025
2026-04-17 17:45:36,19567396
2026-04-17 17:46:26,19567396
2026-04-17 17:47:17,19551428
2026-04-17 17:48:07,19525889
2026-04-17 17:48:57,19585260
2026-04-17 17:49:47,19601228
2026-04-17 17:50:38,19509522
2026-04-17 17:51:28,19508025
2026-04-17 17:52:18,19508025
2026-04-17 17:53:08,19541857
2026-04-17 17:53:58,19583354
2026-04-17 17:54:49,19583354
2026-04-17 17:55:39,19549530
2026-04-17 17:56:29,19548033
2026-04-17 17:57:19,19565899
2026-04-17 17:58:09,19509522
2026-04-17 17:58:59,19556318
2026-04-17 17:59:49,19573783
2026-04-17 18:00:40,19663982
2026-04-17 18:01:31,19648014
2026-04-17 18:02:21,19665479
2026-04-17 18:03:11,19607605
2026-04-17 18:04:03,19715279
2026-04-17 18:04:53,19715279
2026-04-17 18:05:43,19715279
2026-04-17 18:06:33,19647625
2026-04-17 18:07:23,19609102
2026-04-17 18:08:14,19666976
2026-04-17 18:09:04,19682944
2026-04-17 18:09:54,19649122
2026-04-17 18:10:45,19647625
2026-04-17 18:11:35,19615290
2026-04-17 18:12:25,19647625
2026-04-17 18:13:15,19647625
2026-04-17 18:14:05,19623573
2026-04-17 18:14:55,19716776
2026-04-17 18:15:46,19674870
2026-04-17 18:16:36,19748702
2026-04-17 18:17:26,19748702
2026-04-17 18:18:16,19690828
2026-04-17 18:19:06,19723153
2026-04-17 18:19:56,19781027
2026-04-17 18:20:47,19832324
2026-04-17 18:21:37,19798492
2026-04-17 18:22:28,19796995
2026-04-17 18:23:18,19796995
2026-04-17 18:24:08,19763173
2026-04-17 18:24:58,19796995
2026-04-17 18:25:48,19796995
2026-04-17 18:26:38,19840408
2026-04-17 18:27:28,19821057
2026-04-17 18:28:19,19856376
2026-04-17 18:29:09,19798492
2026-04-17 18:29:59,19782524
2026-04-17 18:30:49,19840408
2026-04-17 18:31:39,19806586
2026-04-17 18:32:29,19805089
2026-04-17 18:33:20,19822554
2026-04-17 18:34:10,19821057
2026-04-17 18:35:03,19806586
2026-04-17 18:35:53,19750598
2026-04-17 18:36:43,19806985
2026-04-17 18:37:34,19774660
2026-04-17 18:38:24,19750598
2026-04-17 18:39:14,19789131
2026-04-17 18:40:04,19749101
2026-04-17 18:40:55,19822953
2026-04-17 18:41:45,19749101
2026-04-17 18:42:35,19749101
2026-04-17 18:43:25,19773163
2026-04-17 18:44:16,19789131
2026-04-17 18:45:06,19808482
2026-04-17 18:45:56,19822953
2026-04-17 18:46:46,19824450
2026-04-17 18:47:36,19789131
2026-04-17 18:48:26,19781027
2026-04-17 18:49:16,19806586
2026-04-17 18:50:07,19840408
2026-04-17 18:50:58,19781027
2026-04-17 18:51:48,19840408
2026-04-17 18:52:38,19748702
2026-04-17 18:53:28,19841905
2026-04-17 18:54:18,19808083
2026-04-17 18:55:08,19841905
2026-04-17 18:55:58,19784021
2026-04-17 18:56:49,19782524
2026-04-17 18:57:39,19768063
2026-04-17 18:58:29,19841905
2026-04-17 18:59:19,19857873
2026-04-17 19:00:09,19841905
2026-04-17 19:01:03,19857873
2026-04-17 19:01:53,19857873
2026-04-17 19:02:43,19890208
2026-04-17 19:03:34,19832324
2026-04-17 19:04:24,19857873
2026-04-17 19:05:14,19799989
2026-04-17 19:06:04,19857873
2026-04-17 19:06:54,19857873
2026-04-17 19:07:44,19766167
2026-04-17 19:08:35,19840019
2026-04-17 19:09:25,19824051
2026-04-17 19:10:16,19822554
2026-04-17 19:11:06,19780638
2026-04-17 19:11:56,19782135
2026-04-17 19:12:46,19840019
2026-04-17 19:13:36,19804690
2026-04-17 19:14:26,19881925
2026-04-17 19:15:16,19897893
2026-04-17 19:16:06,19897893
2026-04-17 19:16:57,19840019
2026-04-17 19:17:47,19897893
2026-04-17 19:18:37,19931715
2026-04-17 19:19:27,19917244
2026-04-17 19:20:18,19913861
2026-04-17 19:21:08,19891306
2026-04-17 19:21:58,19913861
2026-04-17 19:22:49,19913861
2026-04-17 19:23:39,19947683
2026-04-17 19:24:29,19980018
2026-04-17 19:25:19,19946186
2026-04-17 19:26:09,19947683
2026-04-17 19:26:59,19889809
2026-04-17 19:27:49,19889809
2026-04-17 19:28:40,19947683
2026-04-17 19:29:30,19923641
2026-04-17 19:30:21,19981515
2026-04-17 19:31:11,19946186
2026-04-17 19:32:03,19965547
2026-04-17 19:32:53,19930218
2026-04-17 19:33:44,19931715
2026-04-17 19:34:34,19889809
2026-04-17 19:35:24,19931715
2026-04-17 19:36:14,19857873
2026-04-17 19:37:04,19915747
2026-04-17 19:37:54,19917244
2026-04-17 19:38:44,19841905
2026-04-17 19:39:35,19857873
2026-04-17 19:40:25,19865957
2026-04-17 19:41:16,19865957
2026-04-17 19:42:06,19917244
2026-04-17 19:42:56,19917244
2026-04-17 19:43:46,19931715
2026-04-17 19:44:36,19873841
2026-04-17 19:45:26,19965547
2026-04-17 19:46:16,19872344
2026-04-17 19:47:07,19914250
2026-04-17 19:47:57,19872344
2026-04-17 19:48:47,19870847
2026-04-17 19:49:37,19906176
2026-04-17 19:50:28,19870847
2026-04-17 19:51:18,19872344
2026-04-17 19:52:08,19928721
2026-04-17 19:52:58,19870847
2026-04-17 19:53:48,19906176
2026-04-17 19:54:39,19964050
2026-04-17 19:55:29,19980018
2026-04-17 19:56:19,19978521
2026-04-17 19:57:09,19978521
2026-04-17 19:57:59,19954470
2026-04-17 19:58:49,20012344
2026-04-17 19:59:39,19920647
2026-04-20 08:00:35,18788241
2026-04-20 08:01:26,19095585
2026-04-20 08:02:16,18006429
2026-04-20 08:03:07,18045749
2026-04-20 08:03:57,18067705
2026-04-20 08:04:48,18260889
2026-04-20 08:05:39,18350889
2026-04-20 08:06:29,18434721
2026-04-20 08:07:20,18516447
2026-04-20 08:08:10,18492395
2026-04-20 08:09:03,18667714
2026-04-20 08:09:54,18659630
2026-04-20 08:10:44,18625798
2026-04-20 08:11:34,18651536
2026-04-20 08:12:25,18633682
2026-04-20 08:13:16,18625598
2026-04-20 08:14:06,18675388
2026-04-20 08:14:57,18800916
2026-04-20 08:15:47,18960277
2026-04-20 08:16:38,19101773
2026-04-20 08:17:29,19209447
2026-04-20 08:18:19,19368799
2026-04-20 08:19:10,19175615
2026-04-20 08:20:03,19006484
2026-04-20 08:20:54,19016265
2026-04-20 08:21:45,19058171
2026-04-20 08:22:36,19050087
2026-04-20 08:23:26,18952403
2026-04-20 08:24:17,18852812
2026-04-20 08:25:07,18745148
2026-04-20 08:25:58,18729180
2026-04-20 08:26:49,18703222
2026-04-20 08:27:39,18685368
2026-04-20 08:28:30,18627494
2026-04-20 08:29:20,18593662
2026-04-20 08:30:14,18617714
2026-04-20 08:31:04,18643462
2026-04-20 08:31:55,18625598
2026-04-20 08:32:45,18683472
2026-04-20 08:33:36,18699430
2026-04-20 08:34:27,18715398
2026-04-20 08:35:17,18657524
2026-04-20 08:36:08,18641556
2026-04-20 08:36:58,18749230
2026-04-20 08:37:49,18691356
2026-04-20 08:38:40,18749230
2026-04-20 08:39:30,18657524
2026-04-20 08:40:20,18675388
2026-04-20 08:41:11,18717304
2026-04-20 08:42:03,18625598
2026-04-20 08:42:54,18593662
2026-04-20 08:43:45,18617714
2026-04-20 08:44:35,18633682
2026-04-20 08:45:26,18665608
2026-04-20 08:46:17,18890736
2026-04-20 08:47:07,19016265
2026-04-20 08:47:58,19066055
2026-04-20 08:48:49,19113949
2026-04-20 08:49:39,18996504
2026-04-20 09:01:28,18877143
2026-04-20 09:02:18,18683134
2026-04-20 09:03:09,18532475
2026-04-20 09:04:03,18602285
2026-04-20 09:04:53,18599660
2026-04-20 09:05:44,18824340
2026-04-20 09:06:35,18847285
2026-04-20 09:07:25,18651146
2026-04-20 09:08:16,18559391
2026-04-20 09:09:06,18599431
2026-04-20 09:09:57,18750212
2026-04-20 09:10:47,18818926
2026-04-20 09:11:38,19024123
2026-04-20 09:12:29,19053784
2026-04-20 09:13:19,18914723
2026-04-20 09:14:10,18903326
2026-04-20 09:15:03,18799834
2026-04-20 09:15:54,18872587
2026-04-20 09:16:45,19039553
2026-04-20 09:17:35,19060591
2026-04-20 09:18:26,19090172
2026-04-20 09:19:16,19259073
2026-04-20 09:20:07,19335548
2026-04-20 09:20:58,19286937
2026-04-20 09:21:48,19365669
2026-04-20 09:22:39,19293552
2026-04-20 09:23:29,19414611
2026-04-20 09:24:20,19403082
2026-04-20 09:25:10,19365350
2026-04-20 09:26:03,19381466
2026-04-20 09:26:53,19415639
2026-04-20 09:27:44,19451297
2026-04-20 09:28:35,19568841
2026-04-20 09:29:25,19581017
2026-04-20 09:30:15,19577874
2026-04-20 09:31:06,19765946
2026-04-20 09:31:57,19640320
2026-04-20 09:32:47,19601417
2026-04-20 09:33:38,19734061
2026-04-20 09:34:28,19647256
2026-04-20 09:35:19,19488420
2026-04-20 09:36:09,19383883
2026-04-20 09:37:03,19349492
2026-04-20 09:37:54,19564500
2026-04-20 09:38:44,19386608
2026-04-20 09:39:35,19422436
2026-04-20 09:40:25,19352387
2026-04-20 09:41:16,19364280
2026-04-20 09:42:06,19425758
2026-04-20 09:42:57,19423583
2026-04-20 09:43:48,19401319
2026-04-20 09:44:38,19386437
2026-04-20 09:45:29,19511975
2026-04-20 09:46:20,19546335
2026-04-20 09:47:10,19561356
2026-04-20 09:48:03,19498430
2026-04-20 09:48:53,19586305
2026-04-20 09:49:44,19557065
2026-04-20 09:50:34,19638651
2026-04-20 09:51:25,19579781
2026-04-20 09:52:15,19645458
2026-04-20 09:53:06,19627584
2026-04-20 09:53:57,19637743
2026-04-20 09:54:47,19641216
2026-04-20 09:55:38,19806347
2026-04-20 09:56:28,19798472
2026-04-20 09:57:19,19824040
2026-04-20 09:58:10,19892593
2026-04-20 09:59:03,19825537
2026-04-20 09:59:54,19890198
2026-04-20 10:00:44,19937682
2026-04-20 10:01:35,19937153
2026-04-20 10:02:26,20037813
2026-04-20 10:03:16,20006016
2026-04-20 10:04:07,20040058
2026-04-20 10:04:57,20019398
2026-04-20 10:05:48,19996392
2026-04-20 10:06:39,20125585
2026-04-20 10:07:29,20137731
2026-04-20 10:08:20,20207282
2026-04-20 10:09:11,20136014
2026-04-20 10:10:03,20230715
2026-04-20 10:10:54,20178819
2026-04-20 10:11:44,20259039
2026-04-20 10:12:35,20349238
2026-04-20 10:13:27,20331353
2026-04-20 10:14:17,20302421
2026-04-20 10:15:08,20334746
2026-04-20 10:15:59,20314118
2026-04-20 10:16:49,20219608
2026-04-20 10:17:40,20210497
2026-04-20 10:18:31,20203689
2026-04-20 10:19:21,20148120
2026-04-20 10:20:13,20126615
2026-04-20 10:21:04,20052794
2026-04-20 10:21:55,20091208
2026-04-20 10:22:45,20131526
2026-04-20 10:23:36,20149780
2026-04-20 10:24:27,20122445
2026-04-20 10:25:17,20079959
2026-04-20 10:26:08,20074869
2026-04-20 10:26:58,20065088
2026-04-20 10:27:49,20046806
2026-04-20 10:28:40,19955927
2026-04-20 10:29:30,19952135
2026-04-20 10:30:20,20029769
2026-04-20 10:31:11,20021485
2026-04-20 10:32:04,20048322
2026-04-20 10:32:54,20128412
2026-04-20 10:33:45,20140867
2026-04-20 10:34:35,20144009
2026-04-20 10:35:26,19990878
2026-04-20 10:36:16,19989129
2026-04-20 10:37:07,19909152
2026-04-20 10:37:57,19922105
2026-04-20 10:38:48,19942734
2026-04-20 10:39:38,19932953
2026-04-20 10:40:29,19945709
2026-04-20 10:41:19,19868063
2026-04-20 10:42:10,19803803
2026-04-20 10:43:03,19741876
2026-04-20 10:43:53,19840908
2026-04-20 10:44:44,19883362
2026-04-20 10:45:34,19798473
2026-04-20 10:46:25,19805589
2026-04-20 10:47:16,19851636
2026-04-20 10:48:06,19845908
2026-04-20 10:48:57,19904949
2026-04-20 10:49:47,19888253
2026-04-20 10:50:38,19865927
2026-04-20 10:51:29,19923382
2026-04-20 10:52:19,19874241
2026-04-20 10:53:10,19898103
2026-04-20 10:54:03,19823852
2026-04-20 10:54:53,19944491
2026-04-20 10:55:44,19982374
2026-04-20 10:56:34,19961127
2026-04-20 10:57:25,19962386
2026-04-20 10:58:16,19952995
2026-04-20 10:59:07,19965549
2026-04-20 10:59:57,19994271
2026-04-20 11:00:48,19994480
2026-04-20 11:01:38,19975749
2026-04-20 11:02:29,19997224
2026-04-20 11:03:20,19927855
2026-04-20 11:04:10,19968941
2026-04-20 11:05:03,20027653
2026-04-20 11:05:54,20019580
2026-04-20 11:06:44,20079790
2026-04-20 11:07:35,20063402
2026-04-20 11:08:26,20037126
2026-04-20 11:09:16,20017863
2026-04-20 11:10:07,20053422
2026-04-20 11:10:58,20139391
2026-04-20 11:11:49,19968962
2026-04-20 11:12:39,20012376
2026-04-20 11:13:30,20038531
2026-04-20 11:14:21,20021096
2026-04-20 11:15:11,20111516
2026-04-20 11:16:03,20045238
2026-04-20 11:16:54,20109180
2026-04-20 11:17:44,20033242
2026-04-20 11:18:35,20030928
2026-04-20 11:19:26,20056755
2026-04-20 11:20:16,20029410
2026-04-20 11:21:07,20073661
2026-04-20 11:21:57,19999819
2026-04-20 11:22:48,19970578
2026-04-20 11:23:39,19990458
2026-04-20 11:24:29,19958543
2026-04-20 11:25:20,19893294
2026-04-20 11:26:11,19896379
2026-04-20 11:27:03,19900858
2026-04-20 11:27:54,19941927
2026-04-20 11:28:45,19924481
2026-04-20 11:29:35,19908932
2026-04-20 11:30:26,19974271
2026-04-20 11:31:16,19915559
2026-04-20 11:32:07,19895131
2026-04-20 11:32:57,19955978
2026-04-20 11:33:47,19915559
2026-04-20 11:34:38,19933843
2026-04-20 11:35:28,19838754
2026-04-20 11:36:19,19914482
2026-04-20 11:37:09,19957135
2026-04-20 11:37:59,19928073
2026-04-20 11:38:50,19876786
2026-04-20 11:39:40,19840640
2026-04-20 11:40:31,19819781
2026-04-20 11:41:22,19839143
2026-04-20 11:42:12,19823175
2026-04-20 11:43:03,19836167
2026-04-20 11:43:53,19856048
2026-04-20 11:44:43,19801267
2026-04-20 11:45:34,19855529
2026-04-20 11:46:24,19839561
2026-04-20 11:47:15,19776796
2026-04-20 11:48:05,19765301
2026-04-20 11:48:56,19771788
2026-04-20 11:49:46,19734672
2026-04-20 11:50:36,19749143
2026-04-20 11:51:26,19771646
2026-04-20 11:52:17,19662317
2026-04-20 11:53:07,19618802
2026-04-20 11:53:58,19758923
2026-04-20 11:54:48,19725310
2026-04-20 11:55:39,19785719
2026-04-20 11:56:29,19801257
2026-04-20 11:57:19,19777634
2026-04-20 11:58:10,19776137
2026-04-20 11:59:03,19817096
2026-04-20 11:59:54,19781028
2026-04-20 12:00:44,19821987
2026-04-20 12:01:34,19830788
2026-04-20 12:02:25,19889081
2026-04-20 12:03:15,19838414
2026-04-20 12:04:06,19907784
2026-04-20 12:04:56,19900549
2026-04-20 12:05:46,19957584
2026-04-20 12:06:37,19909699
2026-04-20 12:07:27,19890268
2026-04-20 12:08:18,19936965
2026-04-20 12:09:08,19930637
2026-04-20 12:09:59,19924262
2026-04-20 12:10:49,19885579
2026-04-20 12:11:39,19813234
2026-04-20 12:12:30,19843224
2026-04-20 12:13:20,19860030
2026-04-20 12:14:11,19787795
2026-04-20 12:15:03,19730340
2026-04-20 12:15:54,19728294
2026-04-20 12:16:44,19687397
2026-04-20 12:17:35,19718554
2026-04-20 12:18:25,19591329
2026-04-20 12:19:15,19572956
2026-04-20 12:20:06,19656258
2026-04-20 12:20:57,19656498
2026-04-20 12:21:47,19662836
2026-04-20 12:22:38,19689441
2026-04-20 12:23:28,19724801
2026-04-20 12:24:19,19724182
2026-04-20 12:25:09,19772147
2026-04-20 12:26:03,19788535
2026-04-20 12:26:53,19793464
2026-04-20 12:27:43,19717495
2026-04-20 12:28:34,19742417
2026-04-20 12:29:24,19745171
2026-04-20 12:30:14,19729612
2026-04-20 12:31:05,19768954
2026-04-20 12:31:55,19745061
2026-04-20 12:32:46,19708564
2026-04-20 12:33:36,19765979
2026-04-20 12:34:26,19709822
2026-04-20 12:35:17,19770659
2026-04-20 12:36:07,19729681
2026-04-20 12:36:58,19714372
2026-04-20 12:37:48,19717725
2026-04-20 12:38:38,19700081
2026-04-20 12:39:29,19636937
2026-04-20 12:40:19,19650769
2026-04-20 12:41:09,19636718
2026-04-20 12:42:03,19600750
2026-04-20 12:42:53,19636808
2026-04-20 12:43:44,19684462
2026-04-20 12:44:34,19647655
2026-04-20 12:45:25,19617457
2026-04-20 12:46:15,19616618
2026-04-20 12:47:05,19535149
2026-04-20 12:47:56,19373102
2026-04-20 12:48:46,19196411
2026-04-20 12:49:37,19469816
2026-04-20 12:50:28,19411391
2026-04-20 12:51:18,19538654
2026-04-20 12:52:09,19497435
2026-04-20 12:52:59,19329378
2026-04-20 12:53:49,19248527
2026-04-20 12:54:40,19274185
2026-04-20 12:55:30,19167697
2026-04-20 12:56:21,19196934
2026-04-20 12:57:11,19132664
2026-04-20 12:58:03,18981521
2026-04-20 12:58:53,18904226
2026-04-20 12:59:43,18841156
2026-04-20 13:00:34,19064150
2026-04-20 13:01:24,19034774
2026-04-20 13:02:15,18863008
2026-04-20 13:03:05,18839260
2026-04-20 13:03:55,18775195
2026-04-20 13:04:46,18814797
2026-04-20 13:05:36,18818657
2026-04-20 13:06:27,18775195
2026-04-20 13:07:17,18610824
2026-04-20 13:08:08,18519118
2026-04-20 13:08:59,18577002
2026-04-20 13:09:49,18678294
2026-04-20 13:10:39,18649048
2026-04-20 13:11:30,18677989
2026-04-20 13:12:21,18710934
2026-04-20 13:13:11,18461817
2026-04-20 13:14:03,18468668
2026-04-20 13:14:54,18459138
2026-04-20 13:15:44,18265530
2026-04-20 13:16:35,18397261
2026-04-20 13:17:25,18450560
2026-04-20 13:18:16,18585684
2026-04-20 13:19:07,18461338
2026-04-20 13:19:57,18555854
2026-04-20 13:20:47,18616527
2026-04-20 13:21:38,18653752
2026-04-20 13:22:28,18613915
2026-04-20 13:23:19,18409942
2026-04-20 13:24:09,18430601
2026-04-20 13:25:03,18374623
2026-04-20 13:25:54,18403870
2026-04-20 13:26:44,18434602
2026-04-20 13:27:35,18574651
2026-04-20 13:28:26,18417381
2026-04-20 13:29:16,18416982
2026-04-20 13:30:07,18459742
2026-04-20 13:30:57,18453061
2026-04-20 13:31:48,18511031
2026-04-20 13:32:38,18592492
2026-04-20 13:33:29,18550960
2026-04-20 13:34:19,18461148
2026-04-20 13:35:10,18580898
2026-04-20 13:36:03,18560052
2026-04-20 13:36:53,18493086
2026-04-20 13:37:44,18493086
2026-04-20 13:38:34,18410595
2026-04-20 13:39:25,18333310
2026-04-20 13:40:15,18314183
2026-04-20 13:41:05,18303759
2026-04-20 13:41:56,18201275
2026-04-20 13:42:46,18133500
2026-04-20 13:43:37,18138685
2026-04-20 13:44:27,18198455
2026-04-20 13:45:18,18174413
2026-04-20 13:46:08,18272322
2026-04-20 13:46:59,18268929
2026-04-20 13:47:49,18205555
2026-04-20 13:48:40,18424702
2026-04-20 13:49:30,18400650
2026-04-20 13:50:20,18307326
2026-04-20 13:51:11,18235410
2026-04-20 13:52:03,18204537
2026-04-20 13:52:54,18395639
2026-04-20 13:53:45,18333180
2026-04-20 13:54:35,18348622
2026-04-20 13:55:25,18176388
2026-04-20 13:56:16,18272401
2026-04-20 13:57:06,18274297
2026-04-20 13:57:57,18244357
2026-04-20 13:58:47,18252491
2026-04-20 13:59:38,18216607
2026-04-20 14:00:28,18283070
2026-04-20 14:01:18,18191363
2026-04-20 14:02:09,18155330
2026-04-20 14:02:59,18183979
2026-04-20 14:03:50,18126095
2026-04-20 14:04:40,18184273
2026-04-20 14:05:31,18250430
2026-04-20 14:06:21,18225186
2026-04-20 14:07:12,18223280
2026-04-20 14:08:03,18222985
2026-04-20 14:08:54,18250736
2026-04-20 14:09:44,18317187
2026-04-20 14:10:34,18192850
2026-04-20 14:11:25,18233523
2026-04-20 14:12:15,18120197
2026-04-20 14:13:06,18160657
2026-04-20 14:13:56,18193285
2026-04-20 14:14:47,18159918
2026-04-20 14:15:37,18225186
2026-04-20 14:16:28,18092448
2026-04-20 14:17:18,18104311
2026-04-20 14:18:09,18217497
2026-04-20 14:18:59,18255310
2026-04-20 14:19:50,18279372
2026-04-20 14:20:40,18272143
2026-04-20 14:21:30,18321688
2026-04-20 14:22:21,18299447
2026-04-20 14:23:11,18212317
2026-04-20 14:24:03,18258629
2026-04-20 14:24:53,18079580
2026-04-20 14:25:44,18080329
2026-04-20 14:26:34,18043860
2026-04-20 14:27:25,18008531
2026-04-20 14:28:15,18076489
2026-04-20 14:29:06,17944758
2026-04-20 14:29:56,17960482
2026-04-20 14:30:47,18094469
2026-04-20 14:31:38,18230591
2026-04-20 14:32:28,18199004
2026-04-20 14:33:19,18165182
2026-04-20 14:34:09,18260880
2026-04-20 14:35:03,18251249
2026-04-20 14:35:53,18030198
2026-04-20 14:36:44,18129288
2026-04-20 14:37:34,18191868
2026-04-20 14:38:25,18155845
2026-04-20 14:39:15,18190416
2026-04-20 14:40:06,18249752
2026-04-20 14:40:56,18295101
2026-04-20 14:41:47,18294772
2026-04-20 14:42:37,18333595
2026-04-20 14:43:28,18302462
2026-04-20 14:44:18,18299069
2026-04-20 14:45:09,18329628
2026-04-20 14:45:59,18295491
2026-04-20 14:46:50,18202482
2026-04-20 14:47:40,18231414
2026-04-20 14:48:31,18293291
2026-04-20 14:49:21,18264044
2026-04-20 14:50:13,18231414
2026-04-20 14:51:04,18068552
2026-04-20 14:51:54,17973147
2026-04-20 14:52:45,18071056
2026-04-20 14:53:35,18134115
2026-04-20 14:54:26,18136760
2026-04-20 14:55:16,18162310
2026-04-20 14:56:07,18006969
2026-04-20 14:56:57,18038861
2026-04-20 14:57:48,18043002
2026-04-20 14:58:38,18043002
2026-04-20 14:59:29,18073735
2026-04-20 15:00:19,18267038
2026-04-20 15:01:09,18426823
2026-04-20 15:02:03,18495486
2026-04-20 15:02:53,18370845
2026-04-20 15:03:44,18270746
2026-04-20 15:04:34,18230267
2026-04-20 15:05:25,18145392
2026-04-20 15:06:15,18268240
2026-04-20 15:07:05,18083221
2026-04-20 15:07:56,18202971
2026-04-20 15:08:46,18011165
2026-04-20 15:09:37,18011859
2026-04-20 15:10:27,18045248
2026-04-20 15:11:17,17979229
2026-04-20 15:12:08,17973331
2026-04-20 15:12:58,18105062
2026-04-20 15:13:49,18077617
2026-04-20 15:14:39,18119312
2026-04-20 15:15:30,18104044
2026-04-20 15:16:20,18119777
2026-04-20 15:17:11,18057901
2026-04-20 15:18:03,18004602
2026-04-20 15:18:54,18050461
2026-04-20 15:19:44,18074807
2026-04-20 15:20:35,18132986
2026-04-20 15:21:25,18132986
2026-04-20 15:22:16,18132986
2026-04-20 15:23:06,18132986
2026-04-20 15:23:57,18132986
2026-04-20 15:24:47,18132986
2026-04-20 15:25:38,18132986
2026-04-20 15:26:28,18132986
2026-04-20 15:27:19,18132986
2026-04-20 15:28:09,18132986
2026-04-20 15:29:03,18132986
2026-04-20 15:29:53,18132986
2026-04-20 15:30:43,17889030
2026-04-20 15:31:34,17889030
2026-04-20 15:32:24,17889030
2026-04-20 15:33:15,17889030
2026-04-20 15:34:05,17889030
2026-04-20 15:34:56,17889030
2026-04-20 15:35:46,17889030
2026-04-20 15:36:37,17889030
2026-04-20 15:37:27,17889030
2026-04-20 15:38:18,17889030
2026-04-20 15:39:08,17889030
2026-04-20 15:39:59,17889030
2026-04-20 15:40:49,18106254
2026-04-20 15:41:40,18164128
2026-04-20 15:42:30,18106254
2026-04-20 15:43:21,18106254
2026-04-20 15:44:11,18197950
2026-04-20 15:45:03,18140076
2026-04-20 15:45:53,18140076
2026-04-20 15:46:44,18140076
2026-04-20 15:47:34,18173908
2026-04-20 15:48:24,18082202
2026-04-20 15:49:15,18140076
2026-04-20 15:50:05,18140076
2026-04-20 15:50:56,18140076
2026-04-20 15:51:46,18116034
2026-04-20 15:52:37,18140076
2026-04-20 15:53:27,18140076
2026-04-20 15:54:18,18173908
2026-04-20 15:55:08,18173908
2026-04-20 15:55:58,18140076
2026-04-20 15:56:49,18173908
2026-04-20 15:57:39,18207731
2026-04-20 15:58:30,18207731
2026-04-20 15:59:20,18207731
2026-04-20 16:00:14,18116034
2026-04-20 16:01:04,18207731
2026-04-20 16:01:55,18207731
2026-04-20 16:02:45,18207731
2026-04-20 16:03:35,18241563
2026-04-20 16:04:26,18241563
2026-04-20 16:05:16,18241563
2026-04-20 16:06:07,18207731
2026-04-20 16:06:57,18183689
2026-04-20 16:07:48,18241563
2026-04-20 16:08:38,18183689
2026-04-20 16:09:29,18207731
2026-04-20 16:10:19,18149857
2026-04-20 16:11:09,18149857
2026-04-20 16:12:03,18207731
2026-04-20 16:12:53,18173908
2026-04-20 16:13:44,18207731
2026-04-20 16:14:34,18207731
2026-04-20 16:15:25,18207731
2026-04-20 16:16:15,18241563
2026-04-20 16:17:06,18241563
2026-04-20 16:17:56,18241563
2026-04-20 16:18:47,18207731
2026-04-20 16:19:37,18207731
2026-04-20 16:20:28,18173908
2026-04-20 16:21:19,18207731
2026-04-20 16:22:09,18207731
2026-04-20 16:23:03,18265605
2026-04-20 16:23:53,18231782
2026-04-20 16:24:44,18231782
2026-04-20 16:25:35,18265605
2026-04-20 16:26:25,18265605
2026-04-20 16:27:16,18265605
2026-04-20 16:28:06,18265605
2026-04-20 16:28:56,18265605
2026-04-20 16:29:47,18231782
2026-04-20 16:30:37,18265605
2026-04-20 16:31:28,18173908
2026-04-20 16:32:18,18265605
2026-04-20 16:33:09,18207731
2026-04-20 16:33:59,18207731
2026-04-20 16:34:50,18231782
2026-04-20 16:35:40,18231782
2026-04-20 16:36:31,18265605
2026-04-20 16:37:21,18265605
2026-04-20 16:38:12,18173908
2026-04-20 16:39:03,18197950
2026-04-20 16:39:54,18231782
2026-04-20 16:40:44,18173908
2026-04-20 16:41:35,18231782
2026-04-20 16:42:25,18231782
2026-04-20 16:43:16,18173908
2026-04-20 16:44:06,18173908
2026-04-20 16:44:57,18197950
2026-04-20 16:45:47,18231782
2026-04-20 16:46:37,18173908
2026-04-20 16:47:28,18173908
2026-04-20 16:48:18,18140076
2026-04-20 16:49:09,18231782
2026-04-20 16:49:59,18173908
2026-04-20 16:50:49,18231782
2026-04-20 16:51:40,18197950
2026-04-20 16:52:30,18231782
2026-04-20 16:53:21,18231782
2026-04-20 16:54:11,18231782
2026-04-20 16:55:03,18231782
2026-04-20 16:55:53,18197950
2026-04-20 16:56:44,18231782
2026-04-20 16:57:34,18140076
2026-04-20 16:58:24,18140076
2026-04-20 16:59:15,18140076
2026-04-20 17:00:05,18231782
2026-04-20 17:00:56,18197950
2026-04-20 17:01:46,18231782
2026-04-20 17:02:37,18173908
2026-04-20 17:03:27,18231782
2026-04-20 17:04:18,18173908
2026-04-20 17:05:08,18140076
2026-04-20 17:05:59,18173908
2026-04-20 17:06:49,18173908
2026-04-20 17:07:40,18231782
2026-04-20 17:08:30,18231782
2026-04-20 17:09:21,18231782
2026-04-20 17:10:14,18140076
2026-04-20 17:11:04,18173908
2026-04-20 17:11:55,18140076
2026-04-20 17:12:45,18231782
2026-04-20 17:13:36,18140076
2026-04-20 17:14:26,18197950
2026-04-20 17:15:17,18231782
2026-04-20 17:16:07,18197950
2026-04-20 17:16:58,18231782
2026-04-20 17:17:48,18231782
2026-04-20 17:18:39,18231782
2026-04-20 17:19:29,18231782
2026-04-20 17:20:19,18173908
2026-04-20 17:21:10,18173908
2026-04-20 17:22:03,18197950
2026-04-20 17:22:54,18231782
2026-04-20 17:23:44,18140076
2026-04-20 17:24:35,18173908
2026-04-20 17:25:25,18207731
2026-04-20 17:26:16,18173908
2026-04-20 17:27:06,18207731
2026-04-20 17:27:57,18173908
2026-04-20 17:28:47,18140076
2026-04-20 17:29:38,18265605
2026-04-20 17:30:28,18241563
2026-04-20 17:31:19,18265605
2026-04-20 17:32:09,18265605
2026-04-20 17:32:59,18241563
2026-04-20 17:33:50,18241563
2026-04-20 17:34:40,18265605
2026-04-20 17:35:31,18207731
2026-04-20 17:36:21,18265605
2026-04-20 17:37:12,18265605
2026-04-20 17:38:03,18265605
2026-04-20 17:38:54,18207731
2026-04-20 17:39:44,18299437
2026-04-20 17:40:34,18299437
2026-04-20 17:41:25,18241563
2026-04-20 17:42:15,18241563
2026-04-20 17:43:06,18207731
2026-04-20 17:43:56,18207731
2026-04-20 17:44:47,18299437
2026-04-20 17:45:37,18241564
2026-04-20 17:46:28,18241577
2026-04-20 17:47:18,18299669
2026-04-20 17:48:09,18241795
2026-04-20 17:48:59,18241795
2026-04-20 17:49:49,18299669
2026-04-20 17:50:40,18299669
2026-04-20 17:51:30,18241795
2026-04-20 17:52:21,18241795
2026-04-20 17:53:11,18241795
2026-04-20 17:54:03,18299669
2026-04-20 17:54:53,18241795
2026-04-20 17:55:43,18299669
2026-04-20 17:56:34,18299669
2026-04-20 17:57:24,18299669
2026-04-20 17:58:15,18299669
2026-04-20 17:59:05,18241795
2026-04-20 17:59:56,18299669
2026-04-20 18:00:47,18299669
2026-04-20 18:01:37,18299669
2026-04-20 18:02:28,18299669
2026-04-20 18:03:18,18299669
2026-04-20 18:04:09,18241795
2026-04-20 18:04:59,18299669
2026-04-20 18:05:50,18299669
2026-04-20 18:06:40,18299669
2026-04-20 18:07:31,18241795
2026-04-20 18:08:21,18299669
2026-04-20 18:09:12,18299669
2026-04-20 18:10:03,18241795
2026-04-20 18:10:53,18299669
2026-04-20 18:11:44,18241795
2026-04-20 18:12:34,18299669
2026-04-20 18:13:25,18299669
2026-04-20 18:14:15,18299669
2026-04-20 18:15:06,18299679
2026-04-20 18:15:56,18249789
2026-04-20 18:16:47,18299679
2026-04-20 18:17:37,18299679
2026-04-20 18:18:28,18249789
2026-04-20 18:19:18,18249789
2026-04-20 18:20:09,18299679
2026-04-20 18:20:59,18299679
2026-04-20 18:21:49,18299679
2026-04-20 18:22:40,18299679
2026-04-20 18:23:30,18299679
2026-04-20 18:24:21,18299679
2026-04-20 18:25:11,18299679
2026-04-20 18:26:03,18299679
2026-04-20 18:26:53,18299679
2026-04-20 18:27:44,18299679
2026-04-20 18:28:34,18299679
2026-04-20 18:29:24,18299679
2026-04-20 18:30:15,18249789
2026-04-20 18:31:05,18299679
2026-04-20 18:31:56,18249789
2026-04-20 18:32:46,18299679
2026-04-20 18:33:37,18249789
2026-04-20 18:34:27,18249789
2026-04-20 18:35:18,18299679
2026-04-20 18:36:08,18299679
2026-04-20 18:36:59,18299679
2026-04-20 18:37:49,18299679
2026-04-20 18:38:39,18249789
2026-04-20 18:39:30,18299679
2026-04-20 18:40:20,18249789
2026-04-20 18:41:11,18249789
2026-04-20 18:42:03,18299679
2026-04-20 18:42:54,18299679
2026-04-20 18:43:44,18299679
2026-04-20 18:44:35,18299679
2026-04-20 18:45:25,18299679
2026-04-20 18:46:16,18299679
2026-04-20 18:47:06,18299679
2026-04-20 18:47:57,18299679
2026-04-20 18:48:47,18299679
2026-04-20 18:49:38,18299679
2026-04-20 18:50:28,18299679
2026-04-20 18:51:19,18299724
2026-04-20 18:52:09,18299724
2026-04-20 18:53:03,18299724
2026-04-20 18:53:53,18299724
2026-04-20 18:54:44,18299724
2026-04-20 18:55:34,18299724
2026-04-20 18:56:25,18249834
2026-04-20 18:57:15,18299724
2026-04-20 18:58:06,18299724
2026-04-20 18:58:56,18299724
2026-04-20 18:59:47,18299724
2026-04-20 19:00:37,18249834
2026-04-20 19:01:27,18249834
2026-04-20 19:02:18,18249834
2026-04-20 19:03:08,18249834
2026-04-20 19:03:59,18299724
2026-04-20 19:04:49,18249834
2026-04-20 19:05:40,18299724
2026-04-20 19:06:30,18249834
2026-04-20 19:07:21,18299724
2026-04-20 19:08:11,18299724
2026-04-20 19:09:03,18299724
2026-04-20 19:09:53,18299724
2026-04-20 19:10:44,18299724
2026-04-20 19:11:34,18249834
2026-04-20 19:12:25,18299724
2026-04-20 19:13:15,18299724
2026-04-20 19:14:06,18249834
2026-04-20 19:14:56,18299724
2026-04-20 19:15:47,18299724
2026-04-20 19:16:37,18299724
2026-04-20 19:17:28,18299724
2026-04-20 19:18:18,18299724
2026-04-20 19:19:09,18249834
2026-04-20 19:19:59,18299724
2026-04-20 19:20:50,18249834
2026-04-20 19:21:41,18249834
2026-04-20 19:22:31,18299724
2026-04-20 19:23:22,18269784
2026-04-20 19:24:12,18299724
2026-04-20 19:25:03,18299629
2026-04-20 19:25:53,18299629
2026-04-20 19:26:44,18299629
2026-04-20 19:27:34,18269689
2026-04-20 19:28:24,18299629
2026-04-20 19:29:15,18269689
2026-04-20 19:30:05,18299629
2026-04-20 19:30:57,18299629
2026-04-20 19:31:47,18299629
2026-04-20 19:32:38,18299629
2026-04-20 19:33:28,18299629
2026-04-20 19:34:19,18299629
2026-04-20 19:35:09,18299629
2026-04-20 19:36:03,18299629
2026-04-20 19:36:53,18299629
2026-04-20 19:37:44,18269689
2026-04-20 19:38:34,18299629
2026-04-20 19:39:25,18299629
2026-04-20 19:40:15,18329569
2026-04-20 19:41:05,18329569
2026-04-20 19:41:56,18329569
2026-04-20 19:42:46,18299629
2026-04-20 19:43:37,18329569
2026-04-20 19:44:27,18329569
2026-04-20 19:45:18,18299629
2026-04-20 19:46:08,18329569
2026-04-20 19:46:59,18299629
2026-04-20 19:47:49,18329569
2026-04-20 19:48:40,18299629
2026-04-20 19:49:30,18299629
2026-04-20 19:50:21,18329569
2026-04-20 19:51:11,18309601
2026-04-20 19:52:03,18309601
2026-04-20 19:52:53,18329561
2026-04-20 19:53:44,18329561
2026-04-20 19:54:34,18329561
2026-04-20 19:55:25,18329561
2026-04-20 19:56:15,18329561
2026-04-20 19:57:06,18329561
2026-04-20 19:57:56,18329561
2026-04-20 19:58:47,18329561
2026-04-20 19:59:37,18329561
2026-04-21 08:00:03,18365356
2026-04-21 08:00:54,18375736
2026-04-21 08:01:45,18375736
2026-04-21 08:02:35,18331834
2026-04-21 08:03:37,18327086
2026-04-21 08:04:28,18327086
2026-04-21 08:05:19,18283184
2026-04-21 08:06:09,18311118
2026-04-21 08:07:03,18086532
2026-04-21 08:07:53,18156263
2026-04-21 08:08:44,18099526
2026-04-21 08:09:34,18144376
2026-04-21 08:10:25,18322809
2026-04-21 08:11:15,18145384
2026-04-21 08:12:06,18176302
2026-04-21 08:12:56,18264965
2026-04-21 08:13:47,18369605
2026-04-21 08:14:37,18477219
2026-04-21 08:15:28,18358727
2026-04-21 08:16:19,18242120
2026-04-21 08:17:09,18273039
2026-04-21 08:18:03,18243059
2026-04-21 08:18:53,18230134
2026-04-21 08:19:44,18353876
2026-04-21 08:20:34,18296042
2026-04-21 08:21:25,18171362
2026-04-21 08:22:15,18159466
2026-04-21 08:23:06,18114455
2026-04-21 08:23:57,18128477
2026-04-21 08:24:47,18069495
2026-04-21 08:25:38,18113487
2026-04-21 08:26:29,18096541
2026-04-21 08:27:19,18051581
2026-04-21 08:28:10,18081481
2026-04-21 08:29:03,18007519
2026-04-21 08:29:54,17978517
2026-04-21 08:30:44,18069425
2026-04-21 08:31:35,18009475
2026-04-21 08:32:25,18038467
2026-04-21 08:33:16,18083437
2026-04-21 08:34:06,18024535
2026-04-21 08:34:57,18038547
2026-04-21 08:35:48,18051511
2026-04-21 08:36:38,17991551
2026-04-21 08:37:29,18036521
2026-04-21 08:38:19,18067479
2026-04-21 08:39:10,17962629
2026-04-21 08:40:03,17946591
2026-04-21 08:40:54,17902679
2026-04-21 08:41:44,17946591
2026-04-21 08:42:35,18006541
2026-04-21 08:43:25,18066491
2026-04-21 08:44:16,18080503
2026-04-21 08:45:06,18065433
2026-04-21 08:45:57,17929645
2026-04-21 08:46:48,18002549
2026-04-21 08:47:38,17941621
2026-04-21 08:48:29,17972579
2026-04-21 08:49:19,17959615
2026-04-21 09:01:09,16976900
2026-04-21 09:02:03,16625236
2026-04-21 09:02:53,17585637
2026-04-21 09:03:44,17522413
2026-04-21 09:04:34,17469849
2026-04-21 09:05:25,17720174
2026-04-21 09:06:16,17840742
2026-04-21 09:07:06,17715310
2026-04-21 09:07:57,17671078
2026-04-21 09:08:47,17499801
2026-04-21 09:09:38,17620648
2026-04-21 09:10:28,17500629
2026-04-21 09:11:18,17407630
2026-04-21 09:12:09,17505659
2026-04-21 09:13:03,17572026
2026-04-21 09:13:53,17537870
2026-04-21 09:14:44,17488035
2026-04-21 09:15:34,17511846
2026-04-21 09:16:25,17428490
2026-04-21 09:17:15,17505217
2026-04-21 09:18:06,17630710
2026-04-21 09:18:56,17554480
2026-04-21 09:19:47,17330475
2026-04-21 09:20:37,17356484
2026-04-21 09:21:27,17329223
2026-04-21 09:22:18,17464150
2026-04-21 09:23:08,17479582
2026-04-21 09:23:59,17504654
2026-04-21 09:24:49,17436045
2026-04-21 09:25:40,17366149
2026-04-21 09:26:30,17483420
2026-04-21 09:27:21,17399578
2026-04-21 09:28:12,17397333
2026-04-21 09:29:03,17222468
2026-04-21 09:29:54,17113655
2026-04-21 09:30:44,17029027
2026-04-21 09:31:35,16969978
2026-04-21 09:32:25,16982584
2026-04-21 09:33:16,16982419
2026-04-21 09:34:06,16983183
2026-04-21 09:34:57,17090956
2026-04-21 09:35:47,16969879
2026-04-21 09:36:38,16946112
2026-04-21 09:37:28,16929336
2026-04-21 09:38:19,16909276
2026-04-21 09:39:09,16864566
2026-04-21 09:40:03,16893218
2026-04-21 09:40:53,16897325
2026-04-21 09:41:44,16892639
2026-04-21 09:42:34,17041554
2026-04-21 09:43:25,17068133
2026-04-21 09:44:15,16977983
2026-04-21 09:45:06,16910383
2026-04-21 09:45:57,16836748
2026-04-21 09:46:47,16767076
2026-04-21 09:47:38,16892156
2026-04-21 09:48:28,16765117
2026-04-21 09:49:19,16631157
2026-04-21 09:50:09,16572275
2026-04-21 09:50:59,16595806
2026-04-21 09:51:50,16594221
2026-04-21 09:52:41,16603811
2026-04-21 09:53:31,16628193
2026-04-21 09:54:22,16653622
2026-04-21 09:55:12,16695329
2026-04-21 09:56:03,16604020
2026-04-21 09:56:53,16724880
2026-04-21 09:57:44,16785567
2026-04-21 09:58:35,16812833
2026-04-21 09:59:25,16770198
2026-04-21 10:00:15,16672982
2026-04-21 10:01:06,16773791
2026-04-21 10:01:57,16731913
2026-04-21 10:02:47,16907387
2026-04-21 10:03:38,16791460
2026-04-21 10:04:28,16738147
2026-04-21 10:05:19,16863734
2026-04-21 10:06:09,16943230
2026-04-21 10:07:03,16985780
2026-04-21 10:07:54,17002447
2026-04-21 10:08:44,17088524
2026-04-21 10:09:35,16999562
2026-04-21 10:10:25,17032646
2026-04-21 10:11:16,16994014
2026-04-21 10:12:06,17074872
2026-04-21 10:12:57,17196506
2026-04-21 10:13:48,17148193
2026-04-21 10:14:38,17088225
2026-04-21 10:15:29,17156137
2026-04-21 10:16:19,17195908
2026-04-21 10:17:10,17164861
2026-04-21 10:18:03,17323473
2026-04-21 10:18:54,17345429
2026-04-21 10:19:45,17313774
2026-04-21 10:20:35,17276538
2026-04-21 10:21:26,17414162
2026-04-21 10:22:16,17370260
2026-04-21 10:23:07,17395689
2026-04-21 10:23:57,17381377
2026-04-21 10:24:48,17444890
2026-04-21 10:25:39,17445139
2026-04-21 10:26:29,17425240
2026-04-21 10:27:20,17386877
2026-04-21 10:28:10,17368404
2026-04-21 10:29:03,17292834
2026-04-21 10:29:54,17411717
2026-04-21 10:30:44,17366048
2026-04-21 10:31:34,17363692
2026-04-21 10:32:25,17230810
2026-04-21 10:33:16,17285549
2026-04-21 10:34:06,17237865
2026-04-21 10:34:57,17224807
2026-04-21 10:35:47,17190853
2026-04-21 10:36:38,17082067
2026-04-21 10:37:29,17129946
2026-04-21 10:38:19,17078874
2026-04-21 10:39:10,17089703
2026-04-21 10:40:03,17113704
2026-04-21 10:40:54,17133605
2026-04-21 10:41:44,17044033
2026-04-21 10:42:35,17159722
2026-04-21 10:43:25,17200100
2026-04-21 10:44:16,17204027
2026-04-21 10:45:06,17237989
2026-04-21 10:45:57,17188483
2026-04-21 10:46:48,17121668
2026-04-21 10:47:38,17145578
2026-04-21 10:48:29,17110788
2026-04-21 10:49:19,17083566
2026-04-21 10:50:10,17073833
2026-04-21 10:51:03,17063014
2026-04-21 10:51:54,17092205
2026-04-21 10:52:44,17220319
2026-04-21 10:53:35,17177734
2026-04-21 10:54:26,17236435
2026-04-21 10:55:16,17225858
2026-04-21 10:56:07,17441676
2026-04-21 10:56:57,17298404
2026-04-21 10:57:48,17215031
2026-04-21 10:58:38,17206139
2026-04-21 10:59:29,17205630
2026-04-21 11:00:19,17265060
2026-04-21 11:01:09,17269452
2026-04-21 11:02:03,17313493
2026-04-21 11:02:54,17234750
2026-04-21 11:03:44,17238205
2026-04-21 11:04:35,17188192
2026-04-21 11:05:25,17159420
2026-04-21 11:06:16,17117355
2026-04-21 11:07:06,17325348
2026-04-21 11:07:57,17266410
2026-04-21 11:08:48,17445108
2026-04-21 11:09:38,17390896
2026-04-21 11:10:29,17473680
2026-04-21 11:11:19,17400098
2026-04-21 11:12:10,17377842
2026-04-21 11:13:03,17413910
2026-04-21 11:13:54,17497422
2026-04-21 11:14:44,17535707
2026-04-21 11:15:35,17561136
2026-04-21 11:16:26,17537042
2026-04-21 11:17:16,17450996
2026-04-21 11:18:07,17526044
2026-04-21 11:18:57,17496145
2026-04-21 11:19:48,17436775
2026-04-21 11:20:38,17593281
2026-04-21 11:21:29,17484019
2026-04-21 11:22:19,17546646
2026-04-21 11:23:10,17447533
2026-04-21 11:24:03,17523112
2026-04-21 11:24:53,17380696
2026-04-21 11:25:44,17428251
2026-04-21 11:26:34,17424870
2026-04-21 11:27:25,17468782
2026-04-21 11:28:16,17561586
2026-04-21 11:29:06,17605488
2026-04-21 11:29:57,17505219
2026-04-21 11:30:47,17530648
2026-04-21 11:31:38,17420867
2026-04-21 11:32:28,17531108
2026-04-21 11:33:19,17456258
2026-04-21 11:34:09,17412356
2026-04-21 11:35:03,17412356
2026-04-21 11:35:53,17457255
2026-04-21 11:36:44,17484711
2026-04-21 11:37:35,17437305
2026-04-21 11:38:25,17374930
2026-04-21 11:39:16,17337026
2026-04-21 11:40:06,17361487
2026-04-21 11:40:56,17343024
2026-04-21 11:41:47,17386926
2026-04-21 11:42:38,17380938
2026-04-21 11:43:28,17443303
2026-04-21 11:44:19,17361487
2026-04-21 11:45:09,17361487
2026-04-21 11:46:03,17364002
2026-04-21 11:46:53,17417874
2026-04-21 11:47:44,17383903
2026-04-21 11:48:35,17420838
2026-04-21 11:49:25,17479671
2026-04-21 11:50:16,17520079
2026-04-21 11:51:06,17413314
2026-04-21 11:51:57,17446267
2026-04-21 11:52:47,17512624
2026-04-21 11:53:38,17512624
2026-04-21 11:54:28,17450249
2026-04-21 11:55:19,17431787
2026-04-21 11:56:10,17413314
2026-04-21 11:57:03,17457216
2026-04-21 11:57:54,17431787
2026-04-21 11:58:44,17427805
2026-04-21 11:59:35,17431787
2026-04-21 12:00:25,17365430
2026-04-21 12:01:16,17413314
2026-04-21 12:02:06,17317536
2026-04-21 12:02:57,17409332
2026-04-21 12:03:47,17486627
2026-04-21 12:04:38,17376378
2026-04-21 12:05:29,17295520
2026-04-21 12:06:19,17372885
2026-04-21 12:07:10,17332466
2026-04-21 12:08:03,17369402
2026-04-21 12:08:54,17365430
2026-04-21 12:09:44,17303045
2026-04-21 12:10:34,17323612
2026-04-21 12:11:25,17364265
2026-04-21 12:12:15,17364265
2026-04-21 12:13:06,17364265
2026-04-21 12:13:57,17320363
2026-04-21 12:14:47,17382738
2026-04-21 12:15:38,17382738
2026-04-21 12:16:28,17362490
2026-04-21 12:17:19,17441865
2026-04-21 12:18:09,17401200
2026-04-21 12:19:03,17478800
2026-04-21 12:19:53,17460327
2026-04-21 12:20:44,17357298
2026-04-21 12:21:35,17441865
2026-04-21 12:22:25,17500991
2026-04-21 12:23:16,17574872
2026-04-21 12:24:06,17515746
2026-04-21 12:24:57,17434898
2026-04-21 12:25:47,17471844
2026-04-21 12:26:38,17552926
2026-04-21 12:27:29,17530970
2026-04-21 12:28:19,17553150
2026-04-21 12:29:10,17590096
2026-04-21 12:30:03,17515746
2026-04-21 12:30:54,17515746
2026-04-21 12:31:44,17556399
2026-04-21 12:32:35,17512497
2026-04-21 12:33:25,17394244
2026-04-21 12:34:16,17456619
2026-04-21 12:35:06,17471844
2026-04-21 12:35:57,17453371
2026-04-21 12:36:47,17450434
2026-04-21 12:37:38,17438589
2026-04-21 12:38:28,17440684
2026-04-21 12:39:19,17380122
2026-04-21 12:40:09,17375270
2026-04-21 12:41:03,17414547
2026-04-21 12:41:53,17378414
2026-04-21 12:42:44,17377366
2026-04-21 12:43:34,17366228
2026-04-21 12:44:25,17395734
2026-04-21 12:45:15,17359941
2026-04-21 12:46:06,17273678
2026-04-21 12:46:56,17376456
2026-04-21 12:47:47,17328949
2026-04-21 12:48:37,17415487
2026-04-21 12:49:28,17462542
2026-04-21 12:50:18,17418542
2026-04-21 12:51:09,17402619
2026-04-21 12:51:59,17424475
2026-04-21 12:52:50,17413506
2026-04-21 12:53:40,17401018
2026-04-21 12:54:31,17581506
2026-04-21 12:55:21,17515543
2026-04-21 12:56:12,17605587
2026-04-21 12:57:03,17559445
2026-04-21 12:57:54,17518791
2026-04-21 12:58:44,17535258
2026-04-21 12:59:35,17553731
2026-04-21 13:00:25,17599864
2026-04-21 13:01:16,17594385
2026-04-21 13:02:06,17564934
2026-04-21 13:02:57,17583407
2026-04-21 13:03:47,17607061
2026-04-21 13:04:38,17524280
2026-04-21 13:05:28,17483627
2026-04-21 13:06:19,17503621
2026-04-21 13:07:09,17503621
2026-04-21 13:08:03,17404076
2026-04-21 13:08:53,17420533
2026-04-21 13:09:44,17417611
2026-04-21 13:10:34,17449735
2026-04-21 13:11:25,17468941
2026-04-21 13:12:15,17431771
2026-04-21 13:13:06,17440234
2026-04-21 13:13:56,17488880
2026-04-21 13:14:47,17507353
2026-04-21 13:15:37,17544289
2026-04-21 13:16:28,17488646
2026-04-21 13:17:18,17523087
2026-04-21 13:18:09,17353691
2026-04-21 13:18:59,17350391
2026-04-21 13:19:50,17431526
2026-04-21 13:20:40,17384111
2026-04-21 13:21:31,17366899
2026-04-21 13:22:21,17383367
2026-04-21 13:23:12,17393846
2026-04-21 13:24:03,17399834
2026-04-21 13:24:54,17404823
2026-04-21 13:25:44,17516141
2026-04-21 13:26:35,17672378
2026-04-21 13:27:25,17582274
2026-04-21 13:28:16,17639444
2026-04-21 13:29:06,17677124
2026-04-21 13:29:57,17688826
2026-04-21 13:30:47,17568312
2026-04-21 13:31:38,17672858
2026-04-21 13:32:28,17585004
2026-04-21 13:33:19,17638900
2026-04-21 13:34:09,17628651
2026-04-21 13:35:03,17583242
2026-04-21 13:35:53,17553801
2026-04-21 13:36:44,17664619
2026-04-21 13:37:34,17629137
2026-04-21 13:38:25,17627673
2026-04-21 13:39:16,17683092
2026-04-21 13:40:06,17834563
2026-04-21 13:40:56,17691727
2026-04-21 13:41:47,17677846
2026-04-21 13:42:37,17689232
2026-04-21 13:43:28,17692939
2026-04-21 13:44:18,17619651
2026-04-21 13:45:09,17768617
2026-04-21 13:45:59,17834821
2026-04-21 13:46:50,17838538
2026-04-21 13:47:41,17808687
2026-04-21 13:48:31,17730235
2026-04-21 13:49:22,17694152
2026-04-21 13:50:14,17689572
2026-04-21 13:51:04,17783129
2026-04-21 13:51:55,17771741
2026-04-21 13:52:45,17700374
2026-04-21 13:53:36,17782545
2026-04-21 13:54:26,17612426
2026-04-21 13:55:17,17615946
2026-04-21 13:56:07,17690656
2026-04-21 13:56:58,17774194
2026-04-21 13:57:49,17757727
2026-04-21 13:58:39,17717687
2026-04-21 13:59:30,17556502
2026-04-21 14:00:20,17602954
2026-04-21 14:01:10,17581767
2026-04-21 14:02:03,17524570
2026-04-21 14:02:53,17567565
2026-04-21 14:03:44,17587562
2026-04-21 14:04:34,17557043
2026-04-21 14:05:25,17618785
2026-04-21 14:06:15,17641386
2026-04-21 14:07:06,17610090
2026-04-21 14:07:56,17618413
2026-04-21 14:08:47,17449042
2026-04-21 14:09:37,17547459
2026-04-21 14:10:28,17546268
2026-04-21 14:11:18,17575219
2026-04-21 14:12:09,17641984
2026-04-21 14:12:59,17651464
2026-04-21 14:13:50,17665383
2026-04-21 14:14:40,17661950
2026-04-21 14:15:31,17568981
2026-04-21 14:16:21,17600223
2026-04-21 14:17:12,17526342
2026-04-21 14:18:03,17524924
2026-04-21 14:18:54,17474081
2026-04-21 14:19:44,17526342
2026-04-21 14:20:35,17526342
2026-04-21 14:21:25,17466996
2026-04-21 14:22:16,17449951
2026-04-21 14:23:06,17542295
2026-04-21 14:23:57,17466996
2026-04-21 14:24:48,17502001
2026-04-21 14:25:38,17498080
2026-04-21 14:26:29,17556167
2026-04-21 14:27:19,17750803
2026-04-21 14:28:10,17674621
2026-04-21 14:29:03,17718542
2026-04-21 14:29:54,17750379
2026-04-21 14:30:44,17668588
2026-04-21 14:31:35,17738960
2026-04-21 14:32:25,17714863
2026-04-21 14:33:16,17726001
2026-04-21 14:34:06,17780048
2026-04-21 14:34:57,17776204
2026-04-21 14:35:47,17863247
2026-04-21 14:36:38,17817692
2026-04-21 14:37:28,17854123
2026-04-21 14:38:19,17930037
2026-04-21 14:39:09,17814759
2026-04-21 14:40:03,17778784
2026-04-21 14:40:53,17608272
2026-04-21 14:41:44,17594778
2026-04-21 14:42:34,17588183
2026-04-21 14:43:25,17684650
2026-04-21 14:44:15,17718700
2026-04-21 14:45:06,17833136
2026-04-21 14:45:56,17885675
2026-04-21 14:46:47,17820830
2026-04-21 14:47:37,17834993
2026-04-21 14:48:28,17784420
2026-04-21 14:49:18,17738047
2026-04-21 14:50:09,17795538
2026-04-21 14:50:59,17774449
2026-04-21 14:51:50,17846329
2026-04-21 14:52:40,17750473
2026-04-21 14:53:31,17680498
2026-04-21 14:54:21,17625561
2026-04-21 14:55:12,17769702
2026-04-21 14:56:03,17716243
2026-04-21 14:56:54,17788614
2026-04-21 14:57:44,17744858
2026-04-21 14:58:35,17803985
2026-04-21 14:59:25,17784472
2026-04-21 15:00:15,17846541
2026-04-21 15:01:06,17901949
2026-04-21 15:01:56,17797162
2026-04-21 15:02:47,17815635
2026-04-21 15:03:37,17824350
2026-04-21 15:04:28,17865003
2026-04-21 15:05:19,17828068
2026-04-21 15:06:09,17854825
2026-04-21 15:07:03,17802934
2026-04-21 15:07:53,17888217
2026-04-21 15:08:44,17866202
2026-04-21 15:09:34,17900997
2026-04-21 15:10:24,17851107
2026-04-21 15:11:15,17837199
2026-04-21 15:12:05,17834108
2026-04-21 15:12:56,17784896
2026-04-21 15:13:46,17823480
2026-04-21 15:14:37,17831311
2026-04-21 15:15:27,17889240
2026-04-21 15:16:18,17870268
2026-04-21 15:17:08,17876047
2026-04-21 15:17:59,17900960
2026-04-21 15:18:49,17836535
2026-04-21 15:19:40,17865701
2026-04-21 15:20:30,17881072
2026-04-21 15:21:21,17881072
2026-04-21 15:22:11,17881072
2026-04-21 15:23:03,17881072
2026-04-21 15:23:53,17881072
2026-04-21 15:24:44,17881072
2026-04-21 15:25:34,17881072
2026-04-21 15:26:25,17881072
2026-04-21 15:27:15,17881072
2026-04-21 15:28:06,17881072
2026-04-21 15:28:56,17881072
2026-04-21 15:29:47,17881072
2026-04-21 15:30:37,17941660
2026-04-21 15:31:27,17941660
2026-04-21 15:32:18,17941660
2026-04-21 15:33:08,17941660
2026-04-21 15:33:59,17941660
2026-04-21 15:34:49,17941660
2026-04-21 15:35:40,17941660
2026-04-21 15:36:30,17941660
2026-04-21 15:37:21,17941660
2026-04-21 15:38:11,17941660
2026-04-21 15:39:03,17941660
2026-04-21 15:39:53,17941660
2026-04-21 15:40:44,17962039
2026-04-21 15:41:34,17929893
2026-04-21 15:42:25,17944863
2026-04-21 15:43:15,17926400
2026-04-21 15:44:06,17890742
2026-04-21 15:44:56,17878876
2026-04-21 15:45:47,17909116
2026-04-21 15:46:37,17885961
2026-04-21 15:47:28,17897728
2026-04-21 15:48:18,17882369
2026-04-21 15:49:09,17892947
2026-04-21 15:49:59,17919694
2026-04-21 15:50:49,17968018
2026-04-21 15:51:40,17978596
2026-04-21 15:52:30,17933386
2026-04-21 15:53:21,17931082
2026-04-21 15:54:11,17929893
2026-04-21 15:55:03,17914913
2026-04-21 15:55:53,17911321
2026-04-21 15:56:44,17897629
2026-04-21 15:57:34,17894136
2026-04-21 15:58:25,17919694
2026-04-21 15:59:15,17919694
2026-04-21 16:00:06,17889355
2026-04-21 16:00:56,17912609
2026-04-21 16:01:47,17882748
2026-04-21 16:02:37,17854096
2026-04-21 16:03:28,17828538
2026-04-21 16:04:18,17835623
2026-04-21 16:05:09,17817160
2026-04-21 16:05:59,17810075
2026-04-21 16:06:50,17836822
2026-04-21 16:07:40,17847400
2026-04-21 16:08:31,17836822
2026-04-21 16:09:21,17825444
2026-04-21 16:10:13,17832031
2026-04-21 16:11:04,17828538
2026-04-21 16:11:54,17883946
2026-04-21 16:12:45,17887538
2026-04-21 16:13:35,17864286
2026-04-21 16:14:26,17887538
2026-04-21 16:15:16,17872569
2026-04-21 16:16:07,17861991
2026-04-21 16:16:57,17853708
2026-04-21 16:17:48,17861991
2026-04-21 16:18:38,17854096
2026-04-21 16:19:29,17850603
2026-04-21 16:20:19,17798687
2026-04-21 16:21:09,17817160
2026-04-21 16:22:03,17843907
2026-04-21 16:22:54,17843907
2026-04-21 16:23:44,17817160
2026-04-21 16:24:35,17765234
2026-04-21 16:25:25,17798687
2026-04-21 16:26:16,17820653
2026-04-21 16:27:06,17780214
2026-04-21 16:27:56,17820653
2026-04-21 16:28:47,17820653
2026-04-21 16:29:37,17808877
2026-04-21 16:30:28,17790404
2026-04-21 16:31:18,17764846
2026-04-21 16:32:09,17771931
2026-04-21 16:32:59,17773129
2026-04-21 16:33:49,17793897
2026-04-21 16:34:40,17790404
2026-04-21 16:35:30,17795095
2026-04-21 16:36:21,17798687
2026-04-21 16:37:11,17824146
2026-04-21 16:38:03,17797390
2026-04-21 16:38:54,17815863
2026-04-21 16:39:44,17830833
2026-04-21 16:40:34,17815863
2026-04-21 16:41:25,17871272
2026-04-21 16:42:15,17857589
2026-04-21 16:43:06,17871272
2026-04-21 16:43:56,17849306
2026-04-21 16:44:47,17804096
2026-04-21 16:45:37,17807589
2026-04-21 16:46:28,17852799
2026-04-21 16:47:18,17844525
2026-04-21 16:48:09,17851611
2026-04-21 16:48:59,17851611
2026-04-21 16:49:50,17826052
2026-04-21 16:50:40,17836621
2026-04-21 16:51:30,17833138
2026-04-21 16:52:21,17837809
2026-04-21 16:53:12,17836621
2026-04-21 16:54:03,17796202
2026-04-21 16:54:54,17818158
2026-04-21 16:55:44,17799685
2026-04-21 16:56:35,17796202
2026-04-21 16:57:25,17781212
2026-04-21 16:58:16,17804476
2026-04-21 16:59:06,17826052
2026-04-21 16:59:57,17836621
2026-04-21 17:00:47,17826432
2026-04-21 17:01:38,17811072
2026-04-21 17:02:28,17814675
2026-04-21 17:03:19,17818158
2026-04-21 17:04:09,17802789
2026-04-21 17:05:03,17770643
2026-04-21 17:05:53,17777729
2026-04-21 17:06:44,17796202
2026-04-21 17:07:34,17802899
2026-04-21 17:08:25,17806392
2026-04-21 17:09:15,17807589
2026-04-21 17:10:06,17818268
2026-04-21 17:10:56,17818268
2026-04-21 17:11:46,17814675
2026-04-21 17:12:37,17855204
2026-04-21 17:13:27,17858697
2026-04-21 17:14:18,17863478
2026-04-21 17:15:08,17885444
2026-04-21 17:15:59,17873677
2026-04-21 17:16:49,17874865
2026-04-21 17:17:40,17815963
2026-04-21 17:18:30,17833238
2026-04-21 17:19:21,17833238
2026-04-21 17:20:15,17830933
2026-04-21 17:21:05,17811282
2026-04-21 17:21:56,17804196
2026-04-21 17:22:46,17856492
2026-04-21 17:23:37,17874965
2026-04-21 17:24:27,17878458
2026-04-21 17:25:18,17878458
2026-04-21 17:26:08,17848218
2026-04-21 17:26:58,17866691
2026-04-21 17:27:49,17867879
2026-04-21 17:28:39,17866691
2026-04-21 17:29:30,17859605
2026-04-21 17:30:20,17878458
2026-04-21 17:31:11,17878458
2026-04-21 17:32:03,17886341
2026-04-21 17:32:54,17893427
2026-04-21 17:33:44,17911900
2026-04-21 17:34:35,17911900
2026-04-21 17:35:25,17885153
2026-04-21 17:36:16,17923287
2026-04-21 17:37:06,17912708
2026-04-21 17:37:57,17894235
2026-04-21 17:38:47,17860793
2026-04-21 17:39:38,17857300
2026-04-21 17:40:28,17859605
2026-04-21 17:41:19,17871372
2026-04-21 17:42:09,17856012
2026-04-21 17:43:03,17804196
2026-04-21 17:43:53,17804196
2026-04-21 17:44:44,17844625
2026-04-21 17:45:34,17844625
2026-04-21 17:46:24,17852899
2026-04-21 17:47:15,17834426
2026-04-21 17:48:05,17845813
2026-04-21 17:48:56,17864675
2026-04-21 17:49:46,17864675
2026-04-21 17:50:37,17861182
2026-04-21 17:51:27,17819456
2026-04-21 17:52:18,17834825
2026-04-21 17:53:08,17819456
2026-04-21 17:53:59,17827739
2026-04-21 17:54:49,17834825
2026-04-21 17:55:40,17831232
2026-04-21 17:56:30,17856781
2026-04-21 17:57:21,17846202
2026-04-21 17:58:11,17837919
2026-04-21 17:59:03,17846202
2026-04-21 17:59:53,17831232
2026-04-21 18:00:44,17827739
2026-04-21 18:01:34,17826542
2026-04-21 18:02:25,17834825
2026-04-21 18:03:15,17831232
2026-04-21 18:04:06,17838318
2026-04-21 18:04:56,17831232
2026-04-21 18:05:47,17834825
2026-04-21 18:06:37,17871761
2026-04-21 18:07:28,17856781
2026-04-21 18:08:18,17849695
2026-04-21 18:09:09,17848498
2026-04-21 18:10:03,17875254
2026-04-21 18:10:53,17856781
2026-04-21 18:11:43,17875254
2026-04-21 18:12:34,17856781
2026-04-21 18:13:24,17826542
2026-04-21 18:14:15,17846202
2026-04-21 18:15:06,17853288
2026-04-21 18:15:56,17857979
2026-04-21 18:16:47,17857979
2026-04-21 18:17:37,17846602
2026-04-21 18:18:28,17865065
2026-04-21 18:19:18,17868548
2026-04-21 18:20:09,17850085
2026-04-21 18:20:59,17846602
2026-04-21 18:21:49,17853178
2026-04-21 18:22:40,17865065
2026-04-21 18:23:30,17883538
2026-04-21 18:24:21,17887021
2026-04-21 18:25:11,17875254
2026-04-21 18:26:03,17875254
2026-04-21 18:26:53,17860264
2026-04-21 18:27:44,17842999
2026-04-21 18:28:34,17828129
2026-04-21 18:29:25,17846602
2026-04-21 18:30:15,17868548
2026-04-21 18:31:06,17879935
2026-04-21 18:31:56,17868548
2026-04-21 18:32:47,17868548
2026-04-21 18:33:37,17868548
2026-04-21 18:34:28,17868548
2026-04-21 18:35:18,17872041
2026-04-21 18:36:09,17887021
2026-04-21 18:36:59,17872041
2026-04-21 18:37:50,17872041
2026-04-21 18:38:40,17864955
2026-04-21 18:39:31,17890514
2026-04-21 18:40:21,17897600
2026-04-21 18:41:12,17870843
2026-04-21 18:42:03,17875634
2026-04-21 18:42:54,17894107
2026-04-21 18:43:44,17863757
2026-04-21 18:44:35,17879127
2026-04-21 18:45:25,17868548
2026-04-21 18:46:16,17879127
2026-04-21 18:47:06,17882620
2026-04-21 18:47:57,17870743
2026-04-21 18:48:47,17879027
2026-04-21 18:49:38,17879027
2026-04-21 18:50:28,17886113
2026-04-21 18:51:19,17886113
2026-04-21 18:52:09,17904586
2026-04-21 18:53:03,17908079
2026-04-21 18:53:53,17896302
2026-04-21 18:54:44,17882620
2026-04-21 18:55:34,17897500
2026-04-21 18:56:25,17909375
2026-04-21 18:57:15,17897500
2026-04-21 18:58:06,17887309
2026-04-21 18:58:56,17886113
2026-04-21 18:59:47,17919953
2026-04-21 19:00:37,17901480
2026-04-21 19:01:28,17893198
2026-04-21 19:02:18,17901480
2026-04-21 19:03:09,17915164
2026-04-21 19:03:59,17912868
2026-04-21 19:04:50,17915164
2026-04-21 19:05:40,17912868
2026-04-21 19:06:31,17923446
2026-04-21 19:07:21,17912868
2026-04-21 19:08:12,17919953
2026-04-21 19:09:03,17916361
2026-04-21 19:09:54,17911671
2026-04-21 19:10:44,17916361
2026-04-21 19:11:34,17923446
2026-04-21 19:12:25,17916361
2026-04-21 19:13:15,17896691
2026-04-21 19:14:06,17897888
2026-04-21 19:14:57,17919953
2026-04-21 19:15:47,17919953
2026-04-21 19:16:37,17916361
2026-04-21 19:17:28,17923446
2026-04-21 19:18:18,17919953
2026-04-21 19:19:09,17919953
2026-04-21 19:19:59,17908079
2026-04-21 19:20:50,17915164
2026-04-21 19:21:40,17908079
2026-04-21 19:22:31,17874735
2026-04-21 19:23:21,17871143
2026-04-21 19:24:12,17889606
2026-04-21 19:25:03,17896691
2026-04-21 19:25:54,17877829
2026-04-21 19:26:44,17862859
2026-04-21 19:27:35,17869944
2026-04-21 19:28:25,17874636
2026-04-21 19:29:16,17881322
2026-04-21 19:30:06,17900184
2026-04-21 19:30:56,17910373
2026-04-21 19:31:47,17889606
2026-04-21 19:32:38,17881721
2026-04-21 19:33:28,17841282
2026-04-21 19:34:19,17881721
2026-04-21 19:35:09,17863248
2026-04-21 19:36:03,17834584
2026-04-21 19:36:53,17822809
2026-04-21 19:37:44,17834584
2026-04-21 19:38:34,17827499
2026-04-21 19:39:25,17831091
2026-04-21 19:40:15,17827499
2026-04-21 19:41:05,17845972
2026-04-21 19:41:56,17827499
2026-04-21 19:42:47,17834584
2026-04-21 19:43:37,17827499
2026-04-21 19:44:28,17819614
2026-04-21 19:45:18,17819614
2026-04-21 19:46:09,17812529
2026-04-21 19:46:59,17819614
2026-04-21 19:47:50,17819614
2026-04-21 19:48:40,17801141
2026-04-21 19:49:31,17823107
2026-04-21 19:50:21,17833288
2026-04-21 19:51:12,17841570
2026-04-21 19:52:03,17868327
2026-04-21 19:52:54,17849854
2026-04-21 19:53:44,17861242
2026-04-21 19:54:35,17880205
2026-04-21 19:55:25,17876611
2026-04-21 19:56:16,17861631
2026-04-21 19:57:06,17824306
2026-04-21 19:57:57,17806222
2026-04-21 19:58:47,17839675
2026-04-21 19:59:38,17847958
2026-04-22 08:00:35,19302317
2026-04-22 08:01:36,19319582
2026-04-22 08:02:26,17297196
2026-04-22 08:03:17,17301488
2026-04-22 08:04:07,17834041
2026-04-22 08:04:58,18233321
2026-04-22 08:06:20,17957652
2026-04-22 08:07:10,18052701
2026-04-22 08:08:03,17948442
2026-04-22 08:08:54,17816556
2026-04-22 08:09:44,17912494
2026-04-22 08:10:35,17884130
2026-04-22 08:11:25,17862764
2026-04-22 08:12:16,17741457
2026-04-22 08:13:07,17680459
2026-04-22 08:13:57,17707634
2026-04-22 08:14:48,17818253
2026-04-22 08:15:38,17915987
2026-04-22 08:16:29,17840916
2026-04-22 08:17:19,17857484
2026-04-22 08:18:10,17828452
2026-04-22 08:19:03,17760568
2026-04-22 08:19:54,17722534
2026-04-22 08:20:45,17678182
2026-04-22 08:21:35,17711226
2026-04-22 08:22:26,17694651
2026-04-22 08:23:16,17756058
2026-04-22 08:24:07,17806367
2026-04-22 08:24:58,17860279
2026-04-22 08:25:48,17820218
2026-04-22 08:26:39,17801755
2026-04-22 08:27:30,17789879
2026-04-22 08:28:20,17786086
2026-04-22 08:29:11,17742553
2026-04-22 08:30:03,17757523
2026-04-22 08:30:54,17732682
2026-04-22 08:31:45,17746354
2026-04-22 08:32:35,17823719
2026-04-22 08:33:26,17848970
2026-04-22 08:34:16,17867742
2026-04-22 08:35:07,17874827
2026-04-22 08:35:57,17890198
2026-04-22 08:36:48,17865318
2026-04-22 08:37:38,17865118
2026-04-22 08:38:29,17887473
2026-04-22 08:39:20,17868202
2026-04-22 08:40:10,17956655
2026-04-22 08:41:03,17957854
2026-04-22 08:41:54,17976027
2026-04-22 08:42:44,17945886
2026-04-22 08:43:35,17938891
2026-04-22 08:44:26,17941474
2026-04-22 08:45:16,17919928
2026-04-22 08:46:07,17892493
2026-04-22 08:46:57,17877733
2026-04-22 08:47:48,17847485
2026-04-22 08:48:38,17888822
2026-04-22 08:49:29,17884231
2026-04-22 09:01:18,18648658
2026-04-22 09:02:08,18944107
2026-04-22 09:02:59,18352531
2026-04-22 09:03:49,17964506
2026-04-22 09:04:40,18038286
2026-04-22 09:05:31,18219236
2026-04-22 09:06:21,18374919
2026-04-22 09:07:12,18217053
2026-04-22 09:08:03,18073070
2026-04-22 09:08:54,18248066
2026-04-22 09:09:44,17918081
2026-04-22 09:10:35,18024730
2026-04-22 09:11:25,17932249
2026-04-22 09:12:16,17751118
2026-04-22 09:13:06,17961044
2026-04-22 09:13:57,17739818
2026-04-22 09:14:47,17745232
2026-04-22 09:15:38,17743236
2026-04-22 09:16:28,17688514
2026-04-22 09:17:19,17513120
2026-04-22 09:18:10,17413040
2026-04-22 09:19:03,17571659
2026-04-22 09:19:54,17690210
2026-04-22 09:20:44,17805356
2026-04-22 09:21:35,17801638
2026-04-22 09:22:25,17605475
2026-04-22 09:23:16,17682786
2026-04-22 09:24:06,17645840
2026-04-22 09:24:57,17627977
2026-04-22 09:25:47,17628126
2026-04-22 09:26:38,17609803
2026-04-22 09:27:28,17532790
2026-04-22 09:28:19,17692102
2026-04-22 09:29:09,17688150
2026-04-22 09:30:03,17566243
2026-04-22 09:30:53,17652358
2026-04-22 09:31:44,17689563
2026-04-22 09:32:34,17680076
2026-04-22 09:33:25,17713914
2026-04-22 09:34:15,17791813
2026-04-22 09:35:06,17787898
2026-04-22 09:35:56,17804782
2026-04-22 09:36:47,17751509
2026-04-22 09:37:37,17677317
2026-04-22 09:38:28,17467014
2026-04-22 09:39:18,17415165
2026-04-22 09:40:09,17473895
2026-04-22 09:40:59,17513192
2026-04-22 09:41:50,17462589
2026-04-22 09:42:40,17344027
2026-04-22 09:43:31,17248808
2026-04-22 09:44:21,17189682
2026-04-22 09:45:12,17474536
2026-04-22 09:46:03,17340609
2026-04-22 09:46:54,17329750
2026-04-22 09:47:44,17426187
2026-04-22 09:48:35,17420078
2026-04-22 09:49:25,17578684
2026-04-22 09:50:15,17600578
2026-04-22 09:51:06,17618751
2026-04-22 09:51:57,17500787
2026-04-22 09:52:47,17600278
2026-04-22 09:53:38,17618751
2026-04-22 09:54:28,17973509
2026-04-22 09:55:19,17886349
2026-04-22 09:56:09,17677806
2026-04-22 09:57:03,17637554
2026-04-22 09:57:53,17644041
2026-04-22 09:58:44,17667219
2026-04-22 09:59:34,17713318
2026-04-22 10:00:24,17644655
2026-04-22 10:01:15,17703382
2026-04-22 10:02:06,17644256
2026-04-22 10:02:56,17640763
2026-04-22 10:03:47,17578842
2026-04-22 10:04:37,17575448
2026-04-22 10:05:28,17632478
2026-04-22 10:06:18,17750332
2026-04-22 10:07:09,17690206
2026-04-22 10:07:59,17574050
2026-04-22 10:08:50,17510023
2026-04-22 10:09:40,17527498
2026-04-22 10:10:30,17469071
2026-04-22 10:11:21,17524914
2026-04-22 10:12:11,17410144
2026-04-22 10:13:03,17388425
2026-04-22 10:13:53,17468335
2026-04-22 10:14:44,17485810
2026-04-22 10:15:35,17587386
2026-04-22 10:16:25,17546034
2026-04-22 10:17:16,17625720
2026-04-22 10:18:06,17567291
2026-04-22 10:18:57,17624032
2026-04-22 10:19:47,17565994
2026-04-22 10:20:38,17487007
2026-04-22 10:21:29,17408710
2026-04-22 10:22:19,17425386
2026-04-22 10:23:10,17246609
2026-04-22 10:24:03,17441763
2026-04-22 10:24:54,17242265
2026-04-22 10:25:44,17307778
2026-04-22 10:26:35,17429925
2026-04-22 10:27:25,17416531
2026-04-22 10:28:16,17391592
2026-04-22 10:29:07,17379729
2026-04-22 10:29:57,17378730
2026-04-22 10:30:47,17437982
2026-04-22 10:31:38,17403506
2026-04-22 10:32:28,17572514
2026-04-22 10:33:19,17804028
2026-04-22 10:34:09,17701128
2026-04-22 10:35:03,17634934
2026-04-22 10:35:53,17561709
2026-04-22 10:36:44,17633187
2026-04-22 10:37:34,17436075
2026-04-22 10:38:25,17473511
2026-04-22 10:39:15,17666770
2026-04-22 10:40:06,17606247
2026-04-22 10:40:56,17467888
2026-04-22 10:41:47,17426536
2026-04-22 10:42:37,17428632
2026-04-22 10:43:28,17447794
2026-04-22 10:44:18,17447005
2026-04-22 10:45:09,17505433
2026-04-22 10:45:59,17623686
2026-04-22 10:46:50,17705850
2026-04-22 10:47:40,17702737
2026-04-22 10:48:31,17638408
2026-04-22 10:49:21,17658080
2026-04-22 10:50:14,17745451
2026-04-22 10:51:04,17718015
2026-04-22 10:51:55,17546609
2026-04-22 10:52:45,17470019
2026-04-22 10:53:36,17518321
2026-04-22 10:54:26,17424144
2026-04-22 10:55:17,17571827
2026-04-22 10:56:07,17433426
2026-04-22 10:56:58,17449762
2026-04-22 10:57:48,17491534
2026-04-22 10:58:39,17476464
2026-04-22 10:59:29,17493581
2026-04-22 11:00:32,17491813
2026-04-22 11:01:23,17487732
2026-04-22 11:02:13,17485507
2026-04-22 11:03:04,17475816
2026-04-22 11:03:54,17474779
2026-04-22 11:04:45,17473401
2026-04-22 11:05:35,17411500
2026-04-22 11:06:26,17516965
2026-04-22 11:07:16,17490497
2026-04-22 11:08:07,17534135
2026-04-22 11:08:57,17535692
2026-04-22 11:09:48,17483017
2026-04-22 11:10:38,17558022
2026-04-22 11:11:28,17493490
2026-04-22 11:12:19,17548381
2026-04-22 11:13:09,17529089
2026-04-22 11:14:03,17528691
2026-04-22 11:14:53,17510228
2026-04-22 11:15:44,17517013
2026-04-22 11:16:34,17507852
2026-04-22 11:17:25,17544567
2026-04-22 11:18:15,17517771
2026-04-22 11:19:06,17591289
2026-04-22 11:19:57,17753509
2026-04-22 11:20:47,17682696
2026-04-22 11:21:37,17679278
2026-04-22 11:22:28,17620372
2026-04-22 11:23:18,17700067
2026-04-22 11:24:09,17630117
2026-04-22 11:24:59,17627402
2026-04-22 11:25:50,17684772
2026-04-22 11:26:41,17687387
2026-04-22 11:27:31,17663650
2026-04-22 11:28:22,17646574
2026-04-22 11:29:12,17622088
2026-04-22 11:30:03,17605761
2026-04-22 11:30:53,17816752
2026-04-22 11:31:43,17852780
2026-04-22 11:32:34,17869809
2026-04-22 11:33:24,17743857
2026-04-22 11:34:15,17761633
2026-04-22 11:35:06,17894697
2026-04-22 11:35:56,17930179
2026-04-22 11:36:47,17873373
2026-04-22 11:37:37,18010399
2026-04-22 11:38:28,17969337
2026-04-22 11:39:18,17932800
2026-04-22 11:40:09,17814247
2026-04-22 11:40:59,17877391
2026-04-22 11:41:49,17666483
2026-04-22 11:42:40,17686354
2026-04-22 11:43:30,17628625
2026-04-22 11:44:21,17684334
2026-04-22 11:45:11,17683635
2026-04-22 11:46:03,17741763
2026-04-22 11:46:53,17742063
2026-04-22 11:47:44,17781717
2026-04-22 11:48:34,17823778
2026-04-22 11:49:25,17841543
2026-04-22 11:50:15,17879187
2026-04-22 11:51:06,17842940
2026-04-22 11:51:56,17843240
2026-04-22 11:52:47,17861413
2026-04-22 11:53:37,17765350
2026-04-22 11:54:28,17784113
2026-04-22 11:55:18,17743160
2026-04-22 11:56:09,17783813
2026-04-22 11:56:59,17724987
2026-04-22 11:57:50,17706921
2026-04-22 11:58:40,17780511
2026-04-22 11:59:31,17750820
2026-04-22 12:00:32,17676176
2026-04-22 12:01:22,17633726
2026-04-22 12:02:13,17572712
2026-04-22 12:03:03,17737958
2026-04-22 12:03:54,17738307
2026-04-22 12:04:44,17661055
2026-04-22 12:05:35,17738655
2026-04-22 12:06:25,17642582
2026-04-22 12:07:16,17761833
2026-04-22 12:08:06,17743910
2026-04-22 12:08:57,17766648
2026-04-22 12:09:47,17726294
2026-04-22 12:10:38,17803185
2026-04-22 12:11:29,17804582
2026-04-22 12:12:19,17785720
2026-04-22 12:13:09,17685631
2026-04-22 12:14:03,17704104
2026-04-22 12:14:54,17785121
2026-04-22 12:15:44,17784023
2026-04-22 12:16:35,17724948
2026-04-22 12:17:25,17666171
2026-04-22 12:18:16,17666171
2026-04-22 12:19:06,17665472
2026-04-22 12:19:57,17724598
2026-04-22 12:20:47,17606994
2026-04-22 12:21:37,17665547
2026-04-22 12:22:28,17684709
2026-04-22 12:23:19,17684010
2026-04-22 12:24:09,17684010
2026-04-22 12:25:03,17625582
2026-04-22 12:25:53,17606570
2026-04-22 12:26:44,17606420
2026-04-22 12:27:34,17488455
2026-04-22 12:28:25,17488156
2026-04-22 12:29:15,17547882
2026-04-22 12:30:06,17452208
2026-04-22 12:30:56,17512033
2026-04-22 12:31:46,17357543
2026-04-22 12:32:37,17376166
2026-04-22 12:33:27,17354825
2026-04-22 12:34:18,17391611
2026-04-22 12:35:08,17350258
2026-04-22 12:35:59,17487533
2026-04-22 12:36:49,17387354
2026-04-22 12:37:40,17445832
2026-04-22 12:38:30,17527088
2026-04-22 12:39:21,17645352
2026-04-22 12:40:13,17586614
2026-04-22 12:41:04,17545561
2026-04-22 12:41:54,17545261
2026-04-22 12:42:45,17603690
2026-04-22 12:43:35,17466964
2026-04-22 12:44:26,17585517
2026-04-22 12:45:16,17531573
2026-04-22 12:46:07,17510090
2026-04-22 12:46:57,17491317
2026-04-22 12:47:48,17485038
2026-04-22 12:48:38,17447792
2026-04-22 12:49:29,17407139
2026-04-22 12:50:19,17448092
2026-04-22 12:51:10,17389365
2026-04-22 12:52:03,17426311
2026-04-22 12:52:54,17466964
2026-04-22 12:53:44,17407139
2026-04-22 12:54:35,17426012
2026-04-22 12:55:25,17543565
2026-04-22 12:56:16,17487457
2026-04-22 12:57:06,17488156
2026-04-22 12:57:57,17488455
2026-04-22 12:58:47,17505920
2026-04-22 12:59:38,17465267
2026-04-22 13:00:28,17406141
2026-04-22 13:01:19,17446097
2026-04-22 13:02:09,17447493
2026-04-22 13:03:03,17351730
2026-04-22 13:03:53,17454147
2026-04-22 13:04:44,17453448
2026-04-22 13:05:34,17554625
2026-04-22 13:06:25,17512275
2026-04-22 13:07:15,17571402
2026-04-22 13:08:06,17530039
2026-04-22 13:08:57,17471612
2026-04-22 13:09:47,17589865
2026-04-22 13:10:38,17571402
2026-04-22 13:11:28,17512574
2026-04-22 13:12:19,17530039
2026-04-22 13:13:09,17452912
2026-04-22 13:14:03,17469680
2026-04-22 13:14:53,17488752
2026-04-22 13:15:44,17434042
2026-04-22 13:16:34,17433642
2026-04-22 13:17:25,17432744
2026-04-22 13:18:15,17456399
2026-04-22 13:19:06,17413173
2026-04-22 13:19:57,17371522
2026-04-22 13:20:47,17369536
2026-04-22 13:21:38,17548113
2026-04-22 13:22:28,17430358
2026-04-22 13:23:19,17487490
2026-04-22 13:24:09,17410589
2026-04-22 13:25:03,17428912
2026-04-22 13:25:53,17350863
2026-04-22 13:26:44,17350166
2026-04-22 13:27:34,17350465
2026-04-22 13:28:25,17351162
2026-04-22 13:29:15,17291837
2026-04-22 13:30:06,17292335
2026-04-22 13:30:56,17351812
2026-04-22 13:31:47,17343022
2026-04-22 13:32:37,17311605
2026-04-22 13:33:28,17353034
2026-04-22 13:34:18,17328383
2026-04-22 13:35:09,17386801
2026-04-22 13:35:59,17387199
2026-04-22 13:36:50,17423737
2026-04-22 13:37:40,17286012
2026-04-22 13:38:31,17345138
2026-04-22 13:39:21,17244660
2026-04-22 13:40:32,17342935
2026-04-22 13:41:23,17301085
2026-04-22 13:42:13,17225981
2026-04-22 13:43:04,17304677
2026-04-22 13:43:54,17225882
2026-04-22 13:44:45,17282612
2026-04-22 13:45:35,17285806
2026-04-22 13:46:26,17285406
2026-04-22 13:47:16,17207817
2026-04-22 13:48:07,17094778
2026-04-22 13:48:57,17169774
2026-04-22 13:49:48,17155303
2026-04-22 13:50:38,17131415
2026-04-22 13:51:28,17211011
2026-04-22 13:52:19,17133411
2026-04-22 13:53:09,17169349
2026-04-22 13:54:03,17230072
2026-04-22 13:54:54,17214604
2026-04-22 13:55:44,17211411
2026-04-22 13:56:35,17346128
2026-04-22 13:57:25,17285805
2026-04-22 13:58:16,17465630
2026-04-22 13:59:06,17458594
2026-04-22 13:59:57,17441528
2026-04-22 14:00:47,17427845
2026-04-22 14:01:38,17488643
2026-04-22 14:02:28,17543580
2026-04-22 14:03:19,17485550
2026-04-22 14:04:09,17408400
2026-04-22 14:05:03,17404158
2026-04-22 14:05:53,17384099
2026-04-22 14:06:44,17385597
2026-04-22 14:07:35,17267943
2026-04-22 14:08:25,17268142
2026-04-22 14:09:16,17275626
2026-04-22 14:10:06,17315182
2026-04-22 14:10:56,17317776
2026-04-22 14:11:47,17395576
2026-04-22 14:12:37,17298704
2026-04-22 14:13:28,17237582
2026-04-22 14:14:18,17236883
2026-04-22 14:15:09,17224409
2026-04-22 14:15:59,17163786
2026-04-22 14:16:50,17123421
2026-04-22 14:17:41,17065791
2026-04-22 14:18:31,17084963
2026-04-22 14:19:22,17069385
2026-04-22 14:20:14,17146985
2026-04-22 14:21:04,17128311
2026-04-22 14:21:55,17263241
2026-04-22 14:22:45,17126815
2026-04-22 14:23:36,17084763
2026-04-22 14:24:26,17202620
2026-04-22 14:25:17,17242375
2026-04-22 14:26:08,17121128
2026-04-22 14:26:58,17101068
2026-04-22 14:27:49,17120628
2026-04-22 14:28:39,17061202
2026-04-22 14:29:30,17003511
2026-04-22 14:30:20,17004559
2026-04-22 14:31:10,17003662
2026-04-22 14:32:03,17078927
2026-04-22 14:32:53,17097150
2026-04-22 14:33:44,17136381
2026-04-22 14:34:34,17316563
2026-04-22 14:35:25,17145113
2026-04-22 14:36:16,17202119
2026-04-22 14:37:06,17221714
2026-04-22 14:37:57,17282348
2026-04-22 14:38:47,17204837
2026-04-22 14:39:38,17166515
2026-04-22 14:40:28,17224844
2026-04-22 14:41:18,17225244
2026-04-22 14:42:09,17225942
2026-04-22 14:43:03,17166305
2026-04-22 14:43:53,17186101
2026-04-22 14:44:44,17203876
2026-04-22 14:45:34,17242608
2026-04-22 14:46:25,17202792
2026-04-22 14:47:16,17357453
2026-04-22 14:48:06,17279005
2026-04-22 14:48:57,17320208
2026-04-22 14:49:47,17321605
2026-04-22 14:50:37,17262328
2026-04-22 14:51:28,17261828
2026-04-22 14:52:19,17244354
2026-04-22 14:53:09,17285217
2026-04-22 14:54:03,17244702
2026-04-22 14:54:53,17282535
2026-04-22 14:55:44,17247054
2026-04-22 14:56:34,17244305
2026-04-22 14:57:25,17294300
2026-04-22 14:58:15,17320891
2026-04-22 14:59:06,17239966
2026-04-22 14:59:56,17284082
2026-04-22 15:00:47,17225165
2026-04-22 15:01:37,17340455
2026-04-22 15:02:28,17397940
2026-04-22 15:03:18,17493130
2026-04-22 15:04:09,17506771
2026-04-22 15:04:59,17416793
2026-04-22 15:05:50,17443465
2026-04-22 15:06:40,17482182
2026-04-22 15:07:31,17542463
2026-04-22 15:08:21,17560082
2026-04-22 15:09:12,17445246
2026-04-22 15:10:03,17445246
2026-04-22 15:10:53,17386816
2026-04-22 15:11:43,17426773
2026-04-22 15:12:34,17309506
2026-04-22 15:13:24,17267856
2026-04-22 15:14:15,17370439
2026-04-22 15:15:05,17369741
2026-04-22 15:15:56,17347840
2026-04-22 15:16:46,17484277
2026-04-22 15:17:37,17465804
2026-04-22 15:18:28,17383787
2026-04-22 15:19:18,17503050
2026-04-22 15:20:09,17502651
2026-04-22 15:20:59,17502651
2026-04-22 15:21:50,17502651
2026-04-22 15:22:40,17502651
2026-04-22 15:23:31,17502651
2026-04-22 15:24:21,17502651
2026-04-22 15:25:12,17502651
2026-04-22 15:26:03,17502651
2026-04-22 15:26:54,17502651
2026-04-22 15:27:44,17502651
2026-04-22 15:28:35,17502651
2026-04-22 15:29:26,17502651
2026-04-22 15:30:32,17325261
2026-04-22 15:31:23,17325261
2026-04-22 15:32:13,17325261
2026-04-22 15:33:04,17325261
2026-04-22 15:33:54,17325261
2026-04-22 15:34:45,17325261
2026-04-22 15:35:35,17325261
2026-04-22 15:36:26,17325261
2026-04-22 15:37:16,17325261
2026-04-22 15:38:07,17325261
2026-04-22 15:38:58,17325261
2026-04-22 15:39:48,17325261
2026-04-22 15:40:39,17289014
2026-04-22 15:41:29,17307187
2026-04-22 15:42:20,17306788
2026-04-22 15:43:10,17233305
2026-04-22 15:44:03,17270551
2026-04-22 15:44:53,17289014
2026-04-22 15:45:44,17307487
2026-04-22 15:46:34,17289712
2026-04-22 15:47:25,17325960
2026-04-22 15:48:15,17454552
2026-04-22 15:49:06,17362596
2026-04-22 15:49:57,17362596
2026-04-22 15:50:47,17325660
2026-04-22 15:51:37,17288714
2026-04-22 15:52:28,17288714
2026-04-22 15:53:18,17270251
2026-04-22 15:54:09,17270251
2026-04-22 15:55:03,17289014
2026-04-22 15:55:53,17251379
2026-04-22 15:56:44,17270251
2026-04-22 15:57:34,17269852
2026-04-22 15:58:25,17232906
2026-04-22 15:59:15,17159723
2026-04-22 16:00:06,17196669
2026-04-22 16:00:56,17232906
2026-04-22 16:01:47,17215132
2026-04-22 16:02:37,17214433
2026-04-22 16:03:28,17252078
2026-04-22 16:04:18,17251379
2026-04-22 16:05:09,17231210
2026-04-22 16:05:59,17193575
2026-04-22 16:06:50,17211340
2026-04-22 16:07:40,17229114
2026-04-22 16:08:31,17210641
2026-04-22 16:09:21,17209544
2026-04-22 16:10:14,17190092
2026-04-22 16:11:04,17190092
2026-04-22 16:11:55,17191081
2026-04-22 16:12:45,17208855
2026-04-22 16:13:36,17228316
2026-04-22 16:14:26,17247188
2026-04-22 16:15:17,17265661
2026-04-22 16:16:07,17248186
2026-04-22 16:16:58,17248186
2026-04-22 16:17:48,17229713
2026-04-22 16:18:39,17211240
2026-04-22 16:19:29,17211640
2026-04-22 16:20:19,17211240
2026-04-22 16:21:10,17175003
2026-04-22 16:22:03,17174704
2026-04-22 16:22:53,17175003
2026-04-22 16:23:44,17137758
2026-04-22 16:24:34,17137758
2026-04-22 16:25:25,17137059
2026-04-22 16:26:15,17175003
2026-04-22 16:27:06,17192478
2026-04-22 16:27:56,17192478
2026-04-22 16:28:47,17192078
2026-04-22 16:29:37,17173306
2026-04-22 16:30:28,17174304
2026-04-22 16:31:18,17229014
2026-04-22 16:32:09,17228715
2026-04-22 16:32:59,17210242
2026-04-22 16:33:50,17192078
2026-04-22 16:34:40,17209544
2026-04-22 16:35:31,17191779
2026-04-22 16:36:21,17191779
2026-04-22 16:37:12,17173306
2026-04-22 16:38:03,17191779
2026-04-22 16:38:54,17136060
2026-04-22 16:39:44,17173306
2026-04-22 16:40:34,17136060
2026-04-22 16:41:25,17136060
2026-04-22 16:42:16,17173006
2026-04-22 16:43:06,17154833
2026-04-22 16:43:57,17173306
2026-04-22 16:44:47,17136060
2026-04-22 16:45:38,17154833
2026-04-22 16:46:28,17154833
2026-04-22 16:47:19,17154833
2026-04-22 16:48:09,17155532
2026-04-22 16:49:03,17173705
2026-04-22 16:49:53,17191479
2026-04-22 16:50:44,17174005
2026-04-22 16:51:34,19905494
2026-04-22 16:52:26,19923258
2026-04-22 16:53:17,20343178
2026-04-22 16:54:09,20343877
2026-04-22 16:54:59,20325015
2026-04-22 16:55:50,20324715
2026-04-22 16:56:40,20343877
2026-04-22 16:57:31,20343877
2026-04-22 16:58:21,20325414
2026-04-22 16:59:12,20343478
2026-04-22 17:00:04,20343478
2026-04-22 17:00:54,20343478
2026-04-22 17:01:44,20343478
2026-04-22 17:02:35,20343178
2026-04-22 17:03:25,20325015
2026-04-22 17:04:16,20325314
2026-04-22 17:05:06,20307241
2026-04-22 17:05:57,20325015
2026-04-22 17:06:47,20325314
2026-04-22 17:07:38,20343478
2026-04-22 17:08:28,20343478
2026-04-22 17:09:19,20361951
2026-04-22 17:10:09,20306542
2026-04-22 17:11:03,20324615
2026-04-22 17:11:53,20323618
2026-04-22 17:12:44,20305843
2026-04-22 17:13:34,20325314
2026-04-22 17:14:25,20306542
2026-04-22 17:15:15,20325314
2026-04-22 17:16:06,20325314
2026-04-22 17:16:56,20325314
2026-04-22 17:17:47,20305843
2026-04-22 17:18:37,20306542
2026-04-22 17:19:28,20325015
2026-04-22 17:20:33,20326711
2026-04-22 17:21:23,20326412
2026-04-22 17:22:14,20307939
2026-04-22 17:23:04,20326412
2026-04-22 17:23:55,20326412
2026-04-22 17:24:45,20326412
2026-04-22 17:25:36,20307939
2026-04-22 17:26:26,20308937
2026-04-22 17:27:17,20325714
2026-04-22 17:28:07,20325314
2026-04-22 17:28:58,20307241
2026-04-22 17:29:48,20344177
2026-04-22 17:30:39,20344177
2026-04-22 17:31:29,20344476
2026-04-22 17:32:20,20344476
2026-04-22 17:33:10,20344875
2026-04-22 17:34:03,20344875
2026-04-22 17:34:53,20343877
2026-04-22 17:35:44,20326112
2026-04-22 17:36:34,20307639
2026-04-22 17:37:25,20325714
2026-04-22 17:38:15,20307939
2026-04-22 17:39:06,20325414
2026-04-22 17:39:56,20307939
2026-04-22 17:40:47,20288768
2026-04-22 17:41:37,20270693
2026-04-22 17:42:28,20289166
2026-04-22 17:43:18,20288768
2026-04-22 17:44:09,20269995
2026-04-22 17:44:59,20306941
2026-04-22 17:45:50,20288468
2026-04-22 17:46:40,20288468
2026-04-22 17:47:31,20306941
2026-04-22 17:48:21,20289166
2026-04-22 17:49:12,20289466
2026-04-22 17:50:03,20289466
2026-04-22 17:50:54,20270295
2026-04-22 17:51:44,20269995
2026-04-22 17:52:35,20270693
2026-04-22 17:53:26,20251833
2026-04-22 17:54:16,20233758
2026-04-22 17:55:07,20215585
2026-04-22 17:55:57,20233060
2026-04-22 17:56:48,20215585
2026-04-22 17:57:38,20233060
2026-04-22 17:58:29,20215285
2026-04-22 17:59:19,20214587
2026-04-22 18:00:10,20214887
2026-04-22 18:01:03,20214887
2026-04-22 18:01:54,20233060
2026-04-22 18:02:44,20252231
2026-04-22 18:03:35,20252531
2026-04-22 18:04:25,20270295
2026-04-22 18:05:16,20288069
2026-04-22 18:06:06,20288468
2026-04-22 18:06:57,20288468
2026-04-22 18:07:47,20269596
2026-04-22 18:08:38,20269296
2026-04-22 18:09:28,20269995
2026-04-22 18:10:19,20325414
2026-04-22 18:11:09,20306242
2026-04-22 18:12:03,20324715
2026-04-22 18:12:53,20306542
2026-04-22 18:13:44,20306242
2026-04-22 18:14:34,20287370
2026-04-22 18:15:25,20288069
2026-04-22 18:16:15,20306242
2026-04-22 18:17:06,20288069
2026-04-22 18:17:56,20287769
2026-04-22 18:18:47,20305843
2026-04-22 18:19:37,20305543
2026-04-22 18:20:27,20288069
2026-04-22 18:21:18,20287070
2026-04-22 18:22:08,20305843
2026-04-22 18:22:59,20287769
2026-04-22 18:23:49,20268897
2026-04-22 18:24:40,20268897
2026-04-22 18:25:31,20269596
2026-04-22 18:26:21,20269596
2026-04-22 18:27:12,20269296
2026-04-22 18:28:03,20269596
2026-04-22 18:28:54,20268897
2026-04-22 18:29:44,20231962
2026-04-22 18:30:35,20232661
2026-04-22 18:31:25,20251134
2026-04-22 18:32:16,20250834
2026-04-22 18:33:06,20213888
2026-04-22 18:33:57,20213489
2026-04-22 18:34:47,20213189
2026-04-22 18:35:38,20232361
2026-04-22 18:36:28,20232361
2026-04-22 18:37:19,20232361
2026-04-22 18:38:09,20231962
2026-04-22 18:39:03,20232361
2026-04-22 18:39:53,20251533
2026-04-22 18:40:43,20251533
2026-04-22 18:41:34,20251833
2026-04-22 18:42:24,20251134
2026-04-22 18:43:15,20251533
2026-04-22 18:44:06,20269596
2026-04-22 18:44:56,20269296
2026-04-22 18:45:47,20269995
2026-04-22 18:46:37,20269596
2026-04-22 18:47:28,20288768
2026-04-22 18:48:18,20269296
2026-04-22 18:49:09,20269296
2026-04-22 18:49:59,20269296
2026-04-22 18:50:49,20269596
2026-04-22 18:51:40,20269596
2026-04-22 18:52:30,20269995
2026-04-22 18:53:21,20269995
2026-04-22 18:54:11,20270295
2026-04-22 18:55:03,20270295
2026-04-22 18:55:53,20287769
2026-04-22 18:56:44,20288468
2026-04-22 18:57:34,20269995
2026-04-22 18:58:25,20269995
2026-04-22 18:59:15,20288468
2026-04-22 19:00:06,20288768
2026-04-22 19:00:56,20270295
2026-04-22 19:01:46,20269995
2026-04-22 19:02:37,20270993
2026-04-22 19:03:27,20269995
2026-04-22 19:04:18,20269995
2026-04-22 19:05:08,20270693
2026-04-22 19:05:59,20252231
2026-04-22 19:06:50,20269695
2026-04-22 19:07:40,20270393
2026-04-22 19:08:31,20270393
2026-04-22 19:09:21,20252231
2026-04-22 19:10:32,20233758
2026-04-22 19:11:22,20233458
2026-04-22 19:12:13,20215285
2026-04-22 19:13:03,20216284
2026-04-22 19:13:54,20215285
2026-04-22 19:14:44,20252930
2026-04-22 19:15:35,20215285
2026-04-22 19:16:25,20215984
2026-04-22 19:17:16,20252630
2026-04-22 19:18:06,20252630
2026-04-22 19:18:57,20270693
2026-04-22 19:19:47,20252930
2026-04-22 19:20:37,20270693
2026-04-22 19:21:28,20270693
2026-04-22 19:22:18,20271392
2026-04-22 19:23:09,20289865
2026-04-22 19:23:59,20289865
2026-04-22 19:24:50,20326112
2026-04-22 19:25:40,20308338
2026-04-22 19:26:31,20289166
2026-04-22 19:27:21,20289865
2026-04-22 19:28:12,20307639
2026-04-22 19:29:03,20307639
2026-04-22 19:29:54,20307339
2026-04-22 19:30:44,20233758
2026-04-22 19:31:34,20307639
2026-04-22 19:32:25,20308338
2026-04-22 19:33:16,20326811
2026-04-22 19:34:06,20325812
2026-04-22 19:34:57,20343877
2026-04-22 19:35:47,20325414
2026-04-22 19:36:38,20343577
2026-04-22 19:37:28,20325114
2026-04-22 19:38:18,20305942
2026-04-22 19:39:09,20287469
2026-04-22 19:40:03,20269695
2026-04-22 19:40:53,20288468
2026-04-22 19:41:43,20289166
2026-04-22 19:42:34,20288168
2026-04-22 19:43:24,20288168
2026-04-22 19:44:15,20288468
2026-04-22 19:45:05,20289166
2026-04-22 19:45:56,20307639
2026-04-22 19:46:46,20288168
2026-04-22 19:47:37,20306242
2026-04-22 19:48:27,20306941
2026-04-22 19:49:18,20306242
2026-04-22 19:50:08,20307339
2026-04-22 19:50:58,20325414
2026-04-22 19:51:49,20306941
2026-04-22 19:52:39,20269296
2026-04-22 19:53:30,20288768
2026-04-22 19:54:20,20268897
2026-04-22 19:55:11,20269296
2026-04-22 19:56:03,20287070
2026-04-22 19:56:54,20287370
2026-04-22 19:57:44,20288069
2026-04-22 19:58:35,20288468
2026-04-22 19:59:25,20288069
2026-04-23 08:00:20,20321382
2026-04-23 08:01:11,20279656
2026-04-23 08:02:03,20275474
2026-04-23 08:02:54,20291651
2026-04-23 08:03:45,20237629
2026-04-23 08:04:35,20255005
2026-04-23 08:05:26,20201693
2026-04-23 08:06:16,20219866
2026-04-23 08:07:07,20219467
2026-04-23 08:07:58,20218469
2026-04-23 08:08:48,20218869
2026-04-23 08:09:39,20237331
2026-04-23 08:10:29,20200396
2026-04-23 08:11:20,20200396
2026-04-23 08:12:10,20201095
2026-04-23 08:13:03,20182920
2026-04-23 08:13:53,20220565
2026-04-23 08:14:44,20239725
2026-04-23 08:15:35,20259197
2026-04-23 08:16:25,20277670
2026-04-23 08:17:16,20241413
2026-04-23 08:18:06,20260185
2026-04-23 08:18:57,20241023
2026-04-23 08:19:48,20241712
2026-04-23 08:20:38,20278269
2026-04-23 08:21:28,20241323
2026-04-23 08:22:19,20277570
2026-04-23 08:23:10,20277969
2026-04-23 08:24:03,20277270
2026-04-23 08:24:54,20259097
2026-04-23 08:25:44,20276572
2026-04-23 08:26:35,20258099
2026-04-23 08:27:26,20277270
2026-04-23 08:28:17,20277270
2026-04-23 08:29:07,20258099
2026-04-23 08:29:58,20239327
2026-04-23 08:30:48,20238927
2026-04-23 08:31:39,20238927
2026-04-23 08:32:29,20239926
2026-04-23 08:33:20,20220765
2026-04-23 08:34:10,20203689
2026-04-23 08:35:03,20221862
2026-04-23 08:35:54,20185216
2026-04-23 08:36:44,20167052
2026-04-23 08:37:35,20184518
2026-04-23 08:38:25,20184518
2026-04-23 08:39:16,20184817
2026-04-23 08:40:06,20185815
2026-04-23 08:40:57,20129708
2026-04-23 08:41:47,20148879
2026-04-23 08:42:38,20148879
2026-04-23 08:43:29,20166654
2026-04-23 08:44:19,20148879
2026-04-23 08:45:10,20148879
2026-04-23 08:46:03,20149177
2026-04-23 08:46:54,20149177
2026-04-23 08:47:45,20149477
2026-04-23 08:48:35,20149477
2026-04-23 08:49:26,20132003
2026-04-23 09:01:15,20132560
2026-04-23 09:02:07,19764060
2026-04-23 09:02:57,19300220
2026-04-23 09:03:48,19155884
2026-04-23 09:04:39,19120212
2026-04-23 09:05:29,19062781
2026-04-23 09:06:20,19067073
2026-04-23 09:07:10,19184530
2026-04-23 09:08:03,19404232
2026-04-23 09:08:53,19258433
2026-04-23 09:09:44,19240962
2026-04-23 09:10:35,19866811
2026-04-23 09:11:25,19853060
2026-04-23 09:12:16,19955000
2026-04-23 09:13:06,19643709
2026-04-23 09:13:57,19956459
2026-04-23 09:14:48,19872489
2026-04-23 09:15:38,20680907
2026-04-23 09:16:29,21501311
2026-04-23 09:17:21,21067758
2026-04-23 09:18:11,20590469
2026-04-23 09:19:03,20322093
2026-04-23 09:19:53,20297751
2026-04-23 09:20:43,20119250
2026-04-23 09:21:34,20143624
2026-04-23 09:22:24,20125937
2026-04-23 09:23:15,20029981
2026-04-23 09:24:06,19953516
2026-04-23 09:24:56,19995898
2026-04-23 09:25:47,20042269
2026-04-23 09:26:37,19959778
2026-04-23 09:27:28,19939662
2026-04-23 09:28:18,20056347
2026-04-23 09:29:09,20039435
2026-04-23 09:29:59,20043726
2026-04-23 09:30:50,20221849
2026-04-23 09:31:40,20102816
2026-04-23 09:32:31,20084681
2026-04-23 09:33:21,20114864
2026-04-23 09:34:12,20236541
2026-04-23 09:35:03,20347485
2026-04-23 09:35:54,20582462
2026-04-23 09:36:44,20528562
2026-04-23 09:37:35,20346568
2026-04-23 09:38:25,20385406
2026-04-23 09:39:16,20236250
2026-04-23 09:40:06,20086985
2026-04-23 09:40:57,20249045
2026-04-23 09:41:48,20285885
2026-04-23 09:42:38,20328412
2026-04-23 09:43:29,20195536
2026-04-23 09:44:19,20080309
2026-04-23 09:45:10,20361538
2026-04-23 09:46:03,20073712
2026-04-23 09:46:53,20469350
2026-04-23 09:47:44,20352957
2026-04-23 09:48:34,20205189
2026-04-23 09:49:25,20186224
2026-04-23 09:50:15,20250771
2026-04-23 09:51:06,20250021
2026-04-23 09:51:56,19871577
2026-04-23 09:52:47,19816964
2026-04-23 09:53:37,19637579
2026-04-23 09:54:28,19588454
2026-04-23 09:55:18,19741554
2026-04-23 09:56:09,19471102
2026-04-23 09:56:59,19270569
2026-04-23 09:57:50,19371133
2026-04-23 09:58:40,19404904
2026-04-23 09:59:31,19092873
2026-04-23 10:00:21,19056608
2026-04-23 10:01:12,19218501
2026-04-23 10:02:03,19143779
2026-04-23 10:02:54,19109320
2026-04-23 10:03:44,19074088
2026-04-23 10:04:35,19068088
2026-04-23 10:05:25,19002557
2026-04-23 10:06:16,18990290
2026-04-23 10:07:06,18983362
2026-04-23 10:07:57,18866040
2026-04-23 10:08:47,18849981
2026-04-23 10:09:38,18947161
2026-04-23 10:10:28,18989544
2026-04-23 10:11:18,18728939
2026-04-23 10:12:09,19002671
2026-04-23 10:13:03,19033421
2026-04-23 10:13:53,19143761
2026-04-23 10:14:44,18984211
2026-04-23 10:15:34,19000648
2026-04-23 10:16:25,18964504
2026-04-23 10:17:15,18895387
2026-04-23 10:18:06,18720333
2026-04-23 10:18:56,18715474
2026-04-23 10:19:47,18826941
2026-04-23 10:20:37,18825449
2026-04-23 10:21:28,19099042
2026-04-23 10:22:18,19101389
2026-04-23 10:23:09,19299772
2026-04-23 10:23:59,19033893
2026-04-23 10:24:50,19214529
2026-04-23 10:25:40,19047856
2026-04-23 10:26:31,19204788
2026-04-23 10:27:21,19115966
2026-04-23 10:28:12,19120922
2026-04-23 10:29:03,18892145
2026-04-23 10:29:54,18763320
2026-04-23 10:30:45,18722938
2026-04-23 10:31:35,18671956
2026-04-23 10:32:26,18663466
2026-04-23 10:33:17,18812540
2026-04-23 10:34:07,18913824
2026-04-23 10:34:58,18891941
2026-04-23 10:35:48,18944542
2026-04-23 10:36:39,18798886
2026-04-23 10:37:29,18854882
2026-04-23 10:38:20,18848106
2026-04-23 10:39:10,18839986
2026-04-23 10:40:03,19012071
2026-04-23 10:40:54,18871213
2026-04-23 10:41:44,18950159
2026-04-23 10:42:35,18950310
2026-04-23 10:43:26,18905455
2026-04-23 10:44:16,18651639
2026-04-23 10:45:07,18852571
2026-04-23 10:45:57,18682106
2026-04-23 10:46:48,18629928
2026-04-23 10:47:38,18516193
2026-04-23 10:48:29,18592682
2026-04-23 10:49:19,18504615
2026-04-23 10:50:10,18523306
2026-04-23 10:51:03,18454872
2026-04-23 10:51:54,18574734
2026-04-23 10:52:44,18431638
2026-04-23 10:53:35,18368379
2026-04-23 10:54:25,18206700
2026-04-23 10:55:16,18317927
2026-04-23 10:56:06,18248056
2026-04-23 10:56:57,18133562
2026-04-23 10:57:48,18169595
2026-04-23 10:58:38,18136056
2026-04-23 10:59:29,18192813
2026-04-23 11:00:19,18174131
2026-04-23 11:01:10,18261119
2026-04-23 11:02:03,18332035
2026-04-23 11:02:54,18237576
2026-04-23 11:03:44,18298084
2026-04-23 11:04:35,18240882
2026-04-23 11:05:26,18174318
2026-04-23 11:06:16,18070417
2026-04-23 11:07:07,18050975
2026-04-23 11:07:57,18123876
2026-04-23 11:08:48,18034158
2026-04-23 11:09:39,17974778
2026-04-23 11:10:29,17918610
2026-04-23 11:11:19,17726251
2026-04-23 11:12:10,18147367
2026-04-23 11:13:03,18227067
2026-04-23 11:13:54,18238725
2026-04-23 11:14:45,18861685
2026-04-23 11:15:35,18686630
2026-04-23 11:16:26,18363081
2026-04-23 11:17:16,18320980
2026-04-23 11:18:07,18405229
2026-04-23 11:18:57,18346033
2026-04-23 11:19:48,18382076
2026-04-23 11:20:38,18306916
2026-04-23 11:21:28,18110652
2026-04-23 11:22:19,18148376
2026-04-23 11:23:10,18257636
2026-04-23 11:24:03,18256033
2026-04-23 11:24:54,18450923
2026-04-23 11:25:45,18336827
2026-04-23 11:26:35,18264792
2026-04-23 11:27:26,18222348
2026-04-23 11:28:16,18219790
2026-04-23 11:29:07,18393559
2026-04-23 11:29:57,18391550
2026-04-23 11:30:48,18435010
2026-04-23 11:31:38,18596119
2026-04-23 11:32:29,18427347
2026-04-23 11:33:19,18396135
2026-04-23 11:34:10,18168863
2026-04-23 11:35:03,18337435
2026-04-23 11:35:54,18329036
2026-04-23 11:36:44,18335378
2026-04-23 11:37:35,18118074
2026-04-23 11:38:26,18319204
2026-04-23 11:39:16,18429020
2026-04-23 11:40:07,18185793
2026-04-23 11:40:57,18129482
2026-04-23 11:41:48,18183251
2026-04-23 11:42:38,18206026
2026-04-23 11:43:29,17963635
2026-04-23 11:44:19,18170532
2026-04-23 11:45:10,18206988
2026-04-23 11:46:03,18112000
2026-04-23 11:46:54,18064168
2026-04-23 11:47:45,17938440
2026-04-23 11:48:35,18229190
2026-04-23 11:49:26,18038219
2026-04-23 11:50:16,18051714
2026-04-23 11:51:07,18021584
2026-04-23 11:51:57,18773394
2026-04-23 11:52:48,18504817
2026-04-23 11:53:38,18432359
2026-04-23 11:54:29,18347995
2026-04-23 11:55:19,18317953
2026-04-23 11:56:10,18668206
2026-04-23 11:57:03,19184609
2026-04-23 11:57:53,19076828
2026-04-23 11:58:44,18925044
2026-04-23 11:59:34,18853019
2026-04-23 12:00:25,18894364
2026-04-23 12:01:15,18723016
2026-04-23 12:02:06,18639639
2026-04-23 12:02:56,18881050
2026-04-23 12:03:47,18797174
2026-04-23 12:04:38,18729129
2026-04-23 12:05:28,18907703
2026-04-23 12:06:19,18727397
2026-04-23 12:07:09,18548443
2026-04-23 12:08:03,18418840
2026-04-23 12:08:54,18414812
2026-04-23 12:09:44,18397209
2026-04-23 12:10:34,18411576
2026-04-23 12:11:25,18408846
2026-04-23 12:12:16,18150472
2026-04-23 12:13:06,18164586
2026-04-23 12:13:57,18165778
2026-04-23 12:14:47,18299130
2026-04-23 12:15:38,18497248
2026-04-23 12:16:29,18501928
2026-04-23 12:17:19,18551169
2026-04-23 12:18:10,18360889
2026-04-23 12:19:03,18465950
2026-04-23 12:19:54,18371835
2026-04-23 12:20:44,18280638
2026-04-23 12:21:35,18022196
2026-04-23 12:22:25,18177927
2026-04-23 12:23:16,18290758
2026-04-23 12:24:06,18443069
2026-04-23 12:24:57,18284457
2026-04-23 12:25:47,18177537
2026-04-23 12:26:38,18193442
2026-04-23 12:27:29,18089079
2026-04-23 12:28:19,18071536
2026-04-23 12:29:10,18070988
2026-04-23 12:30:03,18333030
2026-04-23 12:30:53,18158764
2026-04-23 12:31:44,18113992
2026-04-23 12:32:35,18230802
2026-04-23 12:33:25,18188399
2026-04-23 12:34:16,18229310
2026-04-23 12:35:06,18055344
2026-04-23 12:35:57,17879210
2026-04-23 12:36:47,17696916
2026-04-23 12:37:38,17693496
2026-04-23 12:38:28,17633017
2026-04-23 12:39:19,17539754
2026-04-23 12:40:09,17537804
2026-04-23 12:41:03,17460883
2026-04-23 12:41:53,17884477
2026-04-23 12:42:44,17830536
2026-04-23 12:43:34,17828717
2026-04-23 12:44:25,18007532
2026-04-23 12:45:16,18187087
2026-04-23 12:46:06,18187591
2026-04-23 12:46:57,18149587
2026-04-23 12:47:48,18243723
2026-04-23 12:48:38,18328679
2026-04-23 12:49:29,18400213
2026-04-23 12:50:19,18492969
2026-04-23 12:51:10,18397084
2026-04-23 12:52:03,18492218
2026-04-23 12:52:54,18537288
2026-04-23 12:53:44,18558952
2026-04-23 12:54:35,18560902
2026-04-23 12:55:26,18554066
2026-04-23 12:56:16,18377790
2026-04-23 12:57:07,18380960
2026-04-23 12:57:57,18384860
2026-04-23 12:58:48,18502545
2026-04-23 12:59:39,18487981
2026-04-23 13:00:29,18484852
2026-04-23 13:01:20,18520136
2026-04-23 13:02:10,18430601
2026-04-23 13:03:03,18396235
2026-04-23 13:03:53,18396694
2026-04-23 13:04:44,18414078
2026-04-23 13:05:35,18222078
2026-04-23 13:06:25,18216042
2026-04-23 13:07:16,18215262
2026-04-23 13:08:07,18300381
2026-04-23 13:08:57,18396339
2026-04-23 13:09:48,18377005
2026-04-23 13:10:38,18447480
2026-04-23 13:11:29,18361620
2026-04-23 13:12:19,18454377
2026-04-23 13:13:10,18628212
2026-04-23 13:14:03,18405550
2026-04-23 13:14:54,18644714
2026-04-23 13:15:45,18641050
2026-04-23 13:16:35,18642950
2026-04-23 13:17:26,18640651
2026-04-23 13:18:16,18644287
2026-04-23 13:19:07,18640777
2026-04-23 13:19:57,18773627
2026-04-23 13:20:48,18906641
2026-04-23 13:21:38,18638047
2026-04-23 13:22:29,18638047
2026-04-23 13:23:19,18505586
2026-04-23 13:24:10,18634391
2026-04-23 13:25:03,18496697
2026-04-23 13:25:54,18649272
2026-04-23 13:26:44,18651016
2026-04-23 13:27:35,18651694
2026-04-23 13:28:25,18651406
2026-04-23 13:29:16,18650544
2026-04-23 13:30:07,18650134
2026-04-23 13:30:57,18653274
2026-04-23 13:31:48,18653896
2026-04-23 13:32:38,18653746
2026-04-23 13:33:29,18659558
2026-04-23 13:34:19,18810265
2026-04-23 13:35:10,18951305
2026-04-23 13:36:03,19086187
2026-04-23 13:36:53,19105340
2026-04-23 13:37:44,19105259
2026-04-23 13:38:34,19126942
2026-04-23 13:39:25,19148055
2026-04-23 13:40:16,19147574
2026-04-23 13:41:06,19013472
2026-04-23 13:41:57,18996569
2026-04-23 13:42:47,18997339
2026-04-23 13:43:38,19000160
2026-04-23 13:44:28,18979646
2026-04-23 13:45:19,19037395
2026-04-23 13:46:09,18934779
2026-04-23 13:47:03,19052059
2026-04-23 13:47:53,18899715
2026-04-23 13:48:44,18902553
2026-04-23 13:49:34,19239914
2026-04-23 13:50:25,19172277
2026-04-23 13:51:15,19190750
2026-04-23 13:52:06,19120378
2026-04-23 13:52:56,19176109
2026-04-23 13:53:47,19331092
2026-04-23 13:54:38,19463325
2026-04-23 13:55:28,19178817
2026-04-23 13:56:19,19196510
2026-04-23 13:57:09,19331302
2026-04-23 13:58:03,19369246
2026-04-23 13:58:53,19418410
2026-04-23 13:59:44,19486263
2026-04-23 14:00:34,19349222
2026-04-23 14:01:25,19332608
2026-04-23 14:02:15,19352732
2026-04-23 14:03:06,19603243
2026-04-23 14:03:57,19469921
2026-04-23 14:04:47,19451838
2026-04-23 14:05:38,19583981
2026-04-23 14:06:28,19606204
2026-04-23 14:07:19,19878838
2026-04-23 14:08:10,20049314
2026-04-23 14:09:03,20185766
2026-04-23 14:09:54,20188496
2026-04-23 14:10:44,19986288
2026-04-23 14:11:34,19900167
2026-04-23 14:12:25,19764516
2026-04-23 14:13:15,19744483
2026-04-23 14:14:06,19608131
2026-04-23 14:14:57,19809090
2026-04-23 14:15:47,19758916
2026-04-23 14:16:38,19623734
2026-04-23 14:17:28,19485583
2026-04-23 14:18:19,19333697
2026-04-23 14:19:10,19492983
2026-04-23 14:20:03,19724847
2026-04-23 14:20:53,19608828
2026-04-23 14:21:44,19606108
2026-04-23 14:22:34,19623021
2026-04-23 14:23:25,19470836
2026-04-23 14:24:16,19432114
2026-04-23 14:25:06,19413477
2026-04-23 14:25:57,19393228
2026-04-23 14:26:48,19355421
2026-04-23 14:27:39,19356251
2026-04-23 14:28:29,19692739
2026-04-23 14:29:20,19760764
2026-04-23 14:30:10,19758507
2026-04-23 14:31:03,19645525
2026-04-23 14:31:53,19797783
2026-04-23 14:32:44,19953785
2026-04-23 14:33:34,19886930
2026-04-23 14:34:25,20088740
2026-04-23 14:35:16,20020642
2026-04-23 14:36:06,19971561
2026-04-23 14:36:57,19819683
2026-04-23 14:37:47,19819992
2026-04-23 14:38:38,19824191
2026-04-23 14:39:28,19954313
2026-04-23 14:40:19,19667876
2026-04-23 14:41:09,19664216
2026-04-23 14:42:03,19796540
2026-04-23 14:42:53,19795760
2026-04-23 14:43:44,19913268
2026-04-23 14:44:35,19915218
2026-04-23 14:45:25,19877492
2026-04-23 14:46:16,20030148
2026-04-23 14:47:06,20167360
2026-04-23 14:47:57,20322194
2026-04-23 14:48:48,20121627
2026-04-23 14:49:38,20168920
2026-04-23 14:50:28,20168221
2026-04-23 14:51:19,20305403
2026-04-23 14:52:09,20289609
2026-04-23 14:53:03,20292087
2026-04-23 14:53:54,20446920
2026-04-23 14:54:44,20579934
2026-04-23 14:55:35,20331763
2026-04-23 14:56:25,20616090
2026-04-23 14:57:16,20615700
2026-04-23 14:58:06,20482768
2026-04-23 14:58:57,20616171
2026-04-23 14:59:47,20502882
2026-04-23 15:00:38,20658496
2026-04-23 15:01:28,20676087
2026-04-23 15:02:19,20559759
2026-04-23 15:03:10,20694551
2026-04-23 15:04:03,20673129
2026-04-23 15:04:54,20809481
2026-04-23 15:05:44,20772944
2026-04-23 15:06:35,20903917
2026-04-23 15:07:25,21057662
2026-04-23 15:08:16,21020026
2026-04-23 15:09:06,21058052
2026-04-23 15:09:57,20885144
2026-04-23 15:10:47,20806361
2026-04-23 15:11:38,20957549
2026-04-23 15:12:28,20805364
2026-04-23 15:13:19,20653969
2026-04-23 15:14:10,20670782
2026-04-23 15:15:03,20727378
2026-04-23 15:15:54,20916882
2026-04-23 15:16:44,20766264
2026-04-23 15:17:35,20917279
2026-04-23 15:18:25,20802729
2026-04-23 15:19:16,20820962
2026-04-23 15:20:07,20905743
2026-04-23 15:20:57,20905743
2026-04-23 15:21:48,20905743
2026-04-23 15:22:39,20905743
2026-04-23 15:23:29,20905743
2026-04-23 15:24:20,20905743
2026-04-23 15:25:10,20905743
2026-04-23 15:26:03,20905743
2026-04-23 15:26:53,20905743
2026-04-23 15:27:44,20905743
2026-04-23 15:28:35,20905743
2026-04-23 15:29:25,20905743
2026-04-23 15:30:15,20906342
2026-04-23 15:31:06,21095375
2026-04-23 15:31:56,21095375
2026-04-23 15:32:47,21095375
2026-04-23 15:33:38,21095375
2026-04-23 15:34:28,21095375
2026-04-23 15:35:19,21095375
2026-04-23 15:36:10,21095375
2026-04-23 15:37:03,21095375
2026-04-23 15:37:54,21095375
2026-04-23 15:38:44,21095375
2026-04-23 15:39:35,21095375
2026-04-23 15:40:25,20905954
2026-04-23 15:41:16,20905954
2026-04-23 15:42:06,20753769
2026-04-23 15:42:57,20486645
2026-04-23 15:43:47,20486645
2026-04-23 15:44:38,20621056
2026-04-23 15:45:29,20504818
2026-04-23 15:46:19,20371106
2026-04-23 15:47:10,20504519
2026-04-23 15:48:03,20238093
2026-04-23 15:48:54,20256866
2026-04-23 15:49:45,20255867
2026-04-23 15:50:35,20274330
2026-04-23 15:51:25,20274330
2026-04-23 15:52:16,20140618
2026-04-23 15:53:07,20122455
2026-04-23 15:53:57,20408741
2026-04-23 15:54:48,20255867
2026-04-23 15:55:38,20389579
2026-04-23 15:56:29,20390976
2026-04-23 15:57:19,20487344
2026-04-23 15:58:10,20505817
2026-04-23 15:59:03,20542453
2026-04-23 15:59:54,20389879
2026-04-23 16:00:44,20523591
2026-04-23 16:01:35,20658002
2026-04-23 16:02:25,20810177
2026-04-23 16:03:16,20676465
2026-04-23 16:04:06,20791414
2026-04-23 16:04:57,20658002
2026-04-23 16:05:47,20828350
2026-04-23 16:06:38,20694938
2026-04-23 16:07:28,20658002
2026-04-23 16:08:19,20791714
2026-04-23 16:09:09,20773241
2026-04-23 16:10:03,20772941
2026-04-23 16:10:53,20621056
2026-04-23 16:11:44,20621056
2026-04-23 16:12:34,20505817
2026-04-23 16:13:25,20371406
2026-04-23 16:14:16,20504818
2026-04-23 16:15:06,20487344
2026-04-23 16:15:57,20487044
2026-04-23 16:16:47,20352933
2026-04-23 16:17:38,20487044
2026-04-23 16:18:28,20334170
2026-04-23 16:19:19,20182684
2026-04-23 16:20:09,20316696
2026-04-23 16:21:03,20317094
2026-04-23 16:21:53,20182684
2026-04-23 16:22:44,20182684
2026-04-23 16:23:35,20182984
2026-04-23 16:24:25,20316696
2026-04-23 16:25:16,20182285
2026-04-23 16:26:06,20334869
2026-04-23 16:26:57,20201457
2026-04-23 16:27:47,20316696
2026-04-23 16:28:38,20182984
2026-04-23 16:29:29,20165209
2026-04-23 16:30:19,20182684
2026-04-23 16:31:09,20048972
2026-04-23 16:32:03,20049272
2026-04-23 16:32:54,20067445
2026-04-23 16:33:44,20066746
2026-04-23 16:34:35,20067445
2026-04-23 16:35:25,20067445
2026-04-23 16:36:16,20029800
2026-04-23 16:37:07,20030499
2026-04-23 16:37:57,19914561
2026-04-23 16:38:48,19914561
2026-04-23 16:39:38,20067046
2026-04-23 16:40:28,19896088
2026-04-23 16:41:19,19915560
2026-04-23 16:42:10,20067745
2026-04-23 16:43:03,20048972
2026-04-23 16:43:54,20048972
2026-04-23 16:44:44,20030499
2026-04-23 16:45:35,20164211
2026-04-23 16:46:26,20048972
2026-04-23 16:47:16,20048673
2026-04-23 16:48:07,20182684
2026-04-23 16:48:57,20031197
2026-04-23 16:49:48,20049670
2026-04-23 16:50:38,20049670
2026-04-23 16:51:29,20183382
2026-04-23 16:52:19,20183382
2026-04-23 16:53:10,20183382
2026-04-23 16:54:03,20316795
2026-04-23 16:54:54,20335567
2026-04-23 16:55:45,20334968
2026-04-23 16:56:35,20334968
2026-04-23 16:57:26,20468980
2026-04-23 16:58:16,20450507
2026-04-23 16:59:07,20450906
2026-04-23 16:59:57,20468980
2026-04-23 17:00:48,20432433
2026-04-23 17:01:39,20316795
2026-04-23 17:02:29,20317494
2026-04-23 17:03:20,20183482
2026-04-23 17:04:10,20335967
2026-04-23 17:05:03,20183083
2026-04-23 17:05:54,20220718
2026-04-23 17:06:44,20335967
2026-04-23 17:07:35,20202255
2026-04-23 17:08:25,20238891
2026-04-23 17:09:16,20105179
2026-04-23 17:10:06,20238192
2026-04-23 17:10:56,20238492
2026-04-23 17:11:47,20238192
2026-04-23 17:12:37,20238192
2026-04-23 17:13:28,20238891
2026-04-23 17:14:18,20238492
2026-04-23 17:15:09,20220718
2026-04-23 17:16:03,20068543
2026-04-23 17:16:53,20049371
2026-04-23 17:17:44,20183482
2026-04-23 17:18:34,20086007
2026-04-23 17:19:25,20201256
2026-04-23 17:20:15,20086706
2026-04-23 17:21:06,20086706
2026-04-23 17:21:56,20068243
2026-04-23 17:22:47,20068243
2026-04-23 17:23:37,19915760
2026-04-23 17:24:28,19782346
2026-04-23 17:25:18,19952994
2026-04-23 17:26:09,19952295
2026-04-23 17:27:03,19819282
2026-04-23 17:27:53,19837056
2026-04-23 17:28:44,19818583
2026-04-23 17:29:34,19952994
2026-04-23 17:30:25,19933832
2026-04-23 17:31:15,19934531
2026-04-23 17:32:06,19800120
2026-04-23 17:32:56,19800420
2026-04-23 17:33:47,19819282
2026-04-23 17:34:38,19819582
2026-04-23 17:35:28,19818883
2026-04-23 17:36:19,19685171
2026-04-23 17:37:09,19952994
2026-04-23 17:38:03,19800819
2026-04-23 17:38:53,19648634
2026-04-23 17:39:44,19667107
2026-04-23 17:40:34,19800819
2026-04-23 17:41:24,19933832
2026-04-23 17:42:15,19934531
2026-04-23 17:43:05,19800120
2026-04-23 17:43:56,19952595
2026-04-23 17:44:46,19800819
2026-04-23 17:45:37,19781349
2026-04-23 17:46:27,19666408
2026-04-23 17:47:18,19799822
2026-04-23 17:48:08,19666408
2026-04-23 17:48:58,19666408
2026-04-23 17:49:49,19666708
2026-04-23 17:50:40,19667407
2026-04-23 17:51:30,19666708
2026-04-23 17:52:21,19648235
2026-04-23 17:53:12,19800420
2026-04-23 17:54:03,19666408
2026-04-23 17:54:54,19666408
2026-04-23 17:55:44,19648235
2026-04-23 17:56:35,19648634
2026-04-23 17:57:25,19781947
2026-04-23 17:58:16,19781947
2026-04-23 17:59:06,19782646
2026-04-23 17:59:57,19781647
2026-04-23 18:00:47,19648934
2026-04-23 18:01:38,19630161
2026-04-23 18:02:28,19763174
2026-04-23 18:03:19,19763174
2026-04-23 18:04:09,19629462
2026-04-23 18:05:03,19744701
2026-04-23 18:05:53,19647935
2026-04-23 18:06:44,19574752
2026-04-23 18:07:34,19440043
2026-04-23 18:08:25,19440341
2026-04-23 18:09:15,19573755
2026-04-23 18:10:06,19495452
2026-04-23 18:10:56,19476979
2026-04-23 18:11:46,19476979
2026-04-23 18:12:37,19458516
2026-04-23 18:13:27,19343267
2026-04-23 18:14:18,19342867
2026-04-23 18:15:08,19342569
2026-04-23 18:15:59,19342867
2026-04-23 18:16:49,19342569
2026-04-23 18:17:40,19343267
2026-04-23 18:18:30,19477277
2026-04-23 18:19:21,19610291
2026-04-23 18:20:14,19628764
2026-04-23 18:21:04,19628466
2026-04-23 18:21:55,19629462
2026-04-23 18:22:45,19476979
2026-04-23 18:23:36,19610989
2026-04-23 18:24:26,19458116
2026-04-23 18:25:17,19591129
2026-04-23 18:26:07,19458116
2026-04-23 18:26:58,19609993
2026-04-23 18:27:49,19476579
2026-04-23 18:28:39,19590531
2026-04-23 18:29:30,19457518
2026-04-23 18:30:20,19591530
2026-04-23 18:31:10,19591230
2026-04-23 18:32:03,19724543
2026-04-23 18:32:54,19725242
2026-04-23 18:33:44,19724942
2026-04-23 18:34:35,19743705
2026-04-23 18:35:25,19877417
2026-04-23 18:36:16,20010829
2026-04-23 18:37:06,20010829
2026-04-23 18:37:57,20028603
2026-04-23 18:38:47,20010430
2026-04-23 18:39:38,20010430
2026-04-23 18:40:28,20010130
2026-04-23 18:41:19,20010430
2026-04-23 18:42:09,20011129
2026-04-23 18:43:03,20029602
2026-04-23 18:43:53,20162615
2026-04-23 18:44:44,20163314
2026-04-23 18:45:34,20028903
2026-04-23 18:46:25,20162615
2026-04-23 18:47:16,20028903
2026-04-23 18:48:06,20162615
2026-04-23 18:48:57,20142222
2026-04-23 18:49:47,20026414
2026-04-23 18:50:37,20140516
2026-04-23 18:51:28,20136094
2026-04-23 18:52:18,20120345
2026-04-23 18:53:09,19980945
2026-04-23 18:53:59,19982083
2026-04-23 18:54:50,20152302
2026-04-23 18:55:40,20133689
2026-04-23 18:56:31,20128272
2026-04-23 18:57:21,19977803
2026-04-23 18:58:12,19978071
2026-04-23 18:59:03,19980079
2026-04-23 18:59:54,19980647
2026-04-23 19:00:44,19993861
2026-04-23 19:01:35,19999679
2026-04-23 19:02:25,19995397
2026-04-23 19:03:16,19971984
2026-04-23 19:04:06,19973122
2026-04-23 19:04:57,19836265
2026-04-23 19:05:47,19840547
2026-04-23 19:06:38,19974529
2026-04-23 19:07:28,19976934
2026-04-23 19:08:19,19995567
2026-04-23 19:09:09,19861985
2026-04-23 19:10:03,19991853
2026-04-23 19:10:53,19992992
2026-04-23 19:11:43,19994260
2026-04-23 19:12:34,19853452
2026-04-23 19:13:25,19837404
2026-04-23 19:14:15,19710947
2026-04-23 19:15:06,19841246
2026-04-23 19:15:56,19702983
2026-04-23 19:16:46,19697864
2026-04-23 19:17:37,19684341
2026-04-23 19:18:27,19818921
2026-04-23 19:19:18,19720578
2026-04-23 19:20:08,19717863
2026-04-23 19:20:59,19718432
2026-04-23 19:21:49,19721008
2026-04-23 19:22:40,19565858
2026-04-23 19:23:30,19681366
2026-04-23 19:24:21,19549491
2026-04-23 19:25:11,19552066
2026-04-23 19:26:03,19554342
2026-04-23 19:26:53,19705828
2026-04-23 19:27:44,19519382
2026-04-23 19:28:34,19519112
2026-04-23 19:29:25,19512994
2026-04-23 19:30:15,19496357
2026-04-23 19:31:05,19382386
2026-04-23 19:31:56,19515969
2026-04-23 19:32:46,19530450
2026-04-23 19:33:37,19531887
2026-04-23 19:34:27,19399312
2026-04-23 19:35:18,19380549
2026-04-23 19:36:08,19510718
2026-04-23 19:36:59,19513294
2026-04-23 19:37:49,19379013
2026-04-23 19:38:40,19398744
2026-04-23 19:39:30,19533293
2026-04-23 19:40:20,19398313
2026-04-23 19:41:11,19416917
2026-04-23 19:42:03,19531887
2026-04-23 19:42:54,19513124
2026-04-23 19:43:44,19512725
2026-04-23 19:44:35,19548923
2026-04-23 19:45:25,19549791
2026-04-23 19:46:16,19531018
2026-04-23 19:47:06,19531757
2026-04-23 19:47:57,19380281
2026-04-23 19:48:47,19627964
2026-04-23 19:49:38,19644869
2026-04-23 19:50:28,19645300
2026-04-23 19:51:19,19779012
2026-04-23 19:52:09,19763522
2026-04-23 19:53:03,19630678
2026-04-23 19:53:53,19761676
2026-04-23 19:54:44,19647006
2026-04-23 19:55:34,19743203
2026-04-23 19:56:25,19760108
2026-04-23 19:57:15,19742066
2026-04-23 19:58:06,19743902
2026-04-23 19:58:56,19610190
2026-04-23 19:59:47,19592984
2026-04-24 08:00:19,19682404
2026-04-24 08:01:10,19987262
2026-04-24 08:02:03,19584428
2026-04-24 08:02:54,19340649
2026-04-24 08:03:44,19871336
2026-04-24 08:04:35,19517645
2026-04-24 08:05:25,19554999
2026-04-24 08:06:16,19932074
2026-04-24 08:07:07,19881433
2026-04-24 08:07:57,20231214
2026-04-24 08:08:48,20516900
2026-04-24 08:09:38,20633549
2026-04-24 08:10:28,20744107
2026-04-24 08:11:19,20629746
2026-04-24 08:12:10,20752808
2026-04-24 08:13:03,21065542
2026-04-24 08:13:54,21457884
2026-04-24 08:14:45,21367686
2026-04-24 08:15:35,21441129
2026-04-24 08:16:26,21501129
2026-04-24 08:17:16,20872219
2026-04-24 08:18:07,20772339
2026-04-24 08:18:58,21003526
2026-04-24 08:19:48,21061509
2026-04-24 08:20:39,21460100
2026-04-24 08:21:30,21006259
2026-04-24 08:22:20,20743256
2026-04-24 08:23:11,20774684
2026-04-24 08:24:03,20770262
2026-04-24 08:24:53,20820421
2026-04-24 08:25:44,21017506
2026-04-24 08:26:34,21101089
2026-04-24 08:27:25,21081349
2026-04-24 08:28:15,21133215
2026-04-24 08:29:06,21209373
2026-04-24 08:29:56,21299611
2026-04-24 08:30:47,21340399
2026-04-24 08:31:38,21377048
2026-04-24 08:32:28,21545149
2026-04-24 08:33:19,21695200
2026-04-24 08:34:09,21890009
2026-04-24 08:35:03,21978512
2026-04-24 08:35:53,22094588
2026-04-24 08:36:44,22170616
2026-04-24 08:37:34,21997424
2026-04-24 08:38:25,21960488
2026-04-24 08:39:16,21772065
2026-04-24 08:40:06,21751017
2026-04-24 08:40:57,21862972
2026-04-24 08:41:48,21997113
2026-04-24 08:42:38,22054679
2026-04-24 08:43:29,22054380
2026-04-24 08:44:19,22000527
2026-04-24 08:45:10,22000088
2026-04-24 08:46:03,22034898
2026-04-24 08:46:53,22090736
2026-04-24 08:47:44,22205676
2026-04-24 08:48:34,22338690
2026-04-24 08:49:25,22398080
2026-04-24 09:01:15,21880341
2026-04-24 09:02:05,22426401
2026-04-24 09:02:57,23133953
2026-04-24 09:03:49,22625293
2026-04-24 09:04:51,21536044
2026-04-24 09:05:41,22508974
2026-04-24 09:06:32,22490501
2026-04-24 09:07:22,22813334
2026-04-24 09:08:13,22983992
2026-04-24 09:09:03,23173112
2026-04-24 09:09:54,22905688
2026-04-24 09:10:44,22735030
2026-04-24 09:11:34,22126311
2026-04-24 09:12:25,21821941
2026-04-24 09:13:15,22070892
2026-04-24 09:14:06,22147927
2026-04-24 09:14:56,21857609
2026-04-24 09:15:47,22029354
2026-04-24 09:16:38,22562724
2026-04-24 09:17:28,22031020
2026-04-24 09:18:19,22203336
2026-04-24 09:19:09,22573823
2026-04-24 09:20:03,22784411
2026-04-24 09:20:53,22497959
2026-04-24 09:21:44,22671917
2026-04-24 09:22:34,22996241
2026-04-24 09:23:25,22954780
2026-04-24 09:24:15,22885858
2026-04-24 09:25:06,22883626
2026-04-24 09:25:56,22954482
2026-04-24 09:26:47,23209454
2026-04-24 09:27:37,23325809
2026-04-24 09:28:29,22790961
2026-04-24 09:29:30,22948867
2026-04-24 09:30:20,23080911
2026-04-24 09:31:10,23299204
2026-04-24 09:32:03,22898068
2026-04-24 09:32:53,23076291
2026-04-24 09:33:44,23340766
2026-04-24 09:34:35,23483715
2026-04-24 09:35:25,23443635
2026-04-24 09:36:16,23863244
2026-04-24 09:37:07,24012275
2026-04-24 09:37:58,24370382
2026-04-24 09:38:48,24242753
2026-04-24 09:39:39,24467697
2026-04-24 09:40:30,24318665
2026-04-24 09:41:20,24482658
2026-04-24 09:42:11,24470103
2026-04-24 09:43:03,24719803
2026-04-24 09:43:55,24839613
2026-04-24 09:44:46,24917856
2026-04-24 09:45:36,25028764
2026-04-24 09:46:27,24917892
2026-04-24 09:47:17,24586106
2026-04-24 09:48:08,24686196
2026-04-24 09:48:58,24830368
2026-04-24 09:49:49,24696095
2026-04-24 09:50:39,24718262
2026-04-24 09:51:29,24682743
2026-04-24 09:52:20,24681685
2026-04-24 09:53:11,24825297
2026-04-24 09:54:03,24803761
2026-04-24 09:54:54,24774829
2026-04-24 09:55:45,24614161
2026-04-24 09:56:35,24664201
2026-04-24 09:57:26,24529829
2026-04-24 09:58:16,24515308
2026-04-24 09:59:07,24525508
2026-04-24 09:59:57,24465579
2026-04-24 10:00:47,24459890
2026-04-24 10:01:38,24408453
2026-04-24 10:02:28,24282744
2026-04-24 10:03:29,24367206
2026-04-24 10:04:19,24435518
2026-04-24 10:05:10,24564111
2026-04-24 10:06:03,24444754
2026-04-24 10:06:54,24610089
2026-04-24 10:07:44,24601047
2026-04-24 10:08:35,24570388
2026-04-24 10:09:25,24494070
2026-04-24 10:10:16,24486057
2026-04-24 10:11:06,24470728
2026-04-24 10:11:57,24694809
2026-04-24 10:12:47,24598292
2026-04-24 10:13:38,24517095
2026-04-24 10:14:28,24518831
2026-04-24 10:15:19,24540436
2026-04-24 10:16:09,24585387
2026-04-24 10:17:03,24432045
2026-04-24 10:17:53,24396814
2026-04-24 10:18:44,24378352
2026-04-24 10:19:34,24457824
2026-04-24 10:20:24,24428891
2026-04-24 10:21:15,24468273
2026-04-24 10:22:05,24460967
2026-04-24 10:22:56,24493032
2026-04-24 10:23:46,24530146
2026-04-24 10:24:37,24464278
2026-04-24 10:25:27,24511673
2026-04-24 10:26:18,24467422
2026-04-24 10:27:08,24553178
2026-04-24 10:27:59,24631223
2026-04-24 10:28:49,24548310
2026-04-24 10:29:40,24548310
2026-04-24 10:30:31,24561902
2026-04-24 10:31:21,24626353
2026-04-24 10:32:12,24597431
2026-04-24 10:33:03,24670255
2026-04-24 10:33:53,24675485
2026-04-24 10:34:44,24660156
2026-04-24 10:35:34,24602300
2026-04-24 10:36:25,24669904
2026-04-24 10:37:15,24717300
2026-04-24 10:38:06,24700234
2026-04-24 10:38:56,24684915
2026-04-24 10:39:47,24715564
2026-04-24 10:40:38,24762959
2026-04-24 10:41:28,24631223
2026-04-24 10:42:19,24681761
2026-04-24 10:43:09,24710683
2026-04-24 10:44:03,24644826
2026-04-24 10:44:53,24690144
2026-04-24 10:45:44,24624627
2026-04-24 10:46:34,24595705
2026-04-24 10:47:25,24707241
2026-04-24 10:48:16,24722570
2026-04-24 10:49:06,24708977
2026-04-24 10:49:57,24704097
2026-04-24 10:50:47,24817370
2026-04-24 10:51:37,24717700
2026-04-24 10:52:28,24783568
2026-04-24 10:53:18,24817370
2026-04-24 10:54:09,24832700
2026-04-24 10:54:59,24733029
2026-04-24 10:55:50,24861621
2026-04-24 10:56:40,24832700
2026-04-24 10:57:31,24843158
2026-04-24 10:58:21,24846291
2026-04-24 10:59:12,24898567
2026-04-24 11:00:03,24785295
2026-04-24 11:00:53,24684216
2026-04-24 11:01:44,24713139
2026-04-24 11:02:35,24713139
2026-04-24 11:03:25,24809355
2026-04-24 11:04:16,24725015
2026-04-24 11:05:06,24774147
2026-04-24 11:05:57,24821541
2026-04-24 11:06:47,24742061
2026-04-24 11:07:38,24716293
2026-04-24 11:08:28,24679347
2026-04-24 11:09:19,24726742
2026-04-24 11:10:09,24679347
2026-04-24 11:11:03,25003096
2026-04-24 11:11:54,24797470
2026-04-24 11:12:44,24831273
2026-04-24 11:13:35,24799207
2026-04-24 11:14:25,24730204
2026-04-24 11:15:16,24714875
2026-04-24 11:16:07,24750075
2026-04-24 11:16:57,24665743
2026-04-24 11:17:48,24662600
2026-04-24 11:18:38,24615196
2026-04-24 11:19:29,24554208
2026-04-24 11:20:19,24583130
2026-04-24 11:21:09,24491483
2026-04-24 11:22:03,24523549
2026-04-24 11:22:53,24491483
2026-04-24 11:23:44,24503668
2026-04-24 11:24:34,24503668
2026-04-24 11:25:25,24390396
2026-04-24 11:26:16,24405726
2026-04-24 11:27:06,24449977
2026-04-24 11:27:57,24515844
2026-04-24 11:28:47,24515844
2026-04-24 11:29:38,24437791
2026-04-24 11:30:28,24485195
2026-04-24 11:31:18,24388670
2026-04-24 11:32:09,24469866
2026-04-24 11:33:03,24483470
2026-04-24 11:33:53,24451403
2026-04-24 11:34:44,24498799
2026-04-24 11:35:34,24483470
2026-04-24 11:36:25,24546194
2026-04-24 11:37:15,24498799
2026-04-24 11:38:06,24436074
2026-04-24 11:38:56,24454537
2026-04-24 11:39:47,24451403
2026-04-24 11:40:37,24451403
2026-04-24 11:41:27,24432930
2026-04-24 11:42:18,24514128
2026-04-24 11:43:09,24593589
2026-04-24 11:43:59,24546194
2026-04-24 11:44:50,24575116
2026-04-24 11:45:40,24500216
2026-04-24 11:46:31,24562930
2026-04-24 11:47:21,24581393
2026-04-24 11:48:12,24567801
2026-04-24 11:49:03,24633669
2026-04-24 11:49:54,24667471
2026-04-24 11:50:44,24633669
2026-04-24 11:51:34,24604747
2026-04-24 11:52:25,24604747
2026-04-24 11:53:15,24682800
2026-04-24 11:54:06,24682800
2026-04-24 11:54:56,24730204
2026-04-24 11:55:47,24681073
2026-04-24 11:56:37,24694666
2026-04-24 11:57:28,24631951
2026-04-24 11:58:19,24662600
2026-04-24 11:59:09,24694666
2026-04-24 11:59:59,24679347
2026-04-24 12:00:50,24598149
2026-04-24 12:01:40,24660874
2026-04-24 12:02:31,24593279
2026-04-24 12:03:21,24666114
2026-04-24 12:04:12,24674477
2026-04-24 12:05:03,24561213
2026-04-24 12:05:54,24642411
2026-04-24 12:06:44,24627082
2026-04-24 12:07:35,24611752
2026-04-24 12:08:25,24593279
2026-04-24 12:09:16,24593279
2026-04-24 12:10:06,24656004
2026-04-24 12:10:57,24656004
2026-04-24 12:11:47,24574806
2026-04-24 12:12:38,24551104
2026-04-24 12:13:29,24637531
2026-04-24 12:14:19,24574806
2026-04-24 12:15:10,24637531
2026-04-24 12:16:03,24580899
2026-04-24 12:16:54,24571673
2026-04-24 12:17:44,24556343
2026-04-24 12:18:35,24608609
2026-04-24 12:19:25,24574806
2026-04-24 12:20:15,24559477
2026-04-24 12:21:06,24622201
2026-04-24 12:21:56,24625345
2026-04-24 12:22:47,24510365
2026-04-24 12:23:37,24495036
2026-04-24 12:24:28,24591553
2026-04-24 12:25:19,24481432
2026-04-24 12:26:09,24478299
2026-04-24 12:27:03,24462969
2026-04-24 12:27:53,24478299
2026-04-24 12:28:44,24510365
2026-04-24 12:29:34,24462969
2026-04-24 12:30:24,24510365
2026-04-24 12:31:15,24493618
2026-04-24 12:32:06,24588409
2026-04-24 12:32:56,24504068
2026-04-24 12:33:47,24522541
2026-04-24 12:34:37,24441353
2026-04-24 12:35:28,24441353
2026-04-24 12:36:18,24504068
2026-04-24 12:37:09,24470276
2026-04-24 12:37:59,24419736
2026-04-24 12:38:50,24364317
2026-04-24 12:39:40,24350715
2026-04-24 12:40:31,24303320
2026-04-24 12:41:22,24350715
2026-04-24 12:42:12,24284847
2026-04-24 12:43:03,24237452
2026-04-24 12:43:53,24237452
2026-04-24 12:44:44,24303320
2026-04-24 12:45:34,24237452
2026-04-24 12:46:25,24174727
2026-04-24 12:47:15,24190056
2026-04-24 12:48:06,24190056
2026-04-24 12:48:56,24237452
2026-04-24 12:49:47,24251055
2026-04-24 12:50:37,24281714
2026-04-24 12:51:28,24281714
2026-04-24 12:52:18,24258022
2026-04-24 12:53:09,24264967
2026-04-24 12:53:59,24231175
2026-04-24 12:54:50,24270197
2026-04-24 12:55:40,24264967
2026-04-24 12:56:31,24173116
2026-04-24 12:57:21,24197682
2026-04-24 12:58:12,24162463
2026-04-24 12:59:03,24162318
2026-04-24 12:59:54,24012253
2026-04-24 13:00:45,24058241
2026-04-24 13:01:35,24071845
2026-04-24 13:02:26,24087174
2026-04-24 13:03:17,24027582
2026-04-24 13:04:07,23926195
2026-04-24 13:04:58,24042603
2026-04-24 13:05:48,24045747
2026-04-24 13:06:39,24084419
2026-04-24 13:07:29,24082693
2026-04-24 13:08:20,24136375
2026-04-24 13:09:10,24124189
2026-04-24 13:10:03,24186923
2026-04-24 13:10:53,24097784
2026-04-24 13:11:44,24120216
2026-04-24 13:12:34,24164133
2026-04-24 13:13:25,24150041
2026-04-24 13:14:16,24141405
2026-04-24 13:15:06,24142177
2026-04-24 13:15:57,24168460
2026-04-24 13:16:47,24107410
2026-04-24 13:17:38,24196411
2026-04-24 13:18:28,24189159
2026-04-24 13:19:19,24214802
2026-04-24 13:20:09,24202820
2026-04-24 13:21:03,24076663
2026-04-24 13:21:53,24120153
2026-04-24 13:22:44,24119595
2026-04-24 13:23:34,24171462
2026-04-24 13:24:25,24043560
2026-04-24 13:25:15,24034847
2026-04-24 13:26:06,23977399
2026-04-24 13:26:57,23901073
2026-04-24 13:27:47,23924213
2026-04-24 13:28:38,23780290
2026-04-24 13:29:28,23865952
2026-04-24 13:30:18,23973927
2026-04-24 13:31:09,23982102
2026-04-24 13:31:59,24005789
2026-04-24 13:32:50,24062934
2026-04-24 13:33:40,24168330
2026-04-24 13:34:31,24176552
2026-04-24 13:35:21,24124553
2026-04-24 13:36:12,24054362
2026-04-24 13:37:03,24005295
2026-04-24 13:37:54,24051370
2026-04-24 13:38:44,24028443
2026-04-24 13:39:35,24015806
2026-04-24 13:40:26,24135773
2026-04-24 13:41:16,24113536
2026-04-24 13:42:07,24159816
2026-04-24 13:42:57,24180521
2026-04-24 13:43:48,24188544
2026-04-24 13:44:38,24127848
2026-04-24 13:45:29,24221028
2026-04-24 13:46:19,24244714
2026-04-24 13:47:10,24292118
2026-04-24 13:48:03,24229953
2026-04-24 13:48:53,24298062
2026-04-24 13:49:44,24310894
2026-04-24 13:50:34,24307546
2026-04-24 13:51:25,24121697
2026-04-24 13:52:15,24215996
2026-04-24 13:53:06,24212597
2026-04-24 13:53:56,24225684
2026-04-24 13:54:47,24239340
2026-04-24 13:55:37,24180166
2026-04-24 13:56:28,24219343
2026-04-24 13:57:18,24224922
2026-04-24 13:58:09,24221862
2026-04-24 13:58:59,24287937
2026-04-24 13:59:50,24219078
2026-04-24 14:00:40,24262363
2026-04-24 14:01:31,24231350
2026-04-24 14:02:21,24316099
2026-04-24 14:03:12,24246606
2026-04-24 14:04:03,24261936
2026-04-24 14:04:54,24265079
2026-04-24 14:05:44,24183882
2026-04-24 14:06:35,24180738
2026-04-24 14:07:25,24180738
2026-04-24 14:08:16,24165409
2026-04-24 14:09:07,24228133
2026-04-24 14:09:57,24246606
2026-04-24 14:10:47,24180738
2026-04-24 14:11:38,24180738
2026-04-24 14:12:28,24196068
2026-04-24 14:13:19,24225000
2026-04-24 14:14:09,24225000
2026-04-24 14:15:03,24272395
2026-04-24 14:15:53,24225000
2026-04-24 14:16:44,24257065
2026-04-24 14:17:34,24191197
2026-04-24 14:18:25,24191197
2026-04-24 14:19:15,24209670
2026-04-24 14:20:06,24191197
2026-04-24 14:20:57,24175868
2026-04-24 14:21:47,24238592
2026-04-24 14:22:38,24241736
2026-04-24 14:23:28,24238592
2026-04-24 14:24:19,24247868
2026-04-24 14:25:09,24285996
2026-04-24 14:26:03,24336536
2026-04-24 14:26:53,24307603
2026-04-24 14:27:44,24292284
2026-04-24 14:28:34,24292284
2026-04-24 14:29:25,24292284
2026-04-24 14:30:32,24373472
2026-04-24 14:31:23,24358153
2026-04-24 14:32:13,24310757
2026-04-24 14:33:04,24342823
2026-04-24 14:33:55,24358153
2026-04-24 14:34:45,24379604
2026-04-24 14:35:36,24313735
2026-04-24 14:36:26,24388801
2026-04-24 14:37:17,24341405
2026-04-24 14:38:07,24391945
2026-04-24 14:38:57,24359878
2026-04-24 14:39:48,24369154
2026-04-24 14:40:38,24444210
2026-04-24 14:41:29,24491605
2026-04-24 14:42:19,24450342
2026-04-24 14:43:10,24456406
2026-04-24 14:44:03,24441077
2026-04-24 14:44:53,24378351
2026-04-24 14:45:44,24390537
2026-04-24 14:46:34,24343133
2026-04-24 14:47:25,24327804
2026-04-24 14:48:15,24294001
2026-04-24 14:49:06,24261936
2026-04-24 14:49:56,24243463
2026-04-24 14:50:47,24310601
2026-04-24 14:51:37,24304469
2026-04-24 14:52:28,24290858
2026-04-24 14:53:18,24319799
2026-04-24 14:54:09,24301326
2026-04-24 14:54:59,24238592
2026-04-24 14:55:50,24325931
2026-04-24 14:56:40,24235449
2026-04-24 14:57:31,24313501
2026-04-24 14:58:21,24287724
2026-04-24 14:59:12,24287724
2026-04-24 15:00:03,24287724
2026-04-24 15:00:53,24272395
2026-04-24 15:01:44,24272395
2026-04-24 15:02:34,24287724
2026-04-24 15:03:25,24287724
2026-04-24 15:04:15,24301326
2026-04-24 15:05:06,24250778
2026-04-24 15:05:56,24253922
2026-04-24 15:06:47,24188054
2026-04-24 15:07:37,24253922
2026-04-24 15:08:28,24172724
2026-04-24 15:09:18,24235449
2026-04-24 15:10:09,24188054
2026-04-24 15:10:59,24172724
2026-04-24 15:11:49,24255182
2026-04-24 15:12:40,24260054
2026-04-24 15:13:30,24269251
2026-04-24 15:14:21,24316655
2026-04-24 15:15:11,24253922
2026-04-24 15:16:03,24253922
2026-04-24 15:16:54,24290858
2026-04-24 15:17:44,24309331
2026-04-24 15:18:35,24209670
2026-04-24 15:19:25,24243463
2026-04-24 15:20:16,24290858
2026-04-24 15:21:06,24290858
2026-04-24 15:21:57,24290858
2026-04-24 15:22:47,24290858
2026-04-24 15:23:38,24290858
2026-04-24 15:24:28,24290858
2026-04-24 15:25:18,24290858
2026-04-24 15:26:09,24290858
2026-04-24 15:26:59,24290858
2026-04-24 15:27:50,24290858
2026-04-24 15:28:41,24290858
2026-04-24 15:29:31,24290858
2026-04-24 15:30:21,24272395
2026-04-24 15:31:12,24177605
2026-04-24 15:32:03,24177605
2026-04-24 15:32:54,24177605
2026-04-24 15:33:44,24177605
2026-04-24 15:34:35,24177605
2026-04-24 15:35:25,24177605
2026-04-24 15:36:16,24177605
2026-04-24 15:37:06,24177605
2026-04-24 15:37:57,24177605
2026-04-24 15:38:47,24177605
2026-04-24 15:39:38,24177605
2026-04-24 15:40:28,24309331
2026-04-24 15:41:19,24280409
2026-04-24 15:42:09,24346277
2026-04-24 15:43:03,24401686
2026-04-24 15:43:53,24354291
2026-04-24 15:44:44,24364740
2026-04-24 15:45:34,24383213
2026-04-24 15:46:25,24383213
2026-04-24 15:47:16,24383213
2026-04-24 15:48:06,24364740
2026-04-24 15:48:57,24364740
2026-04-24 15:49:47,24412144
2026-04-24 15:50:37,24412144
2026-04-24 15:51:28,24401686
2026-04-24 15:52:18,24449090
2026-04-24 15:53:09,24449090
2026-04-24 15:53:59,24383213
2026-04-24 15:54:50,24401686
2026-04-24 15:55:40,24420149
2026-04-24 15:56:31,24504499
2026-04-24 15:57:21,24504499
2026-04-24 15:58:12,24420149
2026-04-24 15:59:03,24401686
2026-04-24 15:59:54,24420149
2026-04-24 16:00:44,24449090
2026-04-24 16:01:35,24449090
2026-04-24 16:02:25,24420149
2026-04-24 16:03:16,24401686
2026-04-24 16:04:06,24449090
2026-04-24 16:04:57,24383213
2026-04-24 16:05:47,24430617
2026-04-24 16:06:38,24401686
2026-04-24 16:07:28,24420149
2026-04-24 16:08:19,24420149
2026-04-24 16:09:09,24486026
2026-04-24 16:10:03,24486026
2026-04-24 16:10:53,24486026
2026-04-24 16:11:43,24467553
2026-04-24 16:12:34,24401686
2026-04-24 16:13:24,24383213
2026-04-24 16:14:15,24383213
2026-04-24 16:15:05,24383213
2026-04-24 16:15:56,24393681
2026-04-24 16:16:46,24412144
2026-04-24 16:17:37,24412144
2026-04-24 16:18:27,24412144
2026-04-24 16:19:18,24412144
2026-04-24 16:20:08,24364740
2026-04-24 16:20:59,24430617
2026-04-24 16:21:49,24383213
2026-04-24 16:22:40,24430617
2026-04-24 16:23:30,24412144
2026-04-24 16:24:21,24346277
2026-04-24 16:25:11,24393681
2026-04-24 16:26:03,24393681
2026-04-24 16:26:53,24393681
2026-04-24 16:27:44,24346277
2026-04-24 16:28:34,24346277
2026-04-24 16:29:25,24393681
2026-04-24 16:30:15,24364740
2026-04-24 16:31:05,24364740
2026-04-24 16:31:56,24364740
2026-04-24 16:32:46,24412144
2026-04-24 16:33:37,24412144
2026-04-24 16:34:27,24346277
2026-04-24 16:35:18,24393681
2026-04-24 16:36:08,24327804
2026-04-24 16:36:59,24327804
2026-04-24 16:37:49,24346277
2026-04-24 16:38:40,24412144
2026-04-24 16:39:30,24430617
2026-04-24 16:40:32,24430617
2026-04-24 16:41:23,24383213
2026-04-24 16:42:13,24383213
2026-04-24 16:43:03,24383213
2026-04-24 16:43:54,24430617
2026-04-24 16:44:44,24430617
2026-04-24 16:45:35,24412144
2026-04-24 16:46:25,24364740
2026-04-24 16:47:16,24383213
2026-04-24 16:48:06,24412144
2026-04-24 16:48:57,24383213
2026-04-24 16:49:47,24383213
2026-04-24 16:50:38,24401686
2026-04-24 16:51:28,24383213
2026-04-24 16:52:19,24430617
2026-04-24 16:53:09,24449090
2026-04-24 16:54:03,24430617
2026-04-24 16:54:53,24430617
2026-04-24 16:55:44,24430617
2026-04-24 16:56:34,24430617
2026-04-24 16:57:25,24383213
2026-04-24 16:58:15,24383213
2026-04-24 16:59:06,24430617
2026-04-24 16:59:56,24383213
2026-04-24 17:00:47,24430617
2026-04-24 17:01:37,24364740
2026-04-24 17:02:28,24327804
2026-04-24 17:03:18,24338262
2026-04-24 17:04:09,24338262
2026-04-24 17:04:59,24327804
2026-04-24 17:05:50,24327804
2026-04-24 17:06:40,24375208
2026-04-24 17:07:31,24430617
2026-04-24 17:08:21,24430617
2026-04-24 17:09:12,24364740
2026-04-24 17:10:03,24412144
2026-04-24 17:10:53,24327804
2026-04-24 17:11:44,24309331
2026-04-24 17:12:34,24356735
2026-04-24 17:13:25,24356735
2026-04-24 17:14:15,24338262
2026-04-24 17:15:06,24338262
2026-04-24 17:15:56,24433053
2026-04-24 17:16:47,24433053
2026-04-24 17:17:37,24433053
2026-04-24 17:18:28,24414590
2026-04-24 17:19:18,24414590
2026-04-24 17:20:09,24367195
2026-04-24 17:20:59,24414590
2026-04-24 17:21:50,24414590
2026-04-24 17:22:40,24396117
2026-04-24 17:23:31,24396117
2026-04-24 17:24:21,24348722
2026-04-24 17:25:12,24396117
2026-04-24 17:26:03,24396117
2026-04-24 17:26:54,24425039
2026-04-24 17:27:44,24443512
2026-04-24 17:28:35,24546325
2026-04-24 17:29:25,24546325
2026-04-24 17:30:15,24498921
2026-04-24 17:31:06,24498921
2026-04-24 17:31:56,24498921
2026-04-24 17:32:47,24433053
2026-04-24 17:33:37,24480448
2026-04-24 17:34:28,24461985
2026-04-24 17:35:18,24461985
2026-04-24 17:36:09,24414590
2026-04-24 17:37:03,24461985
2026-04-24 17:37:53,24461985
2026-04-24 17:38:44,24480448
2026-04-24 17:39:34,24527852
2026-04-24 17:40:24,24480448
2026-04-24 17:41:16,24527852
2026-04-24 17:42:06,24527852
2026-04-24 17:42:57,24527852
2026-04-24 17:43:47,24509389
2026-04-24 17:44:38,24461985
2026-04-24 17:45:28,24509389
2026-04-24 17:46:19,24461985
2026-04-24 17:47:09,24461985
2026-04-24 17:48:03,24509389
2026-04-24 17:48:54,24443512
2026-04-24 17:49:44,24509389
2026-04-24 17:50:34,24509389
2026-04-24 17:51:25,24490916
2026-04-24 17:52:15,24490916
2026-04-24 17:53:06,24480448
2026-04-24 17:53:56,24480448
2026-04-24 17:54:47,24527852
2026-04-24 17:55:37,24527852
2026-04-24 17:56:28,24527852
2026-04-24 17:57:18,24527852
2026-04-24 17:58:09,24443512
2026-04-24 17:58:59,24490916
2026-04-24 17:59:50,24490916
2026-04-24 18:00:40,24490916
2026-04-24 18:01:30,24490916
2026-04-24 18:02:21,24509389
2026-04-24 18:03:12,24490916
2026-04-24 18:04:03,24509389
2026-04-24 18:04:53,24490916
2026-04-24 18:05:44,24490916
2026-04-24 18:06:35,24490916
2026-04-24 18:07:25,24461985
2026-04-24 18:08:16,24546325
2026-04-24 18:09:06,24517394
2026-04-24 18:09:57,24546325
2026-04-24 18:10:47,24480448
2026-04-24 18:11:37,24480448
2026-04-24 18:12:28,24498921
2026-04-24 18:13:18,24498921
2026-04-24 18:14:09,24443512
2026-04-24 18:14:59,24498921
2026-04-24 18:15:50,24498921
2026-04-24 18:16:40,24451526
2026-04-24 18:17:31,24451526
2026-04-24 18:18:21,24480448
2026-04-24 18:19:12,24433053
2026-04-24 18:20:03,24414590
2026-04-24 18:20:54,24443512
2026-04-24 18:21:44,24396117
2026-04-24 18:22:35,24414590
2026-04-24 18:23:25,24414590
2026-04-24 18:24:16,24396117
2026-04-24 18:25:06,24396117
2026-04-24 18:25:57,24433053
2026-04-24 18:26:47,24433053
2026-04-24 18:27:38,24385658
2026-04-24 18:28:28,24385658
2026-04-24 18:29:19,24377644
2026-04-24 18:30:09,24377644
2026-04-24 18:30:59,24377644
2026-04-24 18:31:50,24396117
2026-04-24 18:32:41,24396117
2026-04-24 18:33:31,24348722
2026-04-24 18:34:22,24433053
2026-04-24 18:35:12,24433053
2026-04-24 18:36:03,24396117
2026-04-24 18:36:53,24348722
2026-04-24 18:37:44,24367195
2026-04-24 18:38:34,24367195
2026-04-24 18:39:25,24414590
2026-04-24 18:40:15,24414590
2026-04-24 18:41:05,24348722
2026-04-24 18:41:56,24414590
2026-04-24 18:42:46,24414590
2026-04-24 18:43:37,24461985
2026-04-24 18:44:27,24461985
2026-04-24 18:45:18,24414590
2026-04-24 18:46:08,24461985
2026-04-24 18:46:59,24433053
2026-04-24 18:47:49,24480448
2026-04-24 18:48:40,24480448
2026-04-24 18:49:30,24433053
2026-04-24 18:50:21,24480448
2026-04-24 18:51:11,24498921
2026-04-24 18:52:03,24451526
2026-04-24 18:52:53,24498921
2026-04-24 18:53:44,24498921
2026-04-24 18:54:34,24469999
2026-04-24 18:55:25,24517394
2026-04-24 18:56:15,24451526
2026-04-24 18:57:06,24451526
2026-04-24 18:57:56,24414590
2026-04-24 18:58:47,24498921
2026-04-24 18:59:38,24451526
2026-04-24 19:00:28,24433053
2026-04-24 19:01:19,24433053
2026-04-24 19:02:09,24451526
2026-04-24 19:03:03,24480448
2026-04-24 19:03:53,24433053
2026-04-24 19:04:44,24480448
2026-04-24 19:05:34,24451526
2026-04-24 19:06:25,24480448
2026-04-24 19:07:15,24433053
2026-04-24 19:08:06,24480448
2026-04-24 19:08:56,24480448
2026-04-24 19:09:47,24498921
2026-04-24 19:10:37,24498921
2026-04-24 19:11:28,24469999
2026-04-24 19:12:19,24433053
2026-04-24 19:13:09,24433053
2026-04-24 19:14:03,24469999
2026-04-24 19:14:53,24451526
2026-04-24 19:15:44,24498921
2026-04-24 19:16:34,24517394
2026-04-24 19:17:25,24517394
2026-04-24 19:18:15,24451526
2026-04-24 19:19:06,24498921
2026-04-24 19:19:56,24451526
2026-04-24 19:20:47,24451526
2026-04-24 19:21:37,24451526
2026-04-24 19:22:28,24498921
2026-04-24 19:23:18,24480448
2026-04-24 19:24:09,24498921
2026-04-24 19:24:59,24498921
2026-04-24 19:25:50,24451526
2026-04-24 19:26:40,24498921
2026-04-24 19:27:31,24498921
2026-04-24 19:28:21,24498921
2026-04-24 19:29:12,24451526
2026-04-24 19:30:03,24480448
2026-04-24 19:30:54,24469999
2026-04-24 19:31:44,24535867
2026-04-24 19:32:35,24488472
2026-04-24 19:33:25,24535867
2026-04-24 19:34:16,24506935
2026-04-24 19:35:06,24506935
2026-04-24 19:35:57,24506935
2026-04-24 19:36:48,24572803
2026-04-24 19:37:38,24572803
2026-04-24 19:38:29,24506935
2026-04-24 19:39:19,24554330
2026-04-24 19:40:10,24506935
2026-04-24 19:41:03,24488472
2026-04-24 19:41:53,24517394
2026-04-24 19:42:44,24517394
2026-04-24 19:43:34,24469999
2026-04-24 19:44:25,24461985
2026-04-24 19:45:16,24480448
2026-04-24 19:46:06,24506935
2026-04-24 19:46:57,24535867
2026-04-24 19:47:47,24498921
2026-04-24 19:48:37,24517394
2026-04-24 19:49:28,24469999
2026-04-24 19:50:19,24517394
2026-04-24 19:51:09,24480448
2026-04-24 19:52:03,24527852
2026-04-24 19:52:53,24546325
2026-04-24 19:53:44,24527852
2026-04-24 19:54:34,24498921
2026-04-24 19:55:25,24564798
2026-04-24 19:56:15,24564798
2026-04-24 19:57:06,24546325
2026-04-24 19:57:56,24564798
2026-04-24 19:58:47,24564798
2026-04-24 19:59:37,24546325
2026-04-27 08:00:12,24943769
2026-04-27 08:01:03,25375912
2026-04-27 08:01:53,25784023
2026-04-27 08:02:44,26121377
2026-04-27 08:03:35,25934233
2026-04-27 08:04:25,26168773
2026-04-27 08:05:16,26094901
2026-04-27 08:06:06,26426685
2026-04-27 08:06:57,26416227
2026-04-27 08:07:47,26437135
2026-04-27 08:08:38,26171228
2026-04-27 08:09:28,26210609
2026-04-27 08:10:18,26210609
2026-04-27 08:11:09,26221058
2026-04-27 08:12:03,26089332
2026-04-27 08:12:53,26126267
2026-04-27 08:13:44,26086877
2026-04-27 08:14:34,26105350
2026-04-27 08:15:25,26134282
2026-04-27 08:16:15,25955150
2026-04-27 08:17:06,25973623
2026-04-27 08:17:56,26021019
2026-04-27 08:18:47,26049941
2026-04-27 08:19:38,26210609
2026-04-27 08:20:29,26173663
2026-04-27 08:21:19,26173663
2026-04-27 08:22:10,26173663
2026-04-27 08:23:03,26173663
2026-04-27 08:23:54,26132217
2026-04-27 08:24:44,26206099
2026-04-27 08:25:35,26226248
2026-04-27 08:26:26,26256089
2026-04-27 08:27:16,26294700
2026-04-27 08:28:07,26306058
2026-04-27 08:28:57,26306058
2026-04-27 08:29:48,26486197
2026-04-27 08:30:39,26496675
2026-04-27 08:31:29,26463253
2026-04-27 08:32:20,26386707
2026-04-27 08:33:10,26411347
2026-04-27 08:34:03,26301378
2026-04-27 08:34:53,26359451
2026-04-27 08:35:44,26340978
2026-04-27 08:36:34,26332196
2026-04-27 08:37:25,26333104
2026-04-27 08:38:15,26342795
2026-04-27 08:39:06,26402565
2026-04-27 08:39:56,26426307
2026-04-27 08:40:47,26511636
2026-04-27 08:41:38,26553842
2026-04-27 08:42:28,26426307
2026-04-27 08:43:19,26453563
2026-04-27 08:44:09,26504540
2026-04-27 08:45:03,26520419
2026-04-27 08:45:53,26512414
2026-04-27 08:46:44,26393663
2026-04-27 08:47:34,26454341
2026-04-27 08:48:25,26487774
2026-04-27 08:49:15,26487774
2026-04-27 09:01:03,25972727
2026-04-27 09:02:05,25615554
2026-04-27 09:02:55,25856811
2026-04-27 09:03:46,25456663
2026-04-27 09:04:37,25418400
2026-04-27 09:05:27,25311283
2026-04-27 09:06:18,25489671
2026-04-27 09:07:08,25293843
2026-04-27 09:07:59,25320131
2026-04-27 09:08:49,25433528
2026-04-27 09:09:40,25323709
2026-04-27 09:10:31,25313763
2026-04-27 09:11:21,25252275
2026-04-27 09:12:12,25262974
2026-04-27 09:13:03,25398682
2026-04-27 09:13:53,25459549
2026-04-27 09:14:44,25491664
2026-04-27 09:15:34,25584321
2026-04-27 09:16:25,25530756
2026-04-27 09:17:15,25585168
2026-04-27 09:18:06,25629109
2026-04-27 09:18:56,25632895
2026-04-27 09:19:47,25489851
2026-04-27 09:20:37,25623014
2026-04-27 09:21:28,25528709
2026-04-27 09:22:18,25503442
2026-04-27 09:23:09,25361867
2026-04-27 09:23:59,25420131
2026-04-27 09:24:50,25154793
2026-04-27 09:25:40,25040782
2026-04-27 09:26:31,25175162
2026-04-27 09:27:22,25232257
2026-04-27 09:28:12,25022276
2026-04-27 09:29:03,25325070
2026-04-27 09:29:53,25420140
2026-04-27 09:30:43,25373304
2026-04-27 09:31:34,25215482
2026-04-27 09:32:24,25194962
2026-04-27 09:33:15,25371469
2026-04-27 09:34:05,25240542
2026-04-27 09:34:56,25172688
2026-04-27 09:35:46,25043804
2026-04-27 09:36:37,25118905
2026-04-27 09:37:27,24977897
2026-04-27 09:38:18,24931680
2026-04-27 09:39:08,25066307
2026-04-27 09:39:59,25106238
2026-04-27 09:40:50,24805824
2026-04-27 09:41:41,24777868
2026-04-27 09:42:31,24868985
2026-04-27 09:43:22,24819229
2026-04-27 09:44:12,24942916
2026-04-27 09:45:03,25023325
2026-04-27 09:45:53,25053225
2026-04-27 09:46:44,24941060
2026-04-27 09:47:34,25017087
2026-04-27 09:48:25,24865937
2026-04-27 09:49:15,24831775
2026-04-27 09:50:06,24930628
2026-04-27 09:50:57,24941139
2026-04-27 09:51:47,24835480
2026-04-27 09:52:38,24779112
2026-04-27 09:53:28,24654272
2026-04-27 09:54:19,24736137
2026-04-27 09:55:09,24902925
2026-04-27 09:56:03,24862180
2026-04-27 09:56:53,25012922
2026-04-27 09:57:44,25063942
2026-04-27 09:58:34,24994000
2026-04-27 09:59:25,24887615
2026-04-27 10:00:16,25122594
2026-04-27 10:01:06,25201975
2026-04-27 10:01:57,25242086
2026-04-27 10:02:47,25342245
2026-04-27 10:03:38,25425398
2026-04-27 10:04:28,25384061
2026-04-27 10:05:19,25254979
2026-04-27 10:06:09,25267823
2026-04-27 10:07:03,25407024
2026-04-27 10:07:54,25355736
2026-04-27 10:08:44,25341516
2026-04-27 10:09:34,25357813
2026-04-27 10:10:32,25410666
2026-04-27 10:11:22,25358979
2026-04-27 10:12:12,25328102
2026-04-27 10:13:03,25309705
2026-04-27 10:13:53,25182784
2026-04-27 10:14:43,25217794
2026-04-27 10:15:34,25241058
2026-04-27 10:16:24,25205309
2026-04-27 10:17:14,25209151
2026-04-27 10:18:05,25264428
2026-04-27 10:20:13,25443179
2026-04-27 10:21:05,25509479
2026-04-27 10:21:56,25537881
2026-04-27 10:22:46,25489710
2026-04-27 10:23:37,25506407
2026-04-27 10:24:03,25445548
2026-04-27 10:24:54,25461805
2026-04-27 10:25:45,25403153
2026-04-27 10:26:35,25361926
2026-04-27 10:27:25,25386377
2026-04-27 10:28:16,25309688
2026-04-27 10:29:06,25318970
2026-04-27 10:29:56,25508450
2026-04-27 10:30:46,25456195
2026-04-27 10:31:37,25405757
2026-04-27 10:32:27,25567723
2026-04-27 10:33:17,25579380
2026-04-27 10:34:07,25539049
2026-04-27 10:34:58,25609539
2026-04-27 10:35:48,25610926
2026-04-27 10:36:38,25477782
2026-04-27 10:37:29,25476864
2026-04-27 10:38:19,25554557
2026-04-27 10:39:09,25600895
2026-04-27 10:40:03,25559668
2026-04-27 10:40:53,25532697
2026-04-27 10:41:44,25512962
2026-04-27 10:42:34,25588791
2026-04-27 10:43:24,25592902
2026-04-27 10:44:14,25564687
2026-04-27 10:45:05,25536776
2026-04-27 10:45:55,25574478
2026-04-27 10:46:45,25581137
2026-04-27 10:47:36,25488202
2026-04-27 10:48:26,25535447
2026-04-27 10:49:16,25439987
2026-04-27 10:50:07,25432162
2026-04-27 10:51:24,25403701
2026-04-27 10:52:14,25394499
2026-04-27 10:53:04,25487445
2026-04-27 10:53:54,25503921
2026-04-27 10:54:45,25602853
2026-04-27 10:55:35,25504111
2026-04-27 10:56:25,25554509
2026-04-27 10:57:16,25536046
2026-04-27 10:58:06,25484727
2026-04-27 10:58:56,25541485
2026-04-27 10:59:46,25564469
2026-04-27 11:00:37,25565646
2026-04-27 11:01:28,25573180
2026-04-27 11:02:18,25616145
2026-04-27 11:03:08,25615925
2026-04-27 11:03:59,25640846
2026-04-27 11:04:49,25635527
2026-04-27 11:05:39,25713552
2026-04-27 11:06:29,25657603
2026-04-27 11:07:20,25672143
2026-04-27 11:08:10,25684789
2026-04-27 11:09:03,25808550
2026-04-27 11:09:54,25962738
2026-04-27 11:10:44,26034027
2026-04-27 11:11:34,26054015
2026-04-27 11:12:25,26028297
2026-04-27 11:13:15,25960286
2026-04-27 11:14:05,25990962
2026-04-27 11:14:56,26079238
2026-04-27 11:15:46,26141961
2026-04-27 11:16:36,26148420
2026-04-27 11:17:26,26088139
2026-04-27 11:18:17,26108100
2026-04-27 11:19:07,26135186
2026-04-27 11:19:57,26113009
2026-04-27 11:20:48,26048888
2026-04-27 11:21:38,26019975
2026-04-27 11:22:28,26069257
2026-04-27 11:23:19,26095545
2026-04-27 11:24:09,26155635
2026-04-27 11:24:59,26145842
2026-04-27 11:25:50,26313766
2026-04-27 11:26:40,26439674
2026-04-27 11:27:30,26366591
2026-04-27 11:28:21,26427921
2026-04-27 11:29:11,26467229
2026-04-27 11:30:03,26561410
2026-04-27 11:30:54,26548426
2026-04-27 11:31:45,26633127
2026-04-27 11:32:35,26672844
2026-04-27 11:33:26,26546769
2026-04-27 11:34:16,26599734
2026-04-27 11:35:07,26618297
2026-04-27 11:35:57,26614282
2026-04-27 11:36:48,26527848
2026-04-27 11:37:39,26556600
2026-04-27 11:38:29,26750489
2026-04-27 11:39:20,26610093
2026-04-27 11:40:10,26595363
2026-04-27 11:41:03,26625472
2026-04-27 11:41:54,26560393
2026-04-27 11:42:44,26670771
2026-04-27 11:43:35,26616290
2026-04-27 11:44:25,26666659
2026-04-27 11:45:16,26623136
2026-04-27 11:46:06,26508508
2026-04-27 11:46:57,26351081
2026-04-27 11:47:48,26324107
2026-04-27 11:48:38,26275862
2026-04-27 11:49:29,26300213
2026-04-27 11:50:19,26365253
2026-04-27 11:51:09,26330651
2026-04-27 11:52:03,26386859
2026-04-27 11:52:53,26357339
2026-04-27 11:53:44,26345013
2026-04-27 11:54:34,26396961
2026-04-27 11:55:25,26437898
2026-04-27 11:56:15,26343478
2026-04-27 11:57:06,26399166
2026-04-27 11:57:57,26393706
2026-04-27 11:58:47,26339333
2026-04-27 11:59:38,26466710
2026-04-27 12:00:28,26462998
2026-04-27 12:01:18,26429904
2026-04-27 12:02:09,26326002
2026-04-27 12:02:59,26353308
2026-04-27 12:03:50,26247142
2026-04-27 12:04:40,26181881
2026-04-27 12:05:31,26187041
2026-04-27 12:06:21,26229257
2026-04-27 12:07:12,26178508
2026-04-27 12:08:03,26197801
2026-04-27 12:08:53,26231340
2026-04-27 12:09:44,26167228
2026-04-27 12:10:34,26150922
2026-04-27 12:11:25,26274054
2026-04-27 12:12:15,26126616
2026-04-27 12:13:06,26200254
2026-04-27 12:13:56,26180520
2026-04-27 12:14:47,26188407
2026-04-27 12:15:37,26116682
2026-04-27 12:16:28,26085275
2026-04-27 12:17:19,26175553
2026-04-27 12:18:09,26214825
2026-04-27 12:19:03,26216811
2026-04-27 12:19:53,26133439
2026-04-27 12:20:44,26134197
2026-04-27 12:21:35,26121353
2026-04-27 12:22:25,26111860
2026-04-27 12:23:16,26142980
2026-04-27 12:24:06,26131235
2026-04-27 12:24:57,26092400
2026-04-27 12:25:47,26042391
2026-04-27 12:26:38,26181552
2026-04-27 12:27:28,26102741
2026-04-27 12:28:19,26176123
2026-04-27 12:29:09,26218778
2026-04-27 12:30:03,26180335
2026-04-27 12:30:54,26122601
2026-04-27 12:31:44,26069557
2026-04-27 12:32:35,26036134
2026-04-27 12:33:26,26054606
2026-04-27 12:34:16,26050745
2026-04-27 12:35:07,26063748
2026-04-27 12:35:57,26077641
2026-04-27 12:36:48,26096892
2026-04-27 12:37:38,26059687
2026-04-27 12:38:29,26066632
2026-04-27 12:39:19,26034577
2026-04-27 12:40:10,26020854
2026-04-27 12:41:03,26004905
2026-04-27 12:41:53,26003139
2026-04-27 12:42:44,25965282
2026-04-27 12:43:34,25978796
2026-04-27 12:44:25,26001973
2026-04-27 12:45:15,25997879
2026-04-27 12:46:06,26053450
2026-04-27 12:46:56,26105490
2026-04-27 12:47:47,26039097
2026-04-27 12:48:38,26035845
2026-04-27 12:49:28,26017213
2026-04-27 12:50:58,26085394
2026-04-27 12:51:49,26051942
2026-04-27 12:52:39,26057349
2026-04-27 12:53:30,26079176
2026-04-27 12:54:20,26134785
2026-04-27 12:55:11,26138012
2026-04-27 12:56:03,26116561
2026-04-27 12:56:54,26115593
2026-04-27 12:57:44,26062919
2026-04-27 12:58:35,26115944
2026-04-27 12:59:25,26107439
2026-04-27 13:00:16,26074973
2026-04-27 13:01:07,26040383
2026-04-27 13:01:57,25982860
2026-04-27 13:02:48,25930762
2026-04-27 13:03:38,25916233
2026-04-27 13:04:29,25878739
2026-04-27 13:05:20,25901519
2026-04-27 13:06:10,26039154
2026-04-27 13:07:03,25953386
2026-04-27 13:07:53,26001270
2026-04-27 13:08:44,25870792
2026-04-27 13:09:34,25976669
2026-04-27 13:10:24,25961459
2026-04-27 13:11:15,25981869
2026-04-27 13:12:05,25988316
2026-04-27 13:12:56,25959941
2026-04-27 13:13:46,26094571
2026-04-27 13:14:37,26001115
2026-04-27 13:15:27,26084842
2026-04-27 13:16:18,26164731
2026-04-27 13:17:08,26092546
2026-04-27 13:17:59,26084344
2026-04-27 13:18:50,26158086
2026-04-27 13:19:40,26142551
2026-04-27 13:20:30,26126937
2026-04-27 13:21:21,26114722
2026-04-27 13:22:11,26086297
2026-04-27 13:23:03,26101746
2026-04-27 13:23:53,26134011
2026-04-27 13:24:44,26029771
2026-04-27 13:25:34,25974890
2026-04-27 13:26:25,26053238
2026-04-27 13:27:15,26044372
2026-04-27 13:28:06,26065169
2026-04-27 13:28:56,26031198
2026-04-27 13:29:47,26055390
2026-04-27 13:31:53,26017595
2026-04-27 13:32:43,25980820
2026-04-27 13:33:34,25919593
2026-04-27 13:34:24,25984763
2026-04-27 13:35:15,25867487
2026-04-27 13:36:05,25990800
2026-04-27 13:36:56,25975821
2026-04-27 13:37:46,25984523
2026-04-27 13:38:37,26091698
2026-04-27 13:39:28,26084452
2026-04-27 13:40:18,26087555
2026-04-27 13:41:09,26081307
2026-04-27 13:41:59,26070060
2026-04-27 13:42:50,26165239
2026-04-27 13:43:41,26140180
2026-04-27 13:44:31,26148941
2026-04-27 13:45:22,26111805
2026-04-27 13:46:12,26227915
2026-04-27 13:47:03,26198712
2026-04-27 13:47:53,26151896
2026-04-27 13:48:44,26239642
2026-04-27 13:49:34,26237087
2026-04-27 13:50:25,26235813
2026-04-27 13:51:15,26108535
2026-04-27 13:52:06,26110648
2026-04-27 13:52:56,26168175
2026-04-27 13:53:47,26125212
2026-04-27 13:54:37,26162705
2026-04-27 13:55:28,26241278
2026-04-27 13:56:18,26152617
2026-04-27 13:57:09,26085301
2026-04-27 13:57:59,26029563
2026-04-27 13:58:50,26085121
2026-04-27 13:59:40,26120490
2026-04-27 14:00:31,26130918
2026-04-27 14:01:21,26161678
2026-04-27 14:02:12,26163963
2026-04-27 14:03:03,26131786
2026-04-27 14:03:54,26202137
2026-04-27 14:04:44,26150240
2026-04-27 14:05:35,26029113
2026-04-27 14:06:25,26078244
2026-04-27 14:07:16,26083063
2026-04-27 14:08:06,26035630
2026-04-27 14:08:57,25988454
2026-04-27 14:09:47,26090141
2026-04-27 14:10:38,26133162
2026-04-27 14:11:28,26155968
2026-04-27 14:12:19,26224161
2026-04-27 14:13:09,26246047
2026-04-27 14:14:03,26246216
2026-04-27 14:14:53,26209112
2026-04-27 14:15:44,26212794
2026-04-27 14:16:35,26211276
2026-04-27 14:17:25,26273651
2026-04-27 14:18:16,26284161
2026-04-27 14:19:06,26363683
2026-04-27 14:19:57,26297554
2026-04-27 14:20:48,26373942
2026-04-27 14:21:38,26340519
2026-04-27 14:22:29,26349451
2026-04-27 14:23:19,26398443
2026-04-27 14:24:10,26398443
2026-04-27 14:25:03,26379002
2026-04-27 14:25:54,26382146
2026-04-27 14:26:44,26330160
2026-04-27 14:27:35,26323723
2026-04-27 14:28:26,26357515
2026-04-27 14:29:16,26369123
2026-04-27 14:30:07,26379802
2026-04-27 14:30:58,26359951
2026-04-27 14:31:48,26316468
2026-04-27 14:32:39,26345939
2026-04-27 14:33:29,26175669
2026-04-27 14:34:20,26206337
2026-04-27 14:35:10,26182769
2026-04-27 14:36:03,26111595
2026-04-27 14:36:53,26160756
2026-04-27 14:37:44,26068833
2026-04-27 14:38:34,26040589
2026-04-27 14:39:25,25911278
2026-04-27 14:40:16,25916877
2026-04-27 14:41:06,25835400
2026-04-27 14:41:57,25866496
2026-04-27 14:42:48,25862514
2026-04-27 14:43:38,26009959
2026-04-27 14:44:29,25969983
2026-04-27 14:45:19,26045926
2026-04-27 14:46:10,26017084
2026-04-27 14:47:03,26042424
2026-04-27 14:47:54,25950878
2026-04-27 14:48:44,26006936
2026-04-27 14:49:35,25921986
2026-04-27 14:50:25,25885978
2026-04-27 14:51:16,25935609
2026-04-27 14:52:06,25889970
2026-04-27 14:52:57,25921368
2026-04-27 14:53:47,25898862
2026-04-27 14:54:38,26011338
2026-04-27 14:55:28,25967933
2026-04-27 14:56:19,26022918
2026-04-27 14:57:09,26081832
2026-04-27 14:58:03,26026570
2026-04-27 14:58:53,26046843
2026-04-27 14:59:44,25995601
2026-04-27 15:00:34,26048132
2026-04-27 15:01:25,26083731
2026-04-27 15:02:15,26065557
2026-04-27 15:03:06,26063137
2026-04-27 15:03:56,26020915
2026-04-27 15:04:47,26017924
2026-04-27 15:05:37,25998677
2026-04-27 15:06:28,26060617
2026-04-27 15:07:18,26044689
2026-04-27 15:08:09,26034869
2026-04-27 15:09:03,25960818
2026-04-27 15:09:53,25903444
2026-04-27 15:10:43,26033940
2026-04-27 15:11:34,25991525
2026-04-27 15:12:24,26048382
2026-04-27 15:13:15,26011108
2026-04-27 15:14:05,26043410
2026-04-27 15:14:56,26160807
2026-04-27 15:15:47,26107698
2026-04-27 15:16:37,26118332
2026-04-27 15:17:28,26113656
2026-04-27 15:18:18,26146078
2026-04-27 15:19:09,26239261
2026-04-27 15:19:59,26264170
2026-04-27 15:20:50,26268202
2026-04-27 15:21:41,26268202
2026-04-27 15:22:31,26268202
2026-04-27 15:23:22,26268202
2026-04-27 15:24:12,26268202
2026-04-27 15:25:03,26268202
2026-04-27 15:25:53,26268202
2026-04-27 15:26:44,26268202
2026-04-27 15:27:34,26268202
2026-04-27 15:28:25,26268202
2026-04-27 15:29:16,26268202
2026-04-27 15:30:06,26420198
2026-04-27 15:30:57,26413343
2026-04-27 15:31:48,26413343
2026-04-27 15:32:38,26413343
2026-04-27 15:33:29,26413343
2026-04-27 15:34:19,26413343
2026-04-27 15:35:10,26413343
2026-04-27 15:36:03,26413343
2026-04-27 15:36:54,26413343
2026-04-27 15:37:45,26413343
2026-04-27 15:38:36,26413343
2026-04-27 15:39:27,26413343
2026-04-27 15:40:36,26390009
2026-04-27 15:41:26,26473052
2026-04-27 15:42:17,26410975
2026-04-27 15:43:07,26371056
2026-04-27 15:43:58,26393791
2026-04-27 15:44:48,26439889
2026-04-27 15:45:39,26316485
2026-04-27 15:46:29,26402493
2026-04-27 15:47:20,26409979
2026-04-27 15:48:10,26399510
2026-04-27 15:49:03,26428452
2026-04-27 15:49:54,26449961
2026-04-27 15:50:45,26499054
2026-04-27 15:51:35,26464124
2026-04-27 15:52:26,26502732
2026-04-27 15:53:16,26492254
2026-04-27 15:54:06,26488563
2026-04-27 15:54:57,26492254
2026-04-27 15:55:47,26553133
2026-04-27 15:56:04,26504540
2026-04-27 15:56:55,26496565
2026-04-27 15:57:46,26527183
2026-04-27 15:58:36,26464630
2026-04-27 15:59:26,26532174
2026-04-27 16:00:17,26499549
2026-04-27 16:01:07,26486077
2026-04-27 16:01:58,26436985
2026-04-27 16:02:48,26454250
2026-04-27 16:03:38,26432803
2026-04-27 16:04:29,26458432
2026-04-27 16:05:19,26414340
2026-04-27 16:06:09,26316527
2026-04-27 16:06:38,26356437
2026-04-27 16:07:28,26398841
2026-04-27 16:08:19,26420297
2026-04-27 16:09:09,26345957
2026-04-27 16:10:03,26339261
2026-04-27 16:10:54,26319511
2026-04-27 16:11:44,26344260
2026-04-27 16:12:34,26311616
2026-04-27 16:13:25,26156278
2026-04-27 16:14:15,26144091
2026-04-27 16:15:06,26196784
2026-04-27 16:15:56,26207954
2026-04-27 16:16:46,26197973
2026-04-27 16:17:37,26266725
2026-04-27 16:18:27,26239788
2026-04-27 16:19:18,26237874
2026-04-27 16:20:08,26220131
2026-04-27 16:20:59,26201677
2026-04-27 16:21:49,26188213
2026-04-27 16:22:40,26195479
2026-04-27 16:23:30,26219420
2026-04-27 16:24:20,26204661
2026-04-27 16:25:11,26247065
2026-04-27 16:26:03,26231116
2026-04-27 16:26:53,26255057
2026-04-27 16:27:44,26227412
2026-04-27 16:28:34,26248870
2026-04-27 16:29:25,26221925
2026-04-27 16:30:15,26199869
2026-04-27 16:31:05,26221327
2026-04-27 16:31:56,26236795
2026-04-27 16:32:46,26159460
2026-04-27 16:33:36,26239790
2026-04-27 16:34:27,26314121
2026-04-27 16:35:17,26268711
2026-04-27 16:36:07,26268711
2026-04-27 16:36:58,26222036
2026-04-27 16:37:49,26246676
2026-04-27 16:38:39,26276108
2026-04-27 16:39:30,26276108
2026-04-27 16:40:20,26243483
2026-04-27 16:41:10,26254661
2026-04-27 16:42:03,26296356
2026-04-27 16:42:53,26291376
2026-04-27 16:43:43,26283391
2026-04-27 16:44:34,26316016
2026-04-27 16:45:24,26269918
2026-04-27 16:46:15,26232503
2026-04-27 16:47:05,26311853
2026-04-27 16:47:55,26274907
2026-04-27 16:48:46,26256445
2026-04-27 16:49:36,26232503
2026-04-27 16:50:35,26247262
2026-04-27 16:51:26,26259450
2026-04-27 16:52:16,26245278
2026-04-27 16:53:07,26266226
2026-04-27 16:53:57,26274209
2026-04-27 16:54:48,26338081
2026-04-27 16:55:39,26338081
2026-04-27 16:56:29,26316625
2026-04-27 16:57:20,26333091
2026-04-27 16:58:10,26351545
2026-04-27 16:59:03,26351545
2026-04-27 16:59:53,26314618
2026-04-27 17:00:43,26298152
2026-04-27 17:01:34,26231116
2026-04-27 17:02:24,26291974
2026-04-27 17:03:15,26277793
2026-04-27 17:04:06,26305457
2026-04-27 17:04:56,26310447
2026-04-27 17:05:47,26263053
2026-04-27 17:06:37,26228133
2026-04-27 17:07:28,26310447
2026-04-27 17:08:18,26291974
2026-04-27 17:09:09,26272214
2026-04-27 17:09:59,26330089
2026-04-27 17:10:50,26319608
2026-04-27 17:11:40,26223822
2026-04-27 17:12:31,26231805
2026-04-27 17:13:21,26274209
2026-04-27 17:14:12,26185708
2026-04-27 17:15:03,26245269
2026-04-27 17:15:54,26231796
2026-04-27 17:16:44,26265029
2026-04-27 17:17:35,26271736
2026-04-27 17:18:25,26299979
2026-04-27 17:19:16,26199181
2026-04-27 17:20:07,26253254
2026-04-27 17:20:57,26248273
2026-04-27 17:21:48,26256247
2026-04-27 17:22:38,26285190
2026-04-27 17:23:29,26306637
2026-04-27 17:24:19,26260549
2026-04-27 17:25:10,26260549
2026-04-27 17:26:03,26335568
2026-04-27 17:26:54,26239102
2026-04-27 17:27:44,26367514
2026-04-27 17:28:35,26320128
2026-04-27 17:29:25,26297476
2026-04-27 17:31:24,26301655
2026-04-27 17:32:14,26296656
2026-04-27 17:33:05,26315110
2026-04-27 17:33:55,26292475
2026-04-27 17:34:46,26252574
2026-04-27 17:35:36,26283192
2026-04-27 17:36:27,26251257
2026-04-27 17:37:17,26224810
2026-04-27 17:38:08,26264730
2026-04-27 17:38:58,26246268
2026-04-27 17:39:49,26319431
2026-04-27 17:40:39,26282496
2026-04-27 17:41:30,26299650
2026-04-27 17:42:20,26332885
2026-04-27 17:43:11,26292975
2026-04-27 17:44:03,26260348
2026-04-27 17:44:54,26273822
2026-04-27 17:45:44,26285979
2026-04-27 17:46:35,26268812
2026-04-27 17:47:25,26336377
2026-04-27 17:48:16,26373313
2026-04-27 17:49:06,26354840
2026-04-27 17:49:57,26336378
2026-04-27 17:50:47,26383781
2026-04-27 17:51:38,26313732
2026-04-27 17:52:28,26341377
2026-04-27 17:53:19,26330398
2026-04-27 17:54:10,26383781
2026-04-27 17:55:03,26324200
2026-04-27 17:55:54,26324199
2026-04-27 17:56:44,26322914
2026-04-27 17:57:35,26357334
2026-04-27 17:58:25,26308732
2026-04-27 17:59:16,26327195
2026-04-27 18:00:06,26333393
2026-04-27 18:00:57,26383072
2026-04-27 18:01:48,26328404
2026-04-27 18:02:38,26381785
2026-04-27 18:03:29,26450647
2026-04-27 18:04:19,26450647
2026-04-27 18:05:10,26411237
2026-04-27 18:06:03,26439468
2026-04-27 18:06:54,26443171
2026-04-27 18:07:44,26425996
2026-04-27 18:08:35,26421715
2026-04-27 18:09:25,26439468
2026-04-27 18:10:16,26507023
2026-04-27 18:11:06,26528480
2026-04-27 18:11:57,26541954
2026-04-27 18:12:47,26493362
2026-04-27 18:13:38,26514309
2026-04-27 18:14:28,26504530
2026-04-27 18:15:19,26519289
2026-04-27 18:16:09,26470197
2026-04-27 18:17:03,26511306
2026-04-27 18:17:53,26448749
2026-04-27 18:18:44,26511306
2026-04-27 18:19:34,26489858
2026-04-27 18:20:35,26465198
2026-04-27 18:21:26,26468201
2026-04-27 18:22:16,26451724
2026-04-27 18:23:07,26422794
2026-04-27 18:23:57,26468201
2026-04-27 18:24:48,26535747
2026-04-27 18:25:38,26479869
2026-04-27 18:26:29,26508112
2026-04-27 18:27:20,26474889
2026-04-27 18:28:10,26447254
2026-04-27 18:29:03,26474370
2026-04-27 18:29:53,26460896
2026-04-27 18:30:43,26471886
2026-04-27 18:31:34,26465198
2026-04-27 18:32:24,26425287
2026-04-27 18:33:15,26489848
2026-04-27 18:34:06,26471385
2026-04-27 18:34:56,26438252
2026-04-27 18:35:47,26452414
2026-04-27 18:36:37,26375547
2026-04-27 18:37:28,26351616
2026-04-27 18:38:18,26387833
2026-04-27 18:39:09,26407493
2026-04-27 18:39:59,26428941
2026-04-27 18:40:58,26430956
2026-04-27 18:41:49,26444429
2026-04-27 18:42:39,26452404
2026-04-27 18:43:30,26452383
2026-04-27 18:44:20,26449408
2026-04-27 18:45:11,26453091
2026-04-27 18:46:03,26460377
2026-04-27 18:46:53,26506486
2026-04-27 18:47:44,26493012
2026-04-27 18:48:34,26506495
2026-04-27 18:49:24,26506495
2026-04-27 18:50:15,26488043
2026-04-27 18:51:05,26501506
2026-04-27 18:51:56,26537134
2026-04-27 18:52:46,26550597
2026-04-27 18:53:37,26556764
2026-04-27 18:54:27,26596694
2026-04-27 18:55:18,26602175
2026-04-27 18:56:08,26627911
2026-04-27 18:56:59,26705974
2026-04-27 18:57:49,26692502
2026-04-27 18:58:40,26721234
2026-04-27 18:59:30,26748879
2026-04-27 19:00:20,26794986
2026-04-27 19:01:11,26781514
2026-04-27 19:02:03,26767342
2026-04-27 19:02:54,26775327
2026-04-27 19:03:44,26761154
2026-04-27 19:04:35,26747682
2026-04-27 19:05:25,26720048
2026-04-27 19:06:16,26804058
2026-04-27 19:07:06,26779429
2026-04-27 19:07:57,26779429
2026-04-27 19:08:47,26730825
2026-04-27 19:09:38,26756785
2026-04-27 19:10:28,26742024
2026-04-27 19:11:18,26797902
2026-04-27 19:12:09,26803379
2026-04-27 19:12:59,26742024
2026-04-27 19:13:50,26709367
2026-04-27 19:14:40,26709367
2026-04-27 19:15:31,26787393
2026-04-27 19:16:21,26784906
2026-04-27 19:17:12,26843790
2026-04-27 19:18:03,26851765
2026-04-27 19:18:54,26836483
2026-04-27 19:19:44,26807549
2026-04-27 19:20:34,26871413
2026-04-27 19:21:25,26768941
2026-04-27 19:22:15,26807063
2026-04-27 19:23:06,26815027
2026-04-27 19:23:56,26708259
2026-04-27 19:24:47,26737192
2026-04-27 19:25:37,26729728
2026-04-27 19:26:28,26812043
2026-04-27 19:27:18,26781295
2026-04-27 19:28:09,26778310
2026-04-27 19:28:59,26799768
2026-04-27 19:29:50,26781295
2026-04-27 19:30:40,26762843
2026-04-27 19:31:30,26711244
2026-04-27 19:32:21,26784279
2026-04-27 19:33:11,26720416
2026-04-27 19:34:03,26867333
2026-04-27 19:34:53,26810755
2026-04-27 19:35:44,26803470
2026-04-27 19:36:34,26777011
2026-04-27 19:37:25,26807263
2026-04-27 19:38:15,26828709
2026-04-27 19:39:06,26769128
2026-04-27 19:39:56,26726722
2026-04-27 19:40:46,26748649
2026-04-27 19:41:37,26788600
2026-04-27 19:42:27,26793580
2026-04-27 19:43:18,26782392
2026-04-27 19:44:08,26802053
2026-04-27 19:44:59,26820526
2026-04-27 19:45:49,26811355
2026-04-27 19:46:40,26833999
2026-04-27 19:47:30,26846774
2026-04-27 19:48:21,26825317
2026-04-27 19:49:11,26825317
2026-04-27 19:50:03,26838790
2026-04-27 19:50:53,26817332
2026-04-27 19:51:43,26838790
2026-04-27 19:52:34,26835795
2026-04-27 19:53:24,26924808
2026-04-27 19:54:15,26930296
2026-04-27 19:55:05,26887872
2026-04-27 19:55:56,26894179
2026-04-27 19:56:46,26897852
2026-04-27 19:57:37,26959717
2026-04-27 19:58:27,26956734
2026-04-27 19:59:18,27036574
2026-04-28 08:00:03,27298948
2026-04-28 08:00:54,27294577
2026-04-28 08:01:44,27439813
2026-04-28 08:02:35,27408276
2026-04-28 08:03:25,27170693
2026-04-28 08:04:16,27188260
2026-04-28 08:05:06,27086122
2026-04-28 08:05:57,27538337
2026-04-28 08:06:47,27809455
2026-04-28 08:07:38,27555971
2026-04-28 08:08:28,27806631
2026-04-28 08:09:19,27885382
2026-04-28 08:10:09,28405540
2026-04-28 08:11:03,28291707
2026-04-28 08:11:54,28136657
2026-04-28 08:12:44,28115270
2026-04-28 08:13:35,28029952
2026-04-28 08:14:25,28202756
2026-04-28 08:15:16,28316637
2026-04-28 08:16:06,28303075
2026-04-28 08:16:57,28196688
2026-04-28 08:17:47,28179441
2026-04-28 08:18:38,28211379
2026-04-28 08:19:28,28226749
2026-04-28 08:20:19,28250091
2026-04-28 08:21:09,28135853
2026-04-28 08:22:03,28116771
2026-04-28 08:22:54,28147469
2026-04-28 08:23:44,27997940
2026-04-28 08:24:35,28212470
2026-04-28 08:25:25,28217220
2026-04-28 08:26:16,28133786
2026-04-28 08:27:06,28144068
2026-04-28 08:27:57,28232999
2026-04-28 08:28:47,28343937
2026-04-28 08:29:37,28348347
2026-04-28 08:30:29,28337409
2026-04-28 08:31:19,28485442
2026-04-28 08:32:10,28232979
2026-04-28 08:33:03,28122719
2026-04-28 08:33:54,28101979
2026-04-28 08:34:44,28101461
2026-04-28 08:35:35,28001292
2026-04-28 08:36:25,27960862
2026-04-28 08:37:16,27736843
2026-04-28 08:38:06,27670068
2026-04-28 08:38:57,27663461
2026-04-28 08:39:47,27778788
2026-04-28 08:40:37,27954297
2026-04-28 08:41:28,28006942
2026-04-28 08:42:18,28009377
2026-04-28 08:43:09,28041951
2026-04-28 08:43:59,28114453
2026-04-28 08:44:50,28127927
2026-04-28 08:45:40,27866023
2026-04-28 08:46:31,27757950
2026-04-28 08:47:21,27737673
2026-04-28 08:48:12,27735856
2026-04-28 08:49:03,27724058
2026-04-28 08:49:54,27721454
2026-04-28 09:01:48,25697811
2026-04-28 09:02:38,25131355
2026-04-28 09:03:29,25466248
2026-04-28 09:04:20,25623329
2026-04-28 09:05:10,25709645
2026-04-28 09:06:03,25495124
2026-04-28 09:06:53,25486142
2026-04-28 09:07:44,25550896
2026-04-28 09:08:34,25810754
2026-04-28 09:09:25,26099825
2026-04-28 09:10:36,26352757
2026-04-28 09:11:26,26531551
2026-04-28 09:13:41,26232012
2026-04-28 09:14:32,25868799
2026-04-28 09:15:22,26044168
2026-04-28 09:16:13,26344027
2026-04-28 09:17:03,26273681
2026-04-28 09:17:45,26362492
2026-04-28 09:18:36,26489051
2026-04-28 09:19:27,26089412
2026-04-28 09:20:17,26267026
2026-04-28 09:21:07,26444650
2026-04-28 09:21:58,26799878
2026-04-28 09:22:48,27066303
2026-04-28 09:23:38,26799878
2026-04-28 09:24:29,26799878
2026-04-28 09:25:19,26622264
2026-04-28 09:26:10,26533451
2026-04-28 09:27:03,26533451
2026-04-28 09:27:42,26311437
2026-04-28 09:28:36,26267026
2026-04-28 09:29:29,26045011
2026-04-28 09:30:22,26219253
2026-04-28 09:31:15,25887924
2026-04-28 09:32:08,25913572
2026-04-28 09:40:57,26726020
2026-04-28 09:41:48,26745471
2026-04-28 09:42:38,27136529
2026-04-28 09:43:29,26822856
2026-04-28 09:44:19,26772917
2026-04-28 09:45:09,26918156
2026-04-28 09:46:03,26751361
2026-04-28 09:46:53,26881678
2026-04-28 09:47:44,26501300
2026-04-28 09:48:34,26513426
2026-04-28 09:49:24,26555843
2026-04-28 09:50:16,26417379
2026-04-28 09:51:06,26184785
2026-04-28 09:51:56,26249883
2026-04-28 09:52:47,26187177
2026-04-28 09:53:37,26019184
2026-04-28 09:54:28,26074612
2026-04-28 09:55:18,25953977
2026-04-28 09:56:09,25992090
2026-04-28 09:56:59,25741930
2026-04-28 09:57:50,25176903
2026-04-28 09:58:40,25233181
2026-04-28 09:59:31,25107352
2026-04-28 10:00:21,25277580
2026-04-28 10:01:12,25219656
2026-04-28 10:02:03,25180536
2026-04-28 10:02:54,25374277
2026-04-28 10:03:44,25381213
2026-04-28 10:04:35,25365769
2026-04-28 10:05:25,25048181
2026-04-28 10:06:16,25120377
2026-04-28 10:07:06,25079358
2026-04-28 10:07:57,25438280
2026-04-28 10:08:47,25249987
2026-04-28 10:09:38,25154607
2026-04-28 10:10:29,25080008
2026-04-28 10:11:19,24695593
2026-04-28 10:12:10,24306594
2026-04-28 10:13:03,23800777
2026-04-28 10:13:54,23970207
2026-04-28 10:14:44,23614381
2026-04-28 10:15:35,23428517
2026-04-28 10:16:25,23410205
2026-04-28 10:17:16,23561432
2026-04-28 10:18:06,23045885
2026-04-28 10:18:57,22611525
2026-04-28 10:19:47,22913481
2026-04-28 10:20:38,22442495
2026-04-28 10:21:29,21978443
2026-04-28 10:22:19,21785724
2026-04-28 10:23:10,20877384
2026-04-28 10:24:03,20342585
2026-04-28 10:24:54,20858581
2026-04-28 10:25:44,20324283
2026-04-28 10:26:35,20286658
2026-04-28 10:27:25,19379815
2026-04-28 10:28:16,19398628
2026-04-28 10:29:06,19568308
2026-04-28 10:29:56,19051811
2026-04-28 10:30:47,19926490
2026-04-28 10:31:38,20241608
2026-04-28 10:32:28,20587904
2026-04-28 10:33:19,20431597
2026-04-28 10:34:09,20790279
2026-04-28 10:35:03,21286464
2026-04-28 10:35:53,21801441
2026-04-28 10:36:44,21410585
2026-04-28 10:37:34,21580774
2026-04-28 10:38:25,21958247
2026-04-28 10:39:15,22367926
2026-04-28 10:40:06,22342677
2026-04-28 10:40:57,22305063
2026-04-28 10:41:47,22669682
2026-04-28 10:42:38,22657805
2026-04-28 10:43:28,22651867
2026-04-28 10:44:19,22519801
2026-04-28 10:45:09,22146036
2026-04-28 10:46:03,21752698
2026-04-28 10:46:53,21753457
2026-04-28 10:47:44,22174494
2026-04-28 10:48:34,21601572
2026-04-28 10:49:25,21758886
2026-04-28 10:51:24,21903827
2026-04-28 10:52:14,22294684
2026-04-28 10:53:05,21941950
2026-04-28 10:53:55,21708895
2026-04-28 10:54:46,21866202
2026-04-28 10:55:36,21507521
2026-04-28 10:56:27,21400655
2026-04-28 10:57:17,21199847
2026-04-28 10:58:08,20816416
2026-04-28 10:58:58,20810478
2026-04-28 10:59:49,21143920
2026-04-28 11:00:59,21106294
2026-04-28 11:01:49,20929668
2026-04-28 11:02:40,20722364
2026-04-28 11:03:30,20314192
2026-04-28 11:04:20,20271033
2026-04-28 11:05:11,20282810
2026-04-28 11:06:03,21025012
2026-04-28 11:06:54,21062737
2026-04-28 11:07:44,20886009
2026-04-28 11:08:35,21113426
2026-04-28 11:09:25,21466257
2026-04-28 11:10:35,21303115
2026-04-28 11:11:25,21479232
2026-04-28 11:12:16,21380350
2026-04-28 11:13:06,21014522
2026-04-28 11:13:57,21014522
2026-04-28 11:14:47,21039872
2026-04-28 11:15:38,21581807
2026-04-28 11:16:28,22285695
2026-04-28 11:17:19,22148491
2026-04-28 11:18:09,22160866
2026-04-28 11:19:03,22538447
2026-04-28 11:19:53,22498937
2026-04-28 11:20:44,22404997
2026-04-28 11:21:34,22915095
2026-04-28 11:22:25,23003148
2026-04-28 11:23:15,22858857
2026-04-28 11:24:06,22953408
2026-04-28 11:24:56,23230560
2026-04-28 11:25:47,23243535
2026-04-28 11:26:37,23595770
2026-04-28 11:27:28,23207957
2026-04-28 11:28:18,23296019
2026-04-28 11:29:09,23106320
2026-04-28 11:29:59,22552020
2026-04-28 11:30:49,22461811
2026-04-28 11:31:40,22663887
2026-04-28 11:32:30,22519885
2026-04-28 11:33:21,22890692
2026-04-28 11:34:11,22954954
2026-04-28 11:35:03,23294234
2026-04-28 11:35:53,23456779
2026-04-28 11:36:44,23085372
2026-04-28 11:37:34,22751093
2026-04-28 11:38:25,22926620
2026-04-28 11:39:15,22712180
2026-04-28 11:40:06,22510104
2026-04-28 11:40:57,22321613
2026-04-28 11:41:47,22321025
2026-04-28 11:42:38,22107193
2026-04-28 11:43:28,22133731
2026-04-28 11:44:19,22473588
2026-04-28 11:45:09,22448838
2026-04-28 11:46:03,22462411
2026-04-28 11:46:53,22412320
2026-04-28 11:47:44,22259747
2026-04-28 11:48:34,22247372
2026-04-28 11:49:25,22311643
2026-04-28 11:50:16,22121355
2026-04-28 11:51:06,22234160
2026-04-28 11:51:57,22133131
2026-04-28 11:52:47,22120756
2026-04-28 11:53:37,21944041
2026-04-28 11:54:28,22095417
2026-04-28 11:55:18,22285097
2026-04-28 11:56:09,22058292
2026-04-28 11:56:59,22109578
2026-04-28 11:57:50,22070667
2026-04-28 11:58:40,22083630
2026-04-28 11:59:31,22096605
2026-04-28 12:00:21,21958201
2026-04-28 12:01:12,21844189
2026-04-28 12:02:03,21717822
2026-04-28 12:02:53,21756135
2026-04-28 12:03:44,21573822
2026-04-28 12:04:34,21391517
2026-04-28 12:05:25,21529921
2026-04-28 12:06:15,21567634
2026-04-28 12:07:06,21717224
2026-04-28 12:07:56,21541098
2026-04-28 12:08:47,21716625
2026-04-28 12:09:37,21754340
2026-04-28 12:10:27,21931066
2026-04-28 12:11:18,21937554
2026-04-28 12:12:08,21944041
2026-04-28 12:12:59,21800646
2026-04-28 12:13:49,21832174
2026-04-28 12:14:40,21819809
2026-04-28 12:15:30,21838362
2026-04-28 12:16:21,21970577
2026-04-28 12:17:11,21782083
2026-04-28 12:18:03,21794459
2026-04-28 12:18:54,22335796
2026-04-28 12:19:44,22172652
2026-04-28 12:20:35,22335796
2026-04-28 12:21:26,22159079
2026-04-28 12:22:16,22159079
2026-04-28 12:23:07,22171444
2026-04-28 12:23:57,22374109
2026-04-28 12:24:48,22361734
2026-04-28 12:25:38,22008900
2026-04-28 12:26:29,21995927
2026-04-28 12:27:19,22159679
2026-04-28 12:28:09,22361144
2026-04-28 12:29:03,22550225
2026-04-28 12:29:53,22562590
2026-04-28 12:30:44,22725155
2026-04-28 12:31:34,22549027
2026-04-28 12:32:24,22549027
2026-04-28 12:33:15,22561402
2026-04-28 12:34:05,22346963
2026-04-28 12:34:56,22536052
2026-04-28 12:35:46,22372311
2026-04-28 12:36:37,22222732
2026-04-28 12:37:27,22222142
2026-04-28 12:38:18,22222142
2026-04-28 12:39:08,22423600
2026-04-28 12:39:59,22423010
2026-04-28 12:40:50,22410635
2026-04-28 12:41:40,22385884
2026-04-28 12:42:30,22209767
2026-04-28 12:43:21,22398849
2026-04-28 12:44:11,22398849
2026-04-28 12:45:03,22385884
2026-04-28 12:45:53,22562590
2026-04-28 12:46:44,22601511
2026-04-28 12:47:34,22741711
2026-04-28 12:48:25,22842139
2026-04-28 12:49:15,22923428
2026-04-28 12:50:05,22916640
2026-04-28 12:50:56,23118108
2026-04-28 12:51:46,23294234
2026-04-28 12:52:36,23117508
2026-04-28 12:53:27,23142248
2026-04-28 12:54:17,23154623
2026-04-28 12:55:08,23166999
2026-04-28 12:55:58,23179374
2026-04-28 12:56:49,23217089
2026-04-28 12:57:39,23027997
2026-04-28 12:58:29,23015622
2026-04-28 12:59:20,23080483
2026-04-28 13:00:10,22728238
2026-04-28 13:01:03,22892599
2026-04-28 13:01:54,22765014
2026-04-28 13:02:44,22625664
2026-04-28 13:03:35,22644526
2026-04-28 13:04:25,22612689
2026-04-28 13:05:15,22826532
2026-04-28 13:06:06,22736931
2026-04-28 13:06:56,22749906
2026-04-28 13:07:47,22547830
2026-04-28 13:08:37,22560803
2026-04-28 13:09:27,22535454
2026-04-28 13:10:17,22749906
2026-04-28 13:11:08,22787619
2026-04-28 13:11:58,22774646
2026-04-28 13:12:49,23138655
2026-04-28 13:13:39,23025602
2026-04-28 13:14:30,23025602
2026-04-28 13:15:20,23201719
2026-04-28 13:16:11,23013237
2026-04-28 13:17:03,22836512
2026-04-28 13:17:53,22850683
2026-04-28 13:18:44,23026800
2026-04-28 13:19:34,22863658
2026-04-28 13:20:35,22888398
2026-04-28 13:21:26,22876033
2026-04-28 13:22:16,22738218
2026-04-28 13:23:07,22599228
2026-04-28 13:23:57,22775931
2026-04-28 13:24:47,22757070
2026-04-28 13:25:38,22562102
2026-04-28 13:26:28,22762968
2026-04-28 13:27:19,22731132
2026-04-28 13:28:09,22724645
2026-04-28 13:29:03,22711670
2026-04-28 13:29:53,22699295
2026-04-28 13:30:44,22888398
2026-04-28 13:31:35,23227657
2026-04-28 13:32:25,23088666
2026-04-28 13:33:16,23076290
2026-04-28 13:34:06,23102238
2026-04-28 13:34:56,23126989
2026-04-28 13:35:47,23290133
2026-04-28 13:36:37,23114614
2026-04-28 13:37:28,23081581
2026-04-28 13:38:18,23049155
2026-04-28 13:39:09,23061530
2026-04-28 13:39:59,23062728
2026-04-28 13:40:50,23062728
2026-04-28 13:41:41,23214094
2026-04-28 13:42:31,22999056
2026-04-28 13:43:22,22974316
2026-04-28 13:44:12,22785224
2026-04-28 13:45:03,22784626
2026-04-28 13:45:54,22784626
2026-04-28 13:46:44,23110312
2026-04-28 13:47:35,22934195
2026-04-28 13:48:25,22921820
2026-04-28 13:49:16,22985144
2026-04-28 13:50:06,22910055
2026-04-28 13:50:57,22935403
2026-04-28 13:51:48,23123885
2026-04-28 13:52:38,23514442
2026-04-28 13:53:29,23514442
2026-04-28 13:54:19,23494992
2026-04-28 13:55:10,23475531
2026-04-28 13:56:03,23677596
2026-04-28 13:56:53,23149235
2026-04-28 13:57:44,23135662
2026-04-28 13:58:34,23286438
2026-04-28 13:59:25,23097937
2026-04-28 14:00:16,23356000
2026-04-28 14:01:06,23186361
2026-04-28 14:01:57,23258705
2026-04-28 14:02:47,23109714
2026-04-28 14:03:38,23285251
2026-04-28 14:04:28,22517091
2026-04-28 14:05:19,22452230
2026-04-28 14:06:09,22439257
2026-04-28 14:06:59,22640188
2026-04-28 14:07:50,22495636
2026-04-28 14:08:40,22690976
2026-04-28 14:09:31,22636495
2026-04-28 14:10:36,22603073
2026-04-28 14:11:26,22590697
2026-04-28 14:12:17,22557263
2026-04-28 14:13:07,22586994
2026-04-28 14:13:58,22805227
2026-04-28 14:14:48,22608051
2026-04-28 14:15:39,22368760
2026-04-28 14:16:29,22356395
2026-04-28 14:17:20,22490418
2026-04-28 14:18:10,21886509
2026-04-28 14:19:03,21949812
2026-04-28 14:19:54,21867307
2026-04-28 14:20:45,21895190
2026-04-28 14:21:35,21865460
2026-04-28 14:22:26,22256106
2026-04-28 14:23:16,22235048
2026-04-28 14:24:07,22432234
2026-04-28 14:24:57,22067615
2026-04-28 14:25:48,22285837
2026-04-28 14:26:38,21970730
2026-04-28 14:27:29,21958354
2026-04-28 14:28:19,22067465
2026-04-28 14:29:09,21790909
2026-04-28 14:30:03,21811968
2026-04-28 14:30:53,21669413
2026-04-28 14:31:43,21568994
2026-04-28 14:32:34,21556619
2026-04-28 14:33:24,21547946
2026-04-28 14:34:15,21502137
2026-04-28 14:35:05,21476240
2026-04-28 14:35:56,21195983
2026-04-28 14:36:46,21174934
2026-04-28 14:37:37,21116761
2026-04-28 14:38:27,20995126
2026-04-28 14:39:17,20835075
2026-04-28 14:40:08,20835075
2026-04-28 14:40:59,21233109
2026-04-28 14:41:49,21430292
2026-04-28 14:42:40,21396859
2026-04-28 14:43:30,21417916
2026-04-28 14:44:21,21457536
2026-04-28 14:45:11,21849383
2026-04-28 14:46:03,21749104
2026-04-28 14:46:54,21740431
2026-04-28 14:47:44,21786220
2026-04-28 14:48:35,21941288
2026-04-28 14:49:26,22041577
2026-04-28 14:50:36,22175579
2026-04-28 14:51:26,22577314
2026-04-28 14:52:17,22258502
2026-04-28 14:53:07,22225069
2026-04-28 14:53:58,22367773
2026-04-28 14:54:49,22556265
2026-04-28 14:55:39,22346716
2026-04-28 14:56:30,22519150
2026-04-28 14:57:20,22355398
2026-04-28 14:58:11,22543890
2026-04-28 14:59:03,22221376
2026-04-28 14:59:53,22227564
2026-04-28 15:00:44,22158213
2026-04-28 15:01:35,22195488
2026-04-28 15:02:25,22031886
2026-04-28 15:03:16,22028203
2026-04-28 15:04:06,21989780
2026-04-28 15:04:57,22153543
2026-04-28 15:05:47,21982395
2026-04-28 15:06:38,22040578
2026-04-28 15:07:29,22019521
2026-04-28 15:08:19,22007146
2026-04-28 15:09:10,21994770
2026-04-28 15:10:03,21864462
2026-04-28 15:10:54,21864462
2026-04-28 15:11:44,21667288
2026-04-28 15:12:35,21646229
2026-04-28 15:13:25,21677817
2026-04-28 15:14:16,21470102
2026-04-28 15:15:07,21679653
2026-04-28 15:15:57,21673475
2026-04-28 15:16:48,21889202
2026-04-28 15:17:38,21918933
2026-04-28 15:18:29,22086367
2026-04-28 15:19:20,21901577
2026-04-28 15:20:14,22086367
2026-04-28 15:21:05,22086367
2026-04-28 15:21:55,22086367
2026-04-28 15:22:46,22086367
2026-04-28 15:23:37,22086367
2026-04-28 15:24:27,22086367
2026-04-28 15:25:18,22086367
2026-04-28 15:26:08,22086367
2026-04-28 15:26:59,22086367
2026-04-28 15:27:50,22086367
2026-04-28 15:28:40,22086367
2026-04-28 15:29:31,22086367
2026-04-28 15:30:21,22160608
2026-04-28 15:31:12,21984492
2026-04-28 15:32:03,21984492
2026-04-28 15:32:54,21984492
2026-04-28 15:33:44,21984492
2026-04-28 15:34:35,21984492
2026-04-28 15:35:26,21984492
2026-04-28 15:36:16,21984492
2026-04-28 15:37:06,21984492
2026-04-28 15:37:57,21984492
2026-04-28 15:38:47,21984492
2026-04-28 15:39:38,21984492
2026-04-28 15:40:28,22135858
2026-04-28 15:41:19,21947377
2026-04-28 15:42:09,22123493
2026-04-28 15:43:03,22287246
2026-04-28 15:43:54,22123493
2026-04-28 15:44:44,22123493
2026-04-28 15:45:35,22111118
2026-04-28 15:46:25,22299621
2026-04-28 15:47:16,22111118
2026-04-28 15:48:06,22463363
2026-04-28 15:48:57,22299621
2026-04-28 15:49:48,22475738
2026-04-28 15:50:38,22475738
2026-04-28 15:51:28,22475738
2026-04-28 15:52:19,22475738
2026-04-28 15:53:09,22299621
2026-04-28 15:54:03,22475738
2026-04-28 15:54:53,22475738
2026-04-28 15:55:44,22475738
2026-04-28 15:56:34,22651855
2026-04-28 15:57:25,22651855
2026-04-28 15:58:15,22651855
2026-04-28 15:59:05,22475738
2026-04-28 15:59:56,22639480
2026-04-28 16:00:59,22639480
2026-04-28 16:01:49,22803230
2026-04-28 16:02:40,22803230
2026-04-28 16:03:30,22815606
2026-04-28 16:04:21,22815606
2026-04-28 16:05:11,22639480
2026-04-28 16:06:03,22815606
2026-04-28 16:06:54,22815606
2026-04-28 16:07:44,22627104
2026-04-28 16:08:34,22803230
2026-04-28 16:09:25,22803230
2026-04-28 16:10:15,22627104
2026-04-28 16:11:06,22450987
2026-04-28 16:11:56,22627104
2026-04-28 16:12:46,22450987
2026-04-28 16:13:37,22450987
2026-04-28 16:14:27,22274870
2026-04-28 16:15:18,22274870
2026-04-28 16:16:08,22450987
2026-04-28 16:16:59,22627104
2026-04-28 16:17:50,22614729
2026-04-28 16:18:40,22614729
2026-04-28 16:19:31,22438612
2026-04-28 16:20:36,22438612
2026-04-28 16:21:26,22438612
2026-04-28 16:22:17,22438612
2026-04-28 16:23:07,22426237
2026-04-28 16:23:58,22262495
2026-04-28 16:24:48,22438612
2026-04-28 16:25:39,22250120
2026-04-28 16:26:29,22250120
2026-04-28 16:27:20,22250120
2026-04-28 16:28:11,22250120
2026-04-28 16:29:03,22250120
2026-04-28 16:29:54,22213004
2026-04-28 16:30:44,22225380
2026-04-28 16:31:34,22401497
2026-04-28 16:32:25,22237755
2026-04-28 16:33:15,22225380
2026-04-28 16:34:06,22049252
2026-04-28 16:34:57,22061627
2026-04-28 16:35:47,22061627
2026-04-28 16:36:38,22225380
2026-04-28 16:37:28,22049252
2026-04-28 16:38:19,22237755
2026-04-28 16:39:09,22237755
2026-04-28 16:39:59,22073992
2026-04-28 16:40:50,22061627
2026-04-28 16:41:40,22250120
2026-04-28 16:42:30,22250120
2026-04-28 16:43:21,22073992
2026-04-28 16:44:12,22250120
2026-04-28 16:45:03,22237755
2026-04-28 16:45:53,22250120
2026-04-28 16:46:44,22250120
2026-04-28 16:47:34,22237755
2026-04-28 16:48:25,22061627
2026-04-28 16:49:15,22250120
2026-04-28 16:50:05,22237755
2026-04-28 16:50:56,22237755
2026-04-28 16:51:47,22389121
2026-04-28 16:52:37,22401497
2026-04-28 16:53:28,22426237
2026-04-28 16:54:18,22237755
2026-04-28 16:55:08,22225380
2026-04-28 16:55:59,22250120
2026-04-28 16:56:49,22250120
2026-04-28 16:57:39,22250120
2026-04-28 16:58:30,22426237
2026-04-28 16:59:20,22426237
2026-04-28 17:00:13,22426237
2026-04-28 17:01:03,22250120
2026-04-28 17:01:54,22237755
2026-04-28 17:02:44,22426237
2026-04-28 17:03:34,22250120
2026-04-28 17:04:25,22426237
2026-04-28 17:05:15,22250120
2026-04-28 17:06:06,22237755
2026-04-28 17:06:56,22237755
2026-04-28 17:07:46,22237755
2026-04-28 17:08:37,22250120
2026-04-28 17:09:27,22250120
2026-04-28 17:10:18,22237755
2026-04-28 17:11:08,22225380
2026-04-28 17:11:59,22061627
2026-04-28 17:12:49,22225380
2026-04-28 17:13:39,22237755
2026-04-28 17:14:30,22049252
2026-04-28 17:15:20,22237755
2026-04-28 17:16:11,22061627
2026-04-28 17:17:03,22061627
2026-04-28 17:17:53,22061627
2026-04-28 17:18:44,22073992
2026-04-28 17:19:34,22225380
2026-04-28 17:20:59,22225380
2026-04-28 17:21:50,22225380
2026-04-28 17:22:40,22225380
2026-04-28 17:23:30,22225380
2026-04-28 17:24:21,22213004
2026-04-28 17:25:11,22225380
2026-04-28 17:26:03,22237755
2026-04-28 17:26:54,22049252
2026-04-28 17:27:44,22237755
2026-04-28 17:28:34,22237755
2026-04-28 17:29:25,22225380
2026-04-28 17:30:16,22049252
2026-04-28 17:31:06,22237755
2026-04-28 17:31:56,22237755
2026-04-28 17:32:47,22061627
2026-04-28 17:33:37,22225380
2026-04-28 17:34:27,22061627
2026-04-28 17:35:18,22237755
2026-04-28 17:36:08,22061627
2026-04-28 17:36:58,22061627
2026-04-28 17:37:49,22237755
2026-04-28 17:38:39,22061627
2026-04-28 17:39:30,22237755
2026-04-28 17:40:20,22061627
2026-04-28 17:41:10,22237755
2026-04-28 17:42:03,22237755
2026-04-28 17:42:54,22237755
2026-04-28 17:43:44,22237755
2026-04-28 17:44:35,22061627
2026-04-28 17:45:25,22225380
2026-04-28 17:46:15,22237755
2026-04-28 17:47:06,22225380
2026-04-28 17:47:56,22401497
2026-04-28 17:48:46,22237755
2026-04-28 17:49:37,22225380
2026-04-28 17:50:28,22401497
2026-04-28 17:51:18,22401497
2026-04-28 17:52:08,22237755
2026-04-28 17:52:59,22237755
2026-04-28 17:53:49,22237755
2026-04-28 17:54:40,22237755
2026-04-28 17:55:30,22413872
2026-04-28 17:56:20,22237755
2026-04-28 17:57:11,22237755
2026-04-28 17:58:03,22413872
2026-04-28 17:58:53,22250120
2026-04-28 17:59:44,22413872
2026-04-28 18:00:34,22426237
2026-04-28 18:01:24,22250120
2026-04-28 18:02:15,22426237
2026-04-28 18:03:05,22413872
2026-04-28 18:03:56,22250120
2026-04-28 18:04:46,22413872
2026-04-28 18:05:36,22426237
2026-04-28 18:06:27,22250120
2026-04-28 18:07:17,22237755
2026-04-28 18:08:08,22413872
2026-04-28 18:08:58,22426237
2026-04-28 18:09:48,22237755
2026-04-28 18:10:38,22426237
2026-04-28 18:11:29,22250120
2026-04-28 18:12:19,22426237
2026-04-28 18:13:10,22426237
2026-04-28 18:14:03,22413872
2026-04-28 18:14:53,22589989
2026-04-28 18:15:44,22413872
2026-04-28 18:16:34,22413872
2026-04-28 18:17:25,22426237
2026-04-28 18:18:15,22401497
2026-04-28 18:19:05,22589989
2026-04-28 18:19:56,22426237
2026-04-28 18:20:47,22602354
2026-04-28 18:21:37,22602354
2026-04-28 18:22:27,22413872
2026-04-28 18:23:18,22778480
2026-04-28 18:24:08,22778480
2026-04-28 18:24:59,22778480
2026-04-28 18:25:49,22589989
2026-04-28 18:26:39,22589989
2026-04-28 18:27:30,22766115
2026-04-28 18:28:20,22766115
2026-04-28 18:29:11,22602354
2026-04-28 18:30:03,22589989
2026-04-28 18:30:54,22778480
2026-04-28 18:31:44,22778480
2026-04-28 18:32:35,22589989
2026-04-28 18:33:25,22589989
2026-04-28 18:34:15,22589989
2026-04-28 18:35:06,22413872
2026-04-28 18:35:56,22589989
2026-04-28 18:36:47,22426237
2026-04-28 18:37:37,22413872
2026-04-28 18:38:27,22602354
2026-04-28 18:39:18,22413872
2026-04-28 18:40:08,22589989
2026-04-28 18:40:58,22413872
2026-04-28 18:41:49,22237755
2026-04-28 18:42:39,22413872
2026-04-28 18:43:29,22237755
2026-04-28 18:44:20,22237755
2026-04-28 18:45:10,22225380
2026-04-28 18:46:03,22413872
2026-04-28 18:46:53,22237755
2026-04-28 18:47:43,22225380
2026-04-28 18:48:34,22225380
2026-04-28 18:49:24,22225380
2026-04-28 18:50:15,22036876
2026-04-28 18:51:06,22036876
2026-04-28 18:51:56,22213004
2026-04-28 18:52:46,22200629
2026-04-28 18:53:37,22188254
2026-04-28 18:54:27,22012126
2026-04-28 18:55:18,22012126
2026-04-28 18:56:08,22012126
2026-04-28 18:56:58,21999761
2026-04-28 18:57:49,21999761
2026-04-28 18:58:39,21999761
2026-04-28 18:59:29,22012126
2026-04-28 19:00:20,22188254
2026-04-28 19:01:11,22188254
2026-04-28 19:02:03,21999761
2026-04-28 19:02:54,21999761
2026-04-28 19:03:44,21836010
2026-04-28 19:04:34,21823645
2026-04-28 19:05:25,21823645
2026-04-28 19:06:15,21823645
2026-04-28 19:07:06,21811270
2026-04-28 19:07:56,21635153
2026-04-28 19:08:46,21647528
2026-04-28 19:09:37,21635153
2026-04-28 19:10:28,21798894
2026-04-28 19:11:18,21622777
2026-04-28 19:12:09,21811270
2026-04-28 19:12:59,21798894
2026-04-28 19:13:49,21622777
2026-04-28 19:14:40,21622777
2026-04-28 19:15:30,21446650
2026-04-28 19:16:21,21446650
2026-04-28 19:17:11,21622777
2026-04-28 19:18:03,21434275
2026-04-28 19:18:54,21421900
2026-04-28 19:19:44,21421900
2026-04-28 19:20:34,21421900
2026-04-28 19:21:25,21421900
2026-04-28 19:22:15,21221042
2026-04-28 19:23:05,21384784
2026-04-28 19:23:56,21196291
2026-04-28 19:24:46,21372409
2026-04-28 19:25:36,21183916
2026-04-28 19:26:27,21183916
2026-04-28 19:27:17,21360034
2026-04-28 19:28:08,21183916
2026-04-28 19:28:58,21007790
2026-04-28 19:29:49,21007790
2026-04-28 19:30:39,20831673
2026-04-28 19:31:30,20831673
2026-04-28 19:32:20,20844048
2026-04-28 19:33:11,20680306
2026-04-28 19:34:03,20705047
2026-04-28 19:34:54,20692682
2026-04-28 19:35:44,20692682
2026-04-28 19:36:34,20692682
2026-04-28 19:37:25,20516554
2026-04-28 19:38:15,20680306
2026-04-28 19:39:05,20516554
2026-04-28 19:39:56,20328062
2026-04-28 19:40:47,20328062
2026-04-28 19:41:37,20315687
2026-04-28 19:42:28,20139570
2026-04-28 19:43:18,19963443
2026-04-28 19:44:08,19963443
2026-04-28 19:44:59,19951068
2026-04-28 19:45:49,20127195
2026-04-28 19:46:40,20139570
2026-04-28 19:47:30,20315687
2026-04-28 19:48:21,20655556
2026-04-28 19:49:11,20844048
2026-04-28 19:50:03,20844048
2026-04-28 19:50:54,20844048
2026-04-28 19:51:44,21007790
2026-04-28 19:52:34,21208666
2026-04-28 19:53:25,21196291
2026-04-28 19:54:15,21372409
2026-04-28 19:55:06,21384784
2026-04-28 19:55:56,21560911
2026-04-28 19:56:47,21560911
2026-04-28 19:57:37,21560911
2026-04-28 19:58:27,21548536
2026-04-28 19:59:18,21536161
2026-04-29 08:00:35,20968893
2026-04-29 08:01:25,18289972
2026-04-29 08:02:16,18944959
2026-04-29 08:03:06,20341550
2026-04-29 08:03:57,19800814
2026-04-29 08:04:47,19510446
2026-04-29 08:05:38,19723678
2026-04-29 08:06:28,19912171
2026-04-29 08:07:19,19862680
2026-04-29 08:08:09,19510446
2026-04-29 08:09:03,19485696
2026-04-29 08:09:53,19498071
2026-04-29 08:10:58,20214924
2026-04-29 08:11:49,21234521
2026-04-29 08:12:39,21762881
2026-04-29 08:13:30,22819604
2026-04-29 08:14:20,23700209
2026-04-29 08:15:11,24605563
2026-04-29 08:16:03,25146300
2026-04-29 08:16:54,26492193
2026-04-29 08:17:44,26100149
2026-04-29 08:18:35,25330102
2026-04-29 08:19:25,25506718
2026-04-29 08:20:16,24976860
2026-04-29 08:21:06,25128736
2026-04-29 08:21:57,24939744
2026-04-29 08:22:47,24775504
2026-04-29 08:23:38,24939744
2026-04-29 08:24:28,25192297
2026-04-29 08:25:19,25368914
2026-04-29 08:26:09,24990932
2026-04-29 08:27:03,24902619
2026-04-29 08:27:53,24801940
2026-04-29 08:28:44,24713638
2026-04-29 08:29:34,24738378
2026-04-29 08:30:25,24436332
2026-04-29 08:31:16,24272083
2026-04-29 08:32:06,24637690
2026-04-29 08:32:57,24650065
2026-04-29 08:33:47,24561752
2026-04-29 08:34:38,24574127
2026-04-29 08:35:28,24574127
2026-04-29 08:36:19,24650065
2026-04-29 08:37:09,24826680
2026-04-29 08:38:03,24914994
2026-04-29 08:38:53,24826680
2026-04-29 08:39:44,24726003
2026-04-29 08:40:34,24738378
2026-04-29 08:41:25,24738378
2026-04-29 08:42:15,24826680
2026-04-29 08:43:06,24738378
2026-04-29 08:43:56,24927369
2026-04-29 08:44:47,24826680
2026-04-29 08:45:37,24814305
2026-04-29 08:46:28,24902619
2026-04-29 08:47:18,24902619
2026-04-29 08:48:09,24814305
2026-04-29 08:48:59,24826680
2026-04-29 08:49:50,24839055
2026-04-29 09:01:38,24917988
2026-04-29 09:02:29,24280455
2026-04-29 09:03:20,24138928
2026-04-29 09:04:10,24130196
2026-04-29 09:05:03,23765377
2026-04-29 09:05:53,23744320
2026-04-29 09:06:43,23630867
2026-04-29 09:07:34,24174090
2026-04-29 09:08:24,24153664
2026-04-29 09:09:15,24343693
2026-04-29 09:10:05,24341358
2026-04-29 09:10:56,24407385
2026-04-29 09:11:47,24743642
2026-04-29 09:12:37,24857791
2026-04-29 09:13:28,25070426
2026-04-29 09:14:18,24986505
2026-04-29 09:15:09,25121645
2026-04-29 09:15:59,25440077
2026-04-29 09:16:49,25051764
2026-04-29 09:17:40,24971744
2026-04-29 09:18:30,24822284
2026-04-29 09:19:21,25034528
2026-04-29 09:20:59,24806087
2026-04-29 09:21:49,24927574
2026-04-29 09:22:39,25331073
2026-04-29 09:23:30,25328518
2026-04-29 09:24:20,24821915
2026-04-29 09:25:11,24973910
2026-04-29 09:26:03,24765897
2026-04-29 09:26:54,24766615
2026-04-29 09:27:44,24742434
2026-04-29 09:28:34,24838789
2026-04-29 09:29:25,24621327
2026-04-29 09:30:16,24555609
2026-04-29 09:31:06,24580608
2026-04-29 09:31:57,24944069
2026-04-29 09:32:47,25090416
2026-04-29 09:33:37,25311963
2026-04-29 09:34:28,25245345
2026-04-29 09:35:18,25356493
2026-04-29 09:36:09,25638017
2026-04-29 09:36:59,25743049
2026-04-29 09:37:50,25823308
2026-04-29 09:38:40,25619885
2026-04-29 09:39:30,25727459
2026-04-29 09:40:21,25809154
2026-04-29 09:41:12,25787459
2026-04-29 09:42:03,25801362
2026-04-29 09:42:54,26010522
2026-04-29 09:43:44,26134554
2026-04-29 09:44:35,26172566
2026-04-29 09:45:25,26015742
2026-04-29 09:46:15,25978595
2026-04-29 09:47:06,25833137
2026-04-29 09:47:56,25787707
2026-04-29 09:48:47,25925912
2026-04-29 09:49:37,25814137
2026-04-29 09:50:28,25687428
2026-04-29 09:51:18,25686281
2026-04-29 09:52:08,25581671
2026-04-29 09:52:59,25466312
2026-04-29 09:53:49,25544026
2026-04-29 09:54:39,25648788
2026-04-29 09:55:30,25535354
2026-04-29 09:56:20,25547231
2026-04-29 09:57:11,25623518
2026-04-29 09:58:03,25625563
2026-04-29 09:58:53,25686022
2026-04-29 09:59:44,25677869
2026-04-29 10:00:34,25605453
2026-04-29 10:01:25,25443588
2026-04-29 10:02:15,25453918
2026-04-29 10:03:06,25381762
2026-04-29 10:03:56,25453280
2026-04-29 10:04:47,25328093
2026-04-29 10:05:37,25302734
2026-04-29 10:06:28,25211524
2026-04-29 10:07:18,25176775
2026-04-29 10:08:09,24900589
2026-04-29 10:08:59,24991836
2026-04-29 10:09:50,25037464
2026-04-29 10:10:40,25034615
2026-04-29 10:11:31,25080427
2026-04-29 10:12:21,24973759
2026-04-29 10:13:12,25044678
2026-04-29 10:14:03,25185306
2026-04-29 10:14:54,25071066
2026-04-29 10:15:44,25232402
2026-04-29 10:16:34,25365155
2026-04-29 10:17:25,25396182
2026-04-29 10:18:15,25494557
2026-04-29 10:19:06,25626651
2026-04-29 10:19:56,25726142
2026-04-29 10:20:46,25851162
2026-04-29 10:21:37,25821431
2026-04-29 10:22:27,25801021
2026-04-29 10:23:17,25882798
2026-04-29 10:24:08,25922278
2026-04-29 10:24:58,25833377
2026-04-29 10:25:49,25751043
2026-04-29 10:26:39,25624636
2026-04-29 10:27:30,25664137
2026-04-29 10:28:20,25545534
2026-04-29 10:29:10,25485284
2026-04-29 10:30:03,25384016
2026-04-29 10:31:23,25429987
2026-04-29 10:32:14,25580477
2026-04-29 10:33:04,25596820
2026-04-29 10:33:55,25723137
2026-04-29 10:34:45,25783855
2026-04-29 10:35:35,25762049
2026-04-29 10:36:26,25741380
2026-04-29 10:37:16,25732319
2026-04-29 10:38:07,25839712
2026-04-29 10:38:57,25782759
2026-04-29 10:39:47,25670003
2026-04-29 10:40:38,25656351
2026-04-29 10:41:29,25763856
2026-04-29 10:42:19,25886231
2026-04-29 10:43:10,25928136
2026-04-29 10:44:03,25951252
2026-04-29 10:44:53,25842508
2026-04-29 10:45:44,25879244
2026-04-29 10:46:34,25864825
2026-04-29 10:47:25,25917537
2026-04-29 10:48:15,25963726
2026-04-29 10:49:06,25955093
2026-04-29 10:49:56,25859354
2026-04-29 10:50:47,25729615
2026-04-29 10:51:37,25829406
2026-04-29 10:52:28,25840183
2026-04-29 10:53:18,25453009
2026-04-29 10:54:08,25396101
2026-04-29 10:54:59,25413828
2026-04-29 10:55:49,25464753
2026-04-29 10:56:40,25390923
2026-04-29 10:57:30,25489346
2026-04-29 10:58:21,25410714
2026-04-29 10:59:11,25339254
2026-04-29 11:00:03,25320992
2026-04-29 11:00:54,25396371
2026-04-29 11:01:45,25466253
2026-04-29 11:02:35,25339616
2026-04-29 11:03:26,25416770
2026-04-29 11:04:16,25417689
2026-04-29 11:05:07,25369755
2026-04-29 11:05:57,25320932
2026-04-29 11:06:47,25441962
2026-04-29 11:07:38,25489396
2026-04-29 11:08:28,25589874
2026-04-29 11:09:19,25626153
2026-04-29 11:10:09,25630781
2026-04-29 11:11:03,25664585
2026-04-29 11:11:53,25642848
2026-04-29 11:12:44,25470883
2026-04-29 11:13:34,25524246
2026-04-29 11:14:24,25509786
2026-04-29 11:15:15,25414148
2026-04-29 11:16:05,25492948
2026-04-29 11:16:56,25561591
2026-04-29 11:17:46,25611425
2026-04-29 11:18:36,25669704
2026-04-29 11:19:27,25663475
2026-04-29 11:20:36,25582827
2026-04-29 11:21:26,25514266
2026-04-29 11:22:17,25495094
2026-04-29 11:23:07,25509555
2026-04-29 11:23:57,25465293
2026-04-29 11:24:48,25488323
2026-04-29 11:25:38,25428647
2026-04-29 11:26:29,25505653
2026-04-29 11:27:19,25482869
2026-04-29 11:28:09,25428233
2026-04-29 11:29:03,25388437
2026-04-29 11:29:53,25395411
2026-04-29 11:30:44,25535538
2026-04-29 11:31:34,25499683
2026-04-29 11:32:25,25505753
2026-04-29 11:33:15,25523368
2026-04-29 11:34:06,25381462
2026-04-29 11:34:56,25422171
2026-04-29 11:35:46,25262020
2026-04-29 11:36:37,25251642
2026-04-29 11:37:27,25260314
2026-04-29 11:38:18,25248972
2026-04-29 11:39:08,25266502
2026-04-29 11:39:59,25288458
2026-04-29 11:40:49,25293896
2026-04-29 11:41:40,25243067
2026-04-29 11:42:30,25263359
2026-04-29 11:43:21,25228587
2026-04-29 11:44:11,25245055
2026-04-29 11:45:03,25138988
2026-04-29 11:45:54,25169791
2026-04-29 11:46:44,25111034
2026-04-29 11:47:35,25196862
2026-04-29 11:48:25,25267869
2026-04-29 11:49:16,25213278
2026-04-29 11:50:06,25289704
2026-04-29 11:50:57,25328227
2026-04-29 11:51:47,25396291
2026-04-29 11:52:38,25398079
2026-04-29 11:53:28,25465832
2026-04-29 11:54:18,25333518
2026-04-29 11:55:09,25345044
2026-04-29 11:55:59,25355373
2026-04-29 11:56:50,25328876
2026-04-29 11:57:40,25435852
2026-04-29 11:58:31,25380166
2026-04-29 11:59:21,25350408
2026-04-29 12:00:14,25323487
2026-04-29 12:01:04,25320094
2026-04-29 12:01:55,25340853
2026-04-29 12:02:45,25325543
2026-04-29 12:03:36,25279760
2026-04-29 12:04:26,25352470
2026-04-29 12:05:16,25328928
2026-04-29 12:06:07,25346082
2026-04-29 12:06:57,25398176
2026-04-29 12:07:48,25379315
2026-04-29 12:08:38,25420134
2026-04-29 12:09:29,25421595
2026-04-29 12:10:19,25453556
2026-04-29 12:11:10,25463586
2026-04-29 12:12:03,25451786
2026-04-29 12:12:54,25541910
2026-04-29 12:13:44,25566402
2026-04-29 12:14:35,25593009
2026-04-29 12:15:25,25510742
2026-04-29 12:16:16,25527236
2026-04-29 12:17:06,25559235
2026-04-29 12:17:57,25601291
2026-04-29 12:18:47,25667449
2026-04-29 12:19:37,25719127
2026-04-29 12:20:28,25708482
2026-04-29 12:21:18,25725375
2026-04-29 12:22:09,25662261
2026-04-29 12:22:59,25701371
2026-04-29 12:23:49,25674176
2026-04-29 12:24:40,25645242
2026-04-29 12:25:30,25570313
2026-04-29 12:26:21,25596649
2026-04-29 12:27:11,25631421
2026-04-29 12:28:03,25595752
2026-04-29 12:28:53,25597558
2026-04-29 12:29:43,25572635
2026-04-29 12:30:34,25500313
2026-04-29 12:31:25,25495015
2026-04-29 12:32:15,25497609
2026-04-29 12:33:05,25470173
2026-04-29 12:33:56,25567658
2026-04-29 12:34:46,25543259
2026-04-29 12:35:37,25541661
2026-04-29 12:36:27,25565913
2026-04-29 12:37:18,25572650
2026-04-29 12:38:08,25639656
2026-04-29 12:38:58,25630374
2026-04-29 12:39:49,25663009
2026-04-29 12:40:40,25697089
2026-04-29 12:41:30,25760750
2026-04-29 12:42:20,25781449
2026-04-29 12:43:11,25815084
2026-04-29 12:44:03,25823172
2026-04-29 12:44:54,25747617
2026-04-29 12:45:44,25820552
2026-04-29 12:46:34,25815274
2026-04-29 12:47:25,25826366
2026-04-29 12:48:15,25803257
2026-04-29 12:49:06,25772818
2026-04-29 12:49:56,25761017
2026-04-29 12:50:47,25798155
2026-04-29 12:51:37,25764783
2026-04-29 12:52:28,25851800
2026-04-29 12:53:18,25807898
2026-04-29 12:54:09,25831550
2026-04-29 12:54:59,25920451
2026-04-29 12:55:49,25862818
2026-04-29 12:56:40,25843665
2026-04-29 12:57:30,25832837
2026-04-29 12:58:21,25812938
2026-04-29 12:59:11,25877796
2026-04-29 13:00:03,25868468
2026-04-29 13:00:53,25781361
2026-04-29 13:01:44,25951290
2026-04-29 13:02:34,25922399
2026-04-29 13:03:25,26006710
2026-04-29 13:04:15,25942768
2026-04-29 13:05:06,25920401
2026-04-29 13:05:56,25878031
2026-04-29 13:06:46,25866172
2026-04-29 13:07:37,25868567
2026-04-29 13:08:27,25909733
2026-04-29 13:09:18,25945362
2026-04-29 13:10:08,25981929
2026-04-29 13:10:59,26025321
2026-04-29 13:11:49,26161339
2026-04-29 13:12:40,26196768
2026-04-29 13:13:30,26202147
2026-04-29 13:14:21,26176388
2026-04-29 13:15:11,26239964
2026-04-29 13:16:03,26240111
2026-04-29 13:16:53,26213364
2026-04-29 13:17:43,26182985
2026-04-29 13:18:34,26119265
2026-04-29 13:19:24,26238027
2026-04-29 13:20:15,26140780
2026-04-29 13:21:06,26295276
2026-04-29 13:21:56,26237807
2026-04-29 13:22:47,26275789
2026-04-29 13:23:37,26321537
2026-04-29 13:24:27,26355369
2026-04-29 13:25:18,26272257
2026-04-29 13:26:08,26188633
2026-04-29 13:26:59,26261058
2026-04-29 13:27:49,26292046
2026-04-29 13:28:39,26295688
2026-04-29 13:29:30,26325179
2026-04-29 13:30:36,26158395
2026-04-29 13:31:26,26071529
2026-04-29 13:32:16,26066638
2026-04-29 13:33:07,25956329
2026-04-29 13:33:57,26007306
2026-04-29 13:34:48,25962069
2026-04-29 13:35:38,25976938
2026-04-29 13:36:29,26006220
2026-04-29 13:37:19,26018995
2026-04-29 13:38:09,26073376
2026-04-29 13:39:03,26029912
2026-04-29 13:39:53,26081908
2026-04-29 13:40:44,26163076
2026-04-29 13:41:35,26077865
2026-04-29 13:42:25,26075122
2026-04-29 13:43:16,26087397
2026-04-29 13:44:06,26068684
2026-04-29 13:44:56,26104842
2026-04-29 13:45:47,26042377
2026-04-29 13:46:37,26103915
2026-04-29 13:47:28,26088335
2026-04-29 13:48:18,26125250
2026-04-29 13:49:09,26054412
2026-04-29 13:49:59,26138336
2026-04-29 13:50:50,26203036
2026-04-29 13:51:40,26183484
2026-04-29 13:52:31,26168616
2026-04-29 13:53:21,26160231
2026-04-29 13:54:12,26232726
2026-04-29 13:55:03,26236657
2026-04-29 13:55:53,26204393
2026-04-29 13:56:44,26213614
2026-04-29 13:57:34,26183085
2026-04-29 13:58:25,26223046
2026-04-29 13:59:15,26270041
2026-04-29 14:00:06,26253425
2026-04-29 14:00:56,26270840
2026-04-29 14:01:47,26320191
2026-04-29 14:02:37,26353116
2026-04-29 14:03:28,26334054
2026-04-29 14:04:18,26326468
2026-04-29 14:05:09,26364992
2026-04-29 14:05:59,26321727
2026-04-29 14:06:49,26269991
2026-04-29 14:07:40,26335559
2026-04-29 14:08:30,26272034
2026-04-29 14:09:21,26200599
2026-04-29 14:10:36,26100459
2026-04-29 14:11:26,26175899
2026-04-29 14:12:16,26283513
2026-04-29 14:13:07,26200490
2026-04-29 14:13:57,26160229
2026-04-29 14:14:48,26203794
2026-04-29 14:15:38,26110989
2026-04-29 14:16:29,26105310
2026-04-29 14:17:19,26161478
2026-04-29 14:18:09,26042198
2026-04-29 14:19:03,25995028
2026-04-29 14:19:53,25974184
2026-04-29 14:20:44,26063694
2026-04-29 14:21:34,25956468
2026-04-29 14:22:25,25926278
2026-04-29 14:23:15,26019532
2026-04-29 14:24:06,26030911
2026-04-29 14:24:56,26122218
2026-04-29 14:25:47,26088843
2026-04-29 14:26:37,26098785
2026-04-29 14:27:27,26087798
2026-04-29 14:28:18,26119621
2026-04-29 14:29:08,26231239
2026-04-29 14:29:59,26246746
2026-04-29 14:30:50,26223320
2026-04-29 14:31:40,26255079
2026-04-29 14:32:30,26281866
2026-04-29 14:33:21,26333414
2026-04-29 14:34:11,26361498
2026-04-29 14:35:03,26321548
2026-04-29 14:35:53,26343334
2026-04-29 14:36:44,26240971
2026-04-29 14:37:34,26282725
2026-04-29 14:38:24,26366488
2026-04-29 14:39:15,26331459
2026-04-29 14:40:05,26331409
2026-04-29 14:40:56,26303126
2026-04-29 14:41:46,26304208
2026-04-29 14:42:37,26331468
2026-04-29 14:43:27,26341449
2026-04-29 14:44:18,26350354
2026-04-29 14:45:08,26379871
2026-04-29 14:45:58,26442789
2026-04-29 14:46:49,26453303
2026-04-29 14:47:39,26591347
2026-04-29 14:48:30,26497056
2026-04-29 14:49:20,26513272
2026-04-29 14:50:13,26576477
2026-04-29 14:51:04,26581575
2026-04-29 14:51:54,26581575
2026-04-29 14:52:44,26607975
2026-04-29 14:53:35,26601885
2026-04-29 14:54:25,26574740
2026-04-29 14:55:16,26731505
2026-04-29 14:56:06,26728212
2026-04-29 14:56:57,26711795
2026-04-29 14:57:47,26718921
2026-04-29 14:58:38,26743321
2026-04-29 14:59:28,26771424
2026-04-29 15:00:19,26760994
2026-04-29 15:01:09,26860125
2026-04-29 15:02:03,27001646
2026-04-29 15:02:53,27003029
2026-04-29 15:03:44,27029840
2026-04-29 15:04:34,27034806
2026-04-29 15:05:25,27060596
2026-04-29 15:06:15,26984755
2026-04-29 15:07:06,26953155
2026-04-29 15:07:56,26906298
2026-04-29 15:08:47,26897501
2026-04-29 15:09:37,26896903
2026-04-29 15:10:28,26924987
2026-04-29 15:11:18,26886173
2026-04-29 15:12:09,26796314
2026-04-29 15:12:59,26761344
2026-04-29 15:13:50,26761344
2026-04-29 15:14:40,26767258
2026-04-29 15:15:31,26811610
2026-04-29 15:16:21,26797761
2026-04-29 15:17:11,26744438
2026-04-29 15:18:03,26742633
2026-04-29 15:18:53,26849109
2026-04-29 15:19:44,26868860
2026-04-29 15:20:35,26895954
2026-04-29 15:21:25,26895954
2026-04-29 15:22:15,26895954
2026-04-29 15:23:06,26895954
2026-04-29 15:23:56,26895954
2026-04-29 15:24:47,26895954
2026-04-29 15:25:37,26895954
2026-04-29 15:26:28,26895954
2026-04-29 15:27:18,26895954
2026-04-29 15:28:09,26895954
2026-04-29 15:28:59,26895954
2026-04-29 15:29:49,26895954
2026-04-29 15:30:59,26669888
2026-04-29 15:31:49,26669888
2026-04-29 15:32:40,26669888
2026-04-29 15:33:30,26669888
2026-04-29 15:34:21,26669888
2026-04-29 15:35:11,26669888
2026-04-29 15:36:03,26669888
2026-04-29 15:36:53,26669888
2026-04-29 15:37:43,26669888
2026-04-29 15:38:34,26669888
2026-04-29 15:39:24,26669888
2026-04-29 15:40:14,26715286
2026-04-29 15:41:05,26828839
2026-04-29 15:41:56,26809188
2026-04-29 15:42:46,26783439
2026-04-29 15:43:36,26739037
2026-04-29 15:44:27,26740036
2026-04-29 15:45:17,26693630
2026-04-29 15:46:08,26712293
2026-04-29 15:46:58,26692631
2026-04-29 15:47:49,26693630
2026-04-29 15:48:39,26738040
2026-04-29 15:49:29,26693630
2026-04-29 15:50:20,26737041
2026-04-29 15:51:11,26739037
2026-04-29 15:52:03,26675975
2026-04-29 15:52:53,26738040
2026-04-29 15:53:44,26694627
2026-04-29 15:54:34,26740036
2026-04-29 15:55:25,26676974
2026-04-29 15:56:15,26675975
2026-04-29 15:57:06,26676974
2026-04-29 15:57:56,26702721
2026-04-29 15:58:46,26684058
2026-04-29 15:59:37,26703718
2026-04-29 16:00:28,26658311
2026-04-29 16:01:18,26620986
2026-04-29 16:02:09,26621983
2026-04-29 16:02:59,26621983
2026-04-29 16:03:49,26621983
2026-04-29 16:04:40,26666393
2026-04-29 16:05:30,26622982
2026-04-29 16:06:21,26667392
2026-04-29 16:07:11,26659308
2026-04-29 16:08:03,26703718
2026-04-29 16:08:53,26722381
2026-04-29 16:09:43,26786434
2026-04-29 16:10:34,26742032
2026-04-29 16:11:25,23782246
2026-04-29 16:12:15,23783245
2026-04-29 16:13:06,23763594
2026-04-29 16:13:56,23782246
2026-04-29 16:14:47,23745930
2026-04-29 16:15:37,23744931
2026-04-29 16:16:27,23808994
2026-04-29 16:17:18,23763594
2026-04-29 16:18:08,23744931
2026-04-29 16:18:59,23790331
2026-04-29 16:19:49,23745930
2026-04-29 16:20:40,23764593
2026-04-29 16:21:31,23771668
2026-04-29 16:22:21,23745930
2026-04-29 16:23:11,23744931
2026-04-29 16:24:03,23763594
2026-04-29 16:24:53,23763594
2026-04-29 16:25:44,23742935
2026-04-29 16:26:34,23805999
2026-04-29 16:27:25,23787336
2026-04-29 16:28:15,23742935
2026-04-29 16:29:06,23742935
2026-04-29 16:29:56,23725271
2026-04-29 16:30:47,23725271
2026-04-29 16:31:37,23768673
2026-04-29 16:32:27,23743934
2026-04-29 16:33:18,23769672
2026-04-29 16:34:08,23788335
2026-04-29 16:34:59,23726268
2026-04-29 16:35:49,23788335
2026-04-29 16:36:39,23788335
2026-04-29 16:37:30,23789332
2026-04-29 16:38:20,23743934
2026-04-29 16:39:11,23769672
2026-04-29 16:40:03,23725271
2026-04-29 16:40:54,23789332
2026-04-29 16:41:44,23832746
2026-04-29 16:42:35,23858483
2026-04-29 16:43:25,23813084
2026-04-29 16:44:15,23832746
2026-04-29 16:45:06,23876147
2026-04-29 16:45:56,23832746
2026-04-29 16:46:46,23877146
2026-04-29 16:47:37,23858483
2026-04-29 16:48:27,23858483
2026-04-29 16:49:18,23858483
2026-04-29 16:50:08,23877146
2026-04-29 16:50:59,23857484
2026-04-29 16:51:50,23877146
2026-04-29 16:52:40,23877146
2026-04-29 16:53:31,23832746
2026-04-29 16:54:21,23814083
2026-04-29 16:55:11,23813084
2026-04-29 16:56:03,23877146
2026-04-29 16:56:53,23857484
2026-04-29 16:57:43,23876147
2026-04-29 16:58:34,23877146
2026-04-29 16:59:24,23876147
2026-04-29 17:00:15,23877146
2026-04-29 17:01:05,23851409
2026-04-29 17:01:56,23895809
2026-04-29 17:02:46,23850410
2026-04-29 17:03:36,23895809
2026-04-29 17:04:27,23851409
2026-04-29 17:05:17,23896806
2026-04-29 17:06:07,23852406
2026-04-29 17:06:58,23852406
2026-04-29 17:07:48,23895809
2026-04-29 17:08:38,23851409
2026-04-29 17:09:29,23851409
2026-04-29 17:10:20,23896806
2026-04-29 17:11:10,23896806
2026-04-29 17:12:03,23852406
2026-04-29 17:12:54,23871058
2026-04-29 17:13:44,23871058
2026-04-29 17:14:34,23871058
2026-04-29 17:15:25,23825650
2026-04-29 17:16:15,23852406
2026-04-29 17:17:05,23825650
2026-04-29 17:17:56,23871058
2026-04-29 17:18:46,23825650
2026-04-29 17:19:36,23825650
2026-04-29 17:20:27,23825650
2026-04-29 17:21:18,23870061
2026-04-29 17:22:08,23850410
2026-04-29 17:22:58,23844313
2026-04-29 17:23:49,23824651
2026-04-29 17:24:39,23825650
2026-04-29 17:25:29,23844313
2026-04-29 17:26:20,23844313
2026-04-29 17:27:10,23844313
2026-04-29 17:28:03,23844313
2026-04-29 17:28:53,23888724
2026-04-29 17:29:43,23907386
2026-04-29 17:30:34,23907386
2026-04-29 17:31:24,23907386
2026-04-29 17:32:14,23862975
2026-04-29 17:33:05,23907386
2026-04-29 17:33:55,23907386
2026-04-29 17:34:46,23908383
2026-04-29 17:35:36,23845310
2026-04-29 17:36:26,23908383
2026-04-29 17:37:17,23863972
2026-04-29 17:38:07,23927036
2026-04-29 17:38:58,23927036
2026-04-29 17:39:48,23882625
2026-04-29 17:40:39,23927036
2026-04-29 17:41:29,23926039
2026-04-29 17:42:20,23908383
2026-04-29 17:43:10,23908383
2026-04-29 17:44:03,23908383
2026-04-29 17:44:53,23908383
2026-04-29 17:45:43,23862975
2026-04-29 17:46:34,23927036
2026-04-29 17:47:24,23927036
2026-04-29 17:48:15,23863972
2026-04-29 17:49:05,23907386
2026-04-29 17:49:55,23864971
2026-04-29 17:50:45,23928035
2026-04-29 17:51:36,23928035
2026-04-29 17:52:26,23883624
2026-04-29 17:53:17,23909382
2026-04-29 17:54:07,23909382
2026-04-29 17:54:57,23864971
2026-04-29 17:55:48,23864971
2026-04-29 17:56:38,23928035
2026-04-29 17:57:29,23928035
2026-04-29 17:58:19,23910379
2026-04-29 17:59:09,23910379
2026-04-29 18:00:03,23954779
2026-04-29 18:00:54,23927036
2026-04-29 18:01:44,23927036
2026-04-29 18:02:35,23971436
2026-04-29 18:03:25,23908383
2026-04-29 18:04:15,23908383
2026-04-29 18:05:06,23907386
2026-04-29 18:05:56,23908383
2026-04-29 18:06:47,23889721
2026-04-29 18:07:37,23951786
2026-04-29 18:08:27,23933124
2026-04-29 18:09:18,23933124
2026-04-29 18:10:08,23952783
2026-04-29 18:10:59,23952783
2026-04-29 18:11:50,23934121
2026-04-29 18:12:40,23934121
2026-04-29 18:13:31,23952783
2026-04-29 18:14:21,23909382
2026-04-29 18:15:11,23890720
2026-04-29 18:16:03,23952783
2026-04-29 18:16:53,23953782
2026-04-29 18:17:44,23909382
2026-04-29 18:18:34,23935120
2026-04-29 18:19:24,23954779
2026-04-29 18:20:35,23980519
2026-04-29 18:21:26,23980519
2026-04-29 18:22:16,23961856
2026-04-29 18:23:07,23980519
2026-04-29 18:23:57,23916457
2026-04-29 18:24:47,23980519
2026-04-29 18:25:38,23980519
2026-04-29 18:26:28,24005270
2026-04-29 18:27:19,24024930
2026-04-29 18:28:09,24006267
2026-04-29 18:29:03,24006267
2026-04-29 18:29:53,23943204
2026-04-29 18:30:44,24006267
2026-04-29 18:31:34,24006267
2026-04-29 18:32:25,24006267
2026-04-29 18:33:15,24006267
2026-04-29 18:34:06,24007266
2026-04-29 18:34:56,24051667
2026-04-29 18:35:46,24070330
2026-04-29 18:36:37,24007266
2026-04-29 18:37:27,24114730
2026-04-29 18:38:18,24114730
2026-04-29 18:39:08,24051667
2026-04-29 18:39:58,24096067
2026-04-29 18:40:58,24097064
2026-04-29 18:41:49,24115727
2026-04-29 18:42:39,24096067
2026-04-29 18:43:30,24097064
2026-04-29 18:44:20,24097064
2026-04-29 18:45:11,24114730
2026-04-29 18:46:03,24052664
2026-04-29 18:46:53,24096067
2026-04-29 18:47:44,24008263
2026-04-29 18:48:34,24052664
2026-04-29 18:49:25,23945200
2026-04-29 18:50:36,24008263
2026-04-29 18:51:26,23989611
2026-04-29 18:52:16,23945200
2026-04-29 18:53:07,23970948
2026-04-29 18:53:57,23989611
2026-04-29 18:54:48,23989611
2026-04-29 18:55:38,23989611
2026-04-29 18:56:28,23963852
2026-04-29 18:57:19,23962855
2026-04-29 18:58:09,24007266
2026-04-29 18:59:03,24007266
2026-04-29 18:59:53,24007266
2026-04-29 19:00:44,23988614
2026-04-29 19:01:34,24025929
2026-04-29 19:02:25,24005270
2026-04-29 19:03:15,24005270
2026-04-29 19:04:06,24006267
2026-04-29 19:04:56,24005270
2026-04-29 19:05:46,24006267
2026-04-29 19:06:37,24006267
2026-04-29 19:07:27,24006267
2026-04-29 19:08:18,24006267
2026-04-29 19:09:08,24006267
2026-04-29 19:09:58,24050668
2026-04-29 19:10:49,24050668
2026-04-29 19:11:40,24050668
2026-04-29 19:12:30,24050668
2026-04-29 19:13:20,23986618
2026-04-29 19:14:11,24031019
2026-04-29 19:15:03,24076416
2026-04-29 19:15:54,24032016
2026-04-29 19:16:44,24032016
2026-04-29 19:17:34,24076416
2026-04-29 19:18:25,24077415
2026-04-29 19:19:15,24076416
2026-04-29 19:20:06,24058752
2026-04-29 19:20:57,24014352
2026-04-29 19:21:47,24077415
2026-04-29 19:22:37,24057753
2026-04-29 19:23:28,24014352
2026-04-29 19:24:18,24077415
2026-04-29 19:25:09,24014352
2026-04-29 19:25:59,24077415
2026-04-29 19:26:50,24122824
2026-04-29 19:27:40,24078412
2026-04-29 19:28:30,24104161
2026-04-29 19:29:21,24122824
2026-04-29 19:30:59,24168224
2026-04-29 19:31:49,24186876
2026-04-29 19:32:39,24186876
2026-04-29 19:33:30,24186876
2026-04-29 19:34:20,24122824
2026-04-29 19:35:11,24168224
2026-04-29 19:36:03,24148562
2026-04-29 19:36:54,24168224
2026-04-29 19:37:44,24149561
2026-04-29 19:38:35,24212625
2026-04-29 19:39:25,24212625
2026-04-29 19:40:16,24213622
2026-04-29 19:41:06,24213622
2026-04-29 19:41:57,24231277
2026-04-29 19:42:47,24231277
2026-04-29 19:43:37,24231277
2026-04-29 19:44:28,24186876
2026-04-29 19:45:18,24230278
2026-04-29 19:46:09,24211626
2026-04-29 19:46:59,24185877
2026-04-29 19:47:50,24230278
2026-04-29 19:48:40,24229281
2026-04-29 19:49:30,24273691
2026-04-29 19:50:21,24273691
2026-04-29 19:51:12,24291355
2026-04-29 19:52:03,24254040
2026-04-29 19:52:53,24228282
2026-04-29 19:53:44,24272692
2026-04-29 19:54:34,24210629
2026-04-29 19:55:25,24273691
2026-04-29 19:56:15,24230278
2026-04-29 19:57:06,24338752
2026-04-29 19:57:56,24319090
2026-04-29 19:58:46,24321086
2026-04-29 19:59:37,24321086
2026-04-30 08:00:12,24884677
2026-04-30 08:01:03,24677323
2026-04-30 08:01:53,24524450
2026-04-30 08:02:44,24753560
2026-04-30 08:03:34,24779309
2026-04-30 08:04:25,24852452
2026-04-30 08:05:15,24569359
2026-04-30 08:06:06,24658171
2026-04-30 08:06:56,24587025
2026-04-30 08:07:47,24630437
2026-04-30 08:08:37,24692493
2026-04-30 08:09:28,24729819
2026-04-30 08:10:59,24791872
2026-04-30 08:11:49,24900347
2026-04-30 08:12:40,24902872
2026-04-30 08:13:30,24901875
2026-04-30 08:14:21,24813062
2026-04-30 08:15:11,24793400
2026-04-30 08:16:03,24855478
2026-04-30 08:16:53,24798501
2026-04-30 08:17:44,24799500
2026-04-30 08:18:34,24691026
2026-04-30 08:19:25,24672374
2026-04-30 08:20:36,24698111
2026-04-30 08:21:26,24698111
2026-04-30 08:22:17,24697114
2026-04-30 08:23:08,24671377
2026-04-30 08:23:58,24537164
2026-04-30 08:24:48,24429690
2026-04-30 08:25:39,24429690
2026-04-30 08:26:29,24493763
2026-04-30 08:27:20,24475100
2026-04-30 08:28:10,24475100
2026-04-30 08:29:03,24476097
2026-04-30 08:29:53,24521496
2026-04-30 08:30:44,24388284
2026-04-30 08:31:35,24362545
2026-04-30 08:32:25,24406947
2026-04-30 08:33:16,24433682
2026-04-30 08:34:06,24496756
2026-04-30 08:34:57,24521496
2026-04-30 08:35:47,24591647
2026-04-30 08:36:38,24566895
2026-04-30 08:37:28,24592644
2026-04-30 08:38:19,24591647
2026-04-30 08:39:09,24637045
2026-04-30 08:40:03,24637045
2026-04-30 08:41:23,24591647
2026-04-30 08:42:14,24610309
2026-04-30 08:43:04,24655707
2026-04-30 08:43:55,24611306
2026-04-30 08:44:45,24592644
2026-04-30 08:45:36,24527574
2026-04-30 08:46:26,24501835
2026-04-30 08:47:17,24456438
2026-04-30 08:48:07,24456438
2026-04-30 08:48:58,24456438
2026-04-30 08:49:48,24437775
2026-04-30 09:01:37,23267900
2026-04-30 09:02:27,23482491
2026-04-30 09:03:18,23297465
2026-04-30 09:04:08,23263757
2026-04-30 09:04:58,23424866
2026-04-30 09:05:49,23374866
2026-04-30 09:06:39,23271044
2026-04-30 09:07:30,23166523
2026-04-30 09:08:20,22982161
2026-04-30 09:09:11,22855012
2026-04-30 09:10:03,22789838
2026-04-30 09:10:54,22889668
2026-04-30 09:11:45,22938661
2026-04-30 09:12:35,23088879
2026-04-30 09:13:25,22978731
2026-04-30 09:14:16,23023341
2026-04-30 09:15:06,22919448
2026-04-30 09:15:57,22926794
2026-04-30 09:16:47,22721250
2026-04-30 09:17:38,22561824
2026-04-30 09:18:28,22837731
2026-04-30 09:19:19,22836234
2026-04-30 09:20:09,22868060
2026-04-30 09:21:03,22915358
2026-04-30 09:21:53,22919348
2026-04-30 09:22:44,22867711
2026-04-30 09:23:34,22908330
2026-04-30 09:24:25,23016594
2026-04-30 09:25:15,22946434
2026-04-30 09:26:06,22978910
2026-04-30 09:26:56,22932960
2026-04-30 09:27:46,22750317
2026-04-30 09:28:37,22798612
2026-04-30 09:29:27,22735972
2026-04-30 09:30:18,22703996
2026-04-30 09:31:08,22779636
2026-04-30 09:31:59,22837998
2026-04-30 09:32:49,22770054
2026-04-30 09:33:40,22759040
2026-04-30 09:34:30,22806480
2026-04-30 09:35:21,22735124
2026-04-30 09:36:11,22678146
2026-04-30 09:37:03,22691172
2026-04-30 09:37:53,22607508
2026-04-30 09:38:43,22622793
2026-04-30 09:39:34,22621371
2026-04-30 09:40:25,22581611
2026-04-30 09:41:15,22592389
2026-04-30 09:42:05,22554015
2026-04-30 09:42:56,22484215
2026-04-30 09:43:47,22437570
2026-04-30 09:44:37,22457222
2026-04-30 09:45:27,22425096
2026-04-30 09:46:18,22450285
2026-04-30 09:47:08,22516841
2026-04-30 09:47:59,22440954
2026-04-30 09:48:49,22435324
2026-04-30 09:49:40,22409102
2026-04-30 09:50:30,22428752
2026-04-30 09:51:21,22483020
2026-04-30 09:52:11,22492751
2026-04-30 09:53:03,22575973
2026-04-30 09:53:53,22604654
2026-04-30 09:54:44,22658836
2026-04-30 09:55:34,22616182
2026-04-30 09:56:24,22572779
2026-04-30 09:57:15,22531886
2026-04-30 09:58:05,22630353
2026-04-30 09:58:56,22614944
2026-04-30 09:59:46,22611541
2026-04-30 10:00:37,22534604
2026-04-30 10:01:28,22488258
2026-04-30 10:02:18,22496094
2026-04-30 10:03:08,22430475
2026-04-30 10:03:59,22412710
2026-04-30 10:04:49,22274417
2026-04-30 10:05:40,22161204
2026-04-30 10:06:30,22157811
2026-04-30 10:07:21,22087422
2026-04-30 10:08:11,22147880
2026-04-30 10:09:03,22167642
2026-04-30 10:09:53,22189748
2026-04-30 10:10:43,22323718
2026-04-30 10:11:34,22344965
2026-04-30 10:12:24,22474736
2026-04-30 10:13:14,22387271
2026-04-30 10:14:05,22321263
2026-04-30 10:14:55,22343918
2026-04-30 10:15:46,22382231
2026-04-30 10:16:36,22438467
2026-04-30 10:17:27,22437171
2026-04-30 10:18:17,22432780
2026-04-30 10:19:08,22526273
2026-04-30 10:19:58,22539096
2026-04-30 10:20:49,22539146
2026-04-30 10:21:39,22537199
2026-04-30 10:22:30,22556961
2026-04-30 10:23:20,22515045
2026-04-30 10:24:11,22569136
2026-04-30 10:25:03,22478030
2026-04-30 10:25:54,22567629
2026-04-30 10:26:44,22531611
2026-04-30 10:27:34,22494597
2026-04-30 10:28:25,22487210
2026-04-30 10:29:15,22455723
2026-04-30 10:30:06,22467598
2026-04-30 10:30:57,22428679
2026-04-30 10:31:47,22448813
2026-04-30 10:32:38,22408918
2026-04-30 10:33:28,22415414
2026-04-30 10:34:19,22398797
2026-04-30 10:35:09,22454825
2026-04-30 10:35:59,22393201
2026-04-30 10:36:50,22186503
2026-04-30 10:37:40,22202721
2026-04-30 10:38:31,22227472
2026-04-30 10:39:21,22286791
2026-04-30 10:40:13,22276911
2026-04-30 10:41:04,22331144
2026-04-30 10:41:54,22347760
2026-04-30 10:42:45,22338589
2026-04-30 10:43:35,22310545
2026-04-30 10:44:26,22327760
2026-04-30 10:45:16,22288239
2026-04-30 10:46:06,22294178
2026-04-30 10:46:57,22272422
2026-04-30 10:47:47,22279257
2026-04-30 10:48:38,22297970
2026-04-30 10:49:28,22310795
2026-04-30 10:50:19,22368308
2026-04-30 10:51:09,22365964
2026-04-30 10:52:03,22404388
2026-04-30 10:52:53,22459476
2026-04-30 10:53:44,22466402
2026-04-30 10:54:34,22524876
2026-04-30 10:55:24,22473139
2026-04-30 10:56:15,22532660
2026-04-30 10:57:05,22462262
2026-04-30 10:57:56,22515045
2026-04-30 10:58:46,22485555
2026-04-30 10:59:37,22504268
2026-04-30 11:00:28,22419647
2026-04-30 11:01:18,22407281
2026-04-30 11:02:08,22416172
2026-04-30 11:02:59,22471318
2026-04-30 11:03:49,22494447
2026-04-30 11:04:40,22463468
2026-04-30 11:05:30,22424097
2026-04-30 11:06:21,22407340
2026-04-30 11:07:11,22415815
2026-04-30 11:08:03,22428738
2026-04-30 11:08:54,22468648
2026-04-30 11:09:44,22469647
2026-04-30 11:10:34,22503178
2026-04-30 11:11:25,22535204
2026-04-30 11:12:15,22576211
2026-04-30 11:13:06,22615134
2026-04-30 11:13:56,22616181
2026-04-30 11:14:47,22616231
2026-04-30 11:15:37,22611141
2026-04-30 11:16:27,22619516
2026-04-30 11:17:18,22610045
2026-04-30 11:18:08,22544576
2026-04-30 11:18:59,22520884
2026-04-30 11:19:49,22426391
2026-04-30 11:20:40,22442608
2026-04-30 11:21:30,22442658
2026-04-30 11:22:21,22430782
2026-04-30 11:23:11,22441661
2026-04-30 11:24:03,22434776
2026-04-30 11:24:53,22383079
2026-04-30 11:25:44,22412120
2026-04-30 11:26:34,22368817
2026-04-30 11:27:24,22366821
2026-04-30 11:28:15,22357500
2026-04-30 11:29:05,22307250
2026-04-30 11:29:56,22290934
2026-04-30 11:30:47,22184108
2026-04-30 11:31:37,22172181
2026-04-30 11:32:28,22141104
2026-04-30 11:33:18,22208011
2026-04-30 11:34:09,22223330
2026-04-30 11:34:59,22249028
2026-04-30 11:35:49,22268679
2026-04-30 11:36:40,22269676
2026-04-30 11:37:30,22260245
2026-04-30 11:38:21,22252411
2026-04-30 11:39:11,22195384
2026-04-30 11:40:03,22223378
2026-04-30 11:40:53,22201274
2026-04-30 11:41:43,22214097
2026-04-30 11:42:34,22234398
2026-04-30 11:43:24,22206254
2026-04-30 11:44:14,22180665
2026-04-30 11:45:05,22149138
2026-04-30 11:45:55,22130475
2026-04-30 11:46:46,22090206
2026-04-30 11:47:36,22131076
2026-04-30 11:48:26,22099537
2026-04-30 11:49:17,22090056
2026-04-30 11:50:07,22129030
2026-04-30 11:50:58,22082323
2026-04-30 11:51:48,22090106
2026-04-30 11:52:38,22048325
2026-04-30 11:53:29,22037796
2026-04-30 11:54:19,22044358
2026-04-30 11:55:10,22031533
2026-04-30 11:56:03,22000566
2026-04-30 11:56:54,22018670
2026-04-30 11:57:44,22047701
2026-04-30 11:58:35,22061513
2026-04-30 11:59:25,22139632
2026-04-30 12:00:15,22175126
2026-04-30 12:01:06,22193430
2026-04-30 12:01:56,22251986
2026-04-30 12:02:46,22201821
2026-04-30 12:03:37,22201821
2026-04-30 12:04:27,22214696
2026-04-30 12:05:18,22215643
2026-04-30 12:06:08,22187501
2026-04-30 12:06:59,22172517
2026-04-30 12:07:49,22167841
2026-04-30 12:08:39,22031909
2026-04-30 12:09:30,22075195
2026-04-30 12:10:36,22093409
2026-04-30 12:11:26,22062372
2026-04-30 12:12:17,22032881
2026-04-30 12:13:07,22070805
2026-04-30 12:13:58,22023051
2026-04-30 12:14:48,22012222
2026-04-30 12:15:38,22032492
2026-04-30 12:16:29,22051245
2026-04-30 12:17:19,22004498
2026-04-30 12:18:10,22020666
2026-04-30 12:19:03,22059567
2026-04-30 12:19:54,22040366
2026-04-30 12:20:44,22040864
2026-04-30 12:21:34,22089169
2026-04-30 12:22:25,22098440
2026-04-30 12:23:15,22097441
2026-04-30 12:24:06,22098440
2026-04-30 12:24:56,22112662
2026-04-30 12:25:46,22082622
2026-04-30 12:26:37,22100786
2026-04-30 12:27:27,22073749
2026-04-30 12:28:18,22070396
2026-04-30 12:29:08,22042312
2026-04-30 12:29:59,22063420
2026-04-30 12:30:50,22090056
2026-04-30 12:31:40,22074848
2026-04-30 12:32:30,22134642
2026-04-30 12:33:21,22149738
2026-04-30 12:34:11,22219736
2026-04-30 12:35:03,22264547
2026-04-30 12:35:53,22247772
2026-04-30 12:36:44,22253510
2026-04-30 12:37:34,22237302
2026-04-30 12:38:25,22266435
2026-04-30 12:39:15,22276711
2026-04-30 12:40:05,22283548
2026-04-30 12:40:56,22245724
2026-04-30 12:41:47,22272320
2026-04-30 12:42:37,22302450
2026-04-30 12:43:28,22253618
2026-04-30 12:44:18,22267828
2026-04-30 12:45:09,22294875
2026-04-30 12:45:59,22252571
2026-04-30 12:46:49,22253568
2026-04-30 12:47:40,22264397
2026-04-30 12:48:30,22236303
2026-04-30 12:49:21,22225524
2026-04-30 12:50:14,22226573
2026-04-30 12:51:04,22264038
2026-04-30 12:51:55,22245225
2026-04-30 12:52:45,22273319
2026-04-30 12:53:36,22232499
2026-04-30 12:54:26,22291083
2026-04-30 12:55:16,22252721
2026-04-30 12:56:07,22227936
2026-04-30 12:56:57,22244176
2026-04-30 12:57:48,22233848
2026-04-30 12:58:38,22224577
2026-04-30 12:59:29,22147333
2026-04-30 13:00:19,22205864
2026-04-30 13:01:09,22217640
2026-04-30 13:02:03,22197032
2026-04-30 13:02:53,22188599
2026-04-30 13:03:44,22198029
2026-04-30 13:04:34,22150327
2026-04-30 13:05:24,22157164
2026-04-30 13:06:15,22165544
2026-04-30 13:07:05,22191092
2026-04-30 13:07:56,22191042
2026-04-30 13:08:46,22181613
2026-04-30 13:09:37,22187576
2026-04-30 13:10:28,22201872
2026-04-30 13:11:18,22161953
2026-04-30 13:12:08,22182261
2026-04-30 13:12:59,22116853
2026-04-30 13:13:49,22106425
2026-04-30 13:14:40,22119423
2026-04-30 13:15:30,22070906
2026-04-30 13:16:21,22070856
2026-04-30 13:17:11,22026644
2026-04-30 13:18:03,22001952
2026-04-30 13:18:54,22023160
2026-04-30 13:19:44,22009164
2026-04-30 13:20:35,21934373
2026-04-30 13:21:26,21906104
2026-04-30 13:22:16,21902886
2026-04-30 13:23:07,21845511
2026-04-30 13:23:57,21857412
2026-04-30 13:24:47,21831823
2026-04-30 13:25:38,21897272
2026-04-30 13:26:28,21890061
2026-04-30 13:27:19,21903111
2026-04-30 13:28:09,21837712
2026-04-30 13:29:03,21841869
2026-04-30 13:29:53,21854917
2026-04-30 13:30:44,21826385
2026-04-30 13:31:35,21787512
2026-04-30 13:32:25,21729154
2026-04-30 13:33:15,21717612
2026-04-30 13:34:06,21705388
2026-04-30 13:34:56,21689070
2026-04-30 13:35:47,21712074
2026-04-30 13:36:37,21711077
2026-04-30 13:37:28,21662923
2026-04-30 13:38:18,21685113
2026-04-30 13:39:08,21699301
2026-04-30 13:39:59,21656946
2026-04-30 13:40:50,21650060
2026-04-30 13:41:40,21674799
2026-04-30 13:42:31,21675848
2026-04-30 13:43:21,21731835
2026-04-30 13:44:12,21713198
2026-04-30 13:45:03,21734430
2026-04-30 13:45:54,21753043
2026-04-30 13:46:44,21755488
2026-04-30 13:47:34,21673951
2026-04-30 13:48:25,21692713
2026-04-30 13:49:15,21703541
2026-04-30 13:50:06,21664729
2026-04-30 13:50:57,21658044
2026-04-30 13:51:47,21693413
2026-04-30 13:52:38,21613842
2026-04-30 13:53:28,21673402
2026-04-30 13:54:19,21617324
2026-04-30 13:55:09,21588193
2026-04-30 13:55:59,21557754
2026-04-30 13:56:50,21538103
2026-04-30 13:57:40,21490349
2026-04-30 13:58:31,21500229
2026-04-30 13:59:21,21459820
2026-04-30 14:00:13,21480229
2026-04-30 14:01:04,21561945
2026-04-30 14:01:54,21630797
2026-04-30 14:02:45,21696191
2026-04-30 14:03:35,21674010
2026-04-30 14:04:25,21635696
2026-04-30 14:05:16,21604599
2026-04-30 14:06:06,21528922
2026-04-30 14:06:57,21558352
2026-04-30 14:07:47,21617932
2026-04-30 14:08:38,21734391
2026-04-30 14:09:28,21762924
2026-04-30 14:10:18,21802833
2026-04-30 14:11:09,21865007
2026-04-30 14:11:59,21903388
2026-04-30 14:12:50,21901326
2026-04-30 14:13:40,21875876
2026-04-30 14:14:31,21882763
2026-04-30 14:15:21,21896550
2026-04-30 14:16:12,21847069
2026-04-30 14:17:03,21825637
2026-04-30 14:17:54,21865487
2026-04-30 14:18:44,21788272
2026-04-30 14:19:34,21799091
2026-04-30 14:20:25,21872442
2026-04-30 14:21:16,21962492
2026-04-30 14:22:06,22111713
2026-04-30 14:22:57,22170785
2026-04-30 14:23:47,22086714
2026-04-30 14:24:38,22124039
2026-04-30 14:25:28,22092551
2026-04-30 14:26:19,21942780
2026-04-30 14:27:09,21900517
2026-04-30 14:27:59,21957002
2026-04-30 14:28:50,21983651
2026-04-30 14:29:40,21996514
2026-04-30 14:30:31,22027002
2026-04-30 14:31:22,22008390
2026-04-30 14:32:12,22064368
2026-04-30 14:33:03,22036323
2026-04-30 14:33:53,22086714
2026-04-30 14:34:44,22085715
2026-04-30 14:35:34,22145046
2026-04-30 14:36:24,22160305
2026-04-30 14:37:15,22207012
2026-04-30 14:38:05,22207111
2026-04-30 14:38:56,22207061
2026-04-30 14:39:46,22207012
2026-04-30 14:40:37,22176648
2026-04-30 14:41:28,22133520
2026-04-30 14:42:18,22085824
2026-04-30 14:43:09,22088419
2026-04-30 14:43:59,22028800
2026-04-30 14:44:50,21993430
2026-04-30 14:45:40,21945625
2026-04-30 14:46:30,21943230
2026-04-30 14:47:21,21935397
2026-04-30 14:48:11,21954608
2026-04-30 14:49:03,21949269
2026-04-30 14:49:53,21936444
2026-04-30 14:50:43,21927012
2026-04-30 14:51:34,21908300
2026-04-30 14:52:24,21890646
2026-04-30 14:53:14,21929567
2026-04-30 14:54:05,21886305
2026-04-30 14:54:55,21899028
2026-04-30 14:55:46,21879868
2026-04-30 14:56:36,21887302
2026-04-30 14:57:27,21869937
2026-04-30 14:58:17,21897032
2026-04-30 14:59:08,21900526
2026-04-30 14:59:58,21852272
2026-04-30 15:00:48,21884358
2026-04-30 15:01:39,21802683
2026-04-30 15:02:29,21817478
2026-04-30 15:03:20,21783471
2026-04-30 15:04:10,21777582
2026-04-30 15:05:03,21740156
2026-04-30 15:05:53,21712014
2026-04-30 15:06:44,21700248
2026-04-30 15:07:34,21660337
2026-04-30 15:08:25,21641187
2026-04-30 15:09:15,21691616
2026-04-30 15:10:06,21638033
2026-04-30 15:10:56,21609949
2026-04-30 15:11:46,21609949
2026-04-30 15:12:37,21621725
2026-04-30 15:13:27,21614839
2026-04-30 15:14:18,21615836
2026-04-30 15:15:08,21603062
2026-04-30 15:15:59,21603112
2026-04-30 15:16:49,21568144
2026-04-30 15:17:40,21615886
2026-04-30 15:18:30,21586846
2026-04-30 15:19:20,21619820
2026-04-30 15:20:14,21623312
2026-04-30 15:21:05,21623312
2026-04-30 15:21:55,21623312
2026-04-30 15:22:45,21623312
2026-04-30 15:23:36,21623312
2026-04-30 15:24:26,21623312
2026-04-30 15:25:17,21623312
2026-04-30 15:26:07,21623312
2026-04-30 15:26:58,21623312
2026-04-30 15:27:48,21623312
2026-04-30 15:28:39,21623312
2026-04-30 15:29:29,21623312
2026-04-30 15:30:20,21518691
2026-04-30 15:31:10,21518691
2026-04-30 15:32:03,21518691
2026-04-30 15:32:53,21518691
2026-04-30 15:33:44,21518691
2026-04-30 15:34:34,21518691
2026-04-30 15:35:25,21518691
2026-04-30 15:36:15,21518691
2026-04-30 15:37:06,21518691
2026-04-30 15:37:56,21518691
2026-04-30 15:38:46,21518691
2026-04-30 15:39:37,21518691
2026-04-30 15:40:27,21539339
2026-04-30 15:41:17,21539339
2026-04-30 15:42:08,21558002
2026-04-30 15:42:59,21557005
2026-04-30 15:43:49,21575668
2026-04-30 15:44:39,21575668
2026-04-30 15:45:30,21593321
2026-04-30 15:46:20,21593321
2026-04-30 15:47:11,21611984
2026-04-30 15:48:03,21612983
2026-04-30 15:48:54,21611984
2026-04-30 15:49:44,21630646
2026-04-30 15:50:35,21611984
2026-04-30 15:51:25,21612983
2026-04-30 15:52:15,21613980
2026-04-30 15:53:06,21614979
2026-04-30 15:53:56,21614979
2026-04-30 15:54:47,21615976
2026-04-30 15:55:37,21596316
2026-04-30 15:56:28,21615976
2026-04-30 15:57:18,21615976
2026-04-30 15:58:09,21614979
2026-04-30 15:58:59,21614979
2026-04-30 15:59:49,21633641
2026-04-30 16:00:40,21614979
2026-04-30 16:01:30,21633641
2026-04-30 16:02:20,21633641
2026-04-30 16:03:11,21633641
2026-04-30 16:04:03,21653301
2026-04-30 16:04:54,21653301
2026-04-30 16:05:44,21634638
2026-04-30 16:06:35,21653301
2026-04-30 16:07:25,21653301
2026-04-30 16:08:15,21653301
2026-04-30 16:09:06,21633641
2026-04-30 16:09:56,21634638
2026-04-30 16:10:46,21652304
2026-04-30 16:11:37,21653301
2026-04-30 16:12:27,21653301
2026-04-30 16:13:18,21634638
2026-04-30 16:14:08,21653301
2026-04-30 16:14:59,21653301
2026-04-30 16:15:49,21635637
2026-04-30 16:16:40,21654300
2026-04-30 16:17:30,21654300
2026-04-30 16:18:20,21654300
2026-04-30 16:19:11,21654300
2026-04-30 16:20:03,21635637
2026-04-30 16:20:54,21654300
2026-04-30 16:21:45,21654300
2026-04-30 16:22:35,21654300
2026-04-30 16:23:26,21654300
2026-04-30 16:24:16,21654300
2026-04-30 16:25:07,21654300
2026-04-30 16:25:57,21636634
2026-04-30 16:26:47,21655297
2026-04-30 16:27:38,21654300
2026-04-30 16:28:28,21655297
2026-04-30 16:29:19,21654300
2026-04-30 16:30:09,21635637
2026-04-30 16:30:59,21636634
2026-04-30 16:31:50,21636634
2026-04-30 16:32:40,21637633
2026-04-30 16:33:31,21618971
2026-04-30 16:34:21,21618971
2026-04-30 16:35:12,21636634
2026-04-30 16:36:03,21618971
2026-04-30 16:36:54,21637633
2026-04-30 16:37:44,21637633
2026-04-30 16:38:34,21617972
2026-04-30 16:39:25,21637633
2026-04-30 16:40:15,21618971
2026-04-30 16:41:05,21637633
2026-04-30 16:41:56,21637633
2026-04-30 16:42:46,21638630
2026-04-30 16:43:37,21638630
2026-04-30 16:44:27,21638630
2026-04-30 16:45:17,21637633
2026-04-30 16:46:08,21637633
2026-04-30 16:46:58,21619968
2026-04-30 16:47:49,21618971
2026-04-30 16:48:39,21619968
2026-04-30 16:49:30,21637633
2026-04-30 16:50:20,21638630
2026-04-30 16:51:10,21638630
2026-04-30 16:52:03,21619968
2026-04-30 16:52:53,21638630
2026-04-30 16:53:44,21636634
2026-04-30 16:54:34,21637633
2026-04-30 16:55:25,21636634
2026-04-30 16:56:15,21618971
2026-04-30 16:57:05,21637633
2026-04-30 16:57:56,21637633
2026-04-30 16:58:46,21636634
2026-04-30 16:59:37,21637633
2026-04-30 17:00:27,21637633
2026-04-30 17:01:17,21637633
2026-04-30 17:02:08,21619968
2026-04-30 17:02:58,21637633
2026-04-30 17:03:49,21618971
2026-04-30 17:04:39,21618971
2026-04-30 17:05:30,21637633
2026-04-30 17:06:20,21638630
2026-04-30 17:07:10,21638630
2026-04-30 17:08:03,21619968
2026-04-30 17:08:53,21639629
2026-04-30 17:09:44,21640626
2026-04-30 17:10:34,21640626
2026-04-30 17:11:24,21640626
2026-04-30 17:12:15,21639629
2026-04-30 17:13:05,21639629
2026-04-30 17:13:56,21639629
2026-04-30 17:14:46,21638630
2026-04-30 17:15:36,21639629
2026-04-30 17:16:27,21619968
2026-04-30 17:17:17,21619968
2026-04-30 17:18:08,21618971
2026-04-30 17:18:58,21618971
2026-04-30 17:19:49,21638630
2026-04-30 17:20:39,21637633
2026-04-30 17:21:29,21637633
2026-04-30 17:22:20,21618971
2026-04-30 17:23:10,21618971
2026-04-30 17:24:03,21638630
2026-04-30 17:24:53,21637633
2026-04-30 17:25:43,21637633
2026-04-30 17:26:34,21637633
2026-04-30 17:27:24,21637633
2026-04-30 17:28:15,21619968
2026-04-30 17:29:05,21638630
2026-04-30 17:29:56,21637633
2026-04-30 17:30:46,21618971
2026-04-30 17:31:36,21619968
2026-04-30 17:32:27,21618971
2026-04-30 17:33:17,21619968
2026-04-30 17:34:08,21619968
2026-04-30 17:34:58,21620967
2026-04-30 17:35:49,21619968
2026-04-30 17:36:39,21620967
2026-04-30 17:37:30,21602304
2026-04-30 17:38:20,21620967
2026-04-30 17:39:11,21620967
2026-04-30 17:40:03,21619968
2026-04-30 17:40:53,21620967
2026-04-30 17:41:44,21602304
2026-04-30 17:42:34,21620967
2026-04-30 17:43:25,21601305
2026-04-30 17:44:15,21582653
2026-04-30 17:45:05,21583652
2026-04-30 17:45:56,21582653
2026-04-30 17:46:46,21582653
2026-04-30 17:47:37,21564989
2026-04-30 17:48:27,21564989
2026-04-30 17:49:18,21582653
2026-04-30 17:50:08,21582653
2026-04-30 17:50:58,21562993
2026-04-30 17:51:48,21562993
2026-04-30 17:52:39,21581656
2026-04-30 17:53:29,21582653
2026-04-30 17:54:20,21563990
2026-04-30 17:55:10,21562993
2026-04-30 17:56:03,21582653
2026-04-30 17:56:53,21563990
2026-04-30 17:57:44,21582653
2026-04-30 17:58:34,21581656
2026-04-30 17:59:24,21601305
2026-04-30 18:00:15,21582653
2026-04-30 18:01:06,21581656
2026-04-30 18:01:56,21583933
2026-04-30 18:02:47,21583933
2026-04-30 18:03:37,21583933
2026-04-30 18:04:28,21582435
2026-04-30 18:05:18,21583933
2026-04-30 18:06:09,21583933
2026-04-30 18:06:59,21584930
2026-04-30 18:07:50,21582435
2026-04-30 18:08:40,21580939
2026-04-30 18:09:31,21580939
2026-04-30 18:10:21,21582435
2026-04-30 18:11:11,21583434
2026-04-30 18:12:04,21582435
2026-04-30 18:12:54,21582435
2026-04-30 18:13:44,21581438
2026-04-30 18:14:35,21581438
2026-04-30 18:15:25,21584930
2026-04-30 18:16:16,21584930
2026-04-30 18:17:06,21581438
2026-04-30 18:17:57,21582435
2026-04-30 18:18:47,21582435
2026-04-30 18:19:38,21581438
2026-04-30 18:20:28,21584930
2026-04-30 18:21:19,21584930
2026-04-30 18:22:09,21581438
2026-04-30 18:22:59,21584930
2026-04-30 18:23:50,21583933
2026-04-30 18:24:40,21584930
2026-04-30 18:25:31,21584930
2026-04-30 18:26:21,21582435
2026-04-30 18:27:12,21582435
2026-04-30 18:28:03,21584930
2026-04-30 18:28:54,21584930
2026-04-30 18:29:44,21582435
2026-04-30 18:30:35,21582435
2026-04-30 18:31:26,21584930
2026-04-30 18:32:16,21585929
2026-04-30 18:33:07,21586926
2026-04-30 18:33:57,21585929
2026-04-30 18:34:48,21586926
2026-04-30 18:35:38,21586926
2026-04-30 18:36:29,21584431
2026-04-30 18:37:19,21586926
2026-04-30 18:38:10,21587925
2026-04-30 18:39:03,21584431
2026-04-30 18:39:54,21587925
2026-04-30 18:40:44,21586926
2026-04-30 18:41:34,21587925
2026-04-30 18:42:25,21587925
2026-04-30 18:43:15,21587925
2026-04-30 18:44:06,21587925
2026-04-30 18:44:56,21586926
2026-04-30 18:45:47,21588424
2026-04-30 18:46:37,21588424
2026-04-30 18:47:28,21588424
2026-04-30 18:48:18,21584930
2026-04-30 18:49:09,21587425
2026-04-30 18:49:59,21588424
2026-04-30 18:50:49,21585929
2026-04-30 18:51:40,21587425
2026-04-30 18:52:30,21588424
2026-04-30 18:53:21,21590919
2026-04-30 18:54:11,21588424
2026-04-30 18:55:03,21588424
2026-04-30 18:55:53,21589421
2026-04-30 18:56:44,21588424
2026-04-30 18:57:34,21588424
2026-04-30 18:58:25,21588424
2026-04-30 18:59:15,21589421
2026-04-30 19:00:06,21588424
2026-04-30 19:00:56,21588424
2026-04-30 19:01:47,21589421
2026-04-30 19:02:37,21588424
2026-04-30 19:03:28,21588424
2026-04-30 19:04:18,21588424
2026-04-30 19:05:09,21590919
2026-04-30 19:05:59,21588424
2026-04-30 19:06:50,21590919
2026-04-30 19:07:41,21590919
2026-04-30 19:08:31,21590919
2026-04-30 19:09:22,21590919
2026-04-30 19:10:13,21590919
2026-04-30 19:11:04,21590919
2026-04-30 19:11:55,21590919
2026-04-30 19:12:45,21592415
2026-04-30 19:13:36,21589920
2026-04-30 19:14:26,21592415
2026-04-30 19:15:17,21593414
2026-04-30 19:16:07,21593414
2026-04-30 19:16:58,21595909
2026-04-30 19:17:48,21595909
2026-04-30 19:18:39,21594910
2026-04-30 19:19:29,21594910
2026-04-30 19:20:19,21595909
2026-04-30 19:21:10,21595909
2026-04-30 19:22:03,21595909
2026-04-30 19:22:54,21595909
2026-04-30 19:23:44,21595909
2026-04-30 19:24:35,21598404
2026-04-30 19:25:25,21599401
2026-04-30 19:26:16,21595909
2026-04-30 19:27:06,21599401
2026-04-30 19:27:57,21595909
2026-04-30 19:28:47,21596906
2026-04-30 19:29:38,21598404
2026-04-30 19:30:28,21596906
2026-04-30 19:31:18,21599401
2026-04-30 19:32:09,21599401
2026-04-30 19:32:59,21599401
2026-04-30 19:33:50,21598404
2026-04-30 19:34:40,21599401
2026-04-30 19:35:31,21599401
2026-04-30 19:36:21,21598404
2026-04-30 19:37:12,21598404
2026-04-30 19:38:03,21598404
2026-04-30 19:38:54,21598404
2026-04-30 19:39:44,21599401
2026-04-30 19:40:34,21599401
2026-04-30 19:41:25,21598404
2026-04-30 19:42:15,21598404
2026-04-30 19:43:06,21594910
2026-04-30 19:43:56,21593913
2026-04-30 19:44:47,21593913
2026-04-30 19:45:37,21592415
2026-04-30 19:46:28,21594910
2026-04-30 19:47:18,21593913
2026-04-30 19:48:09,21591418
2026-04-30 19:48:59,21591418
2026-04-30 19:49:50,21589920
2026-04-30 19:50:40,21589920
2026-04-30 19:51:31,21586428
2026-04-30 19:52:21,21583933
2026-04-30 19:53:12,21584930
2026-04-30 19:54:03,21587425
2026-04-30 19:54:54,21584930
2026-04-30 19:55:44,21584930
2026-04-30 19:56:35,21585929
2026-04-30 19:57:25,21584930
2026-04-30 19:58:16,21584930
2026-04-30 19:59:06,21584930
2026-04-30 19:59:57,21589920
2026-05-01 08:00:03,21589920
2026-05-01 08:00:54,21589920
2026-05-01 08:01:45,21589920
2026-05-01 08:02:35,21589920
2026-05-01 08:03:26,21589920
2026-05-01 08:04:16,21589920
2026-05-01 08:05:07,21589920
2026-05-01 08:05:57,21589920
2026-05-01 08:06:48,21589920
2026-05-01 08:07:39,21589920
2026-05-01 08:08:29,21589920
2026-05-01 08:09:20,21589920
2026-05-01 08:10:10,21589920
2026-05-01 08:11:03,21589920
2026-05-01 08:11:53,21589920
2026-05-01 08:12:44,21589920
2026-05-01 08:13:35,21589920
2026-05-01 08:14:25,21589920
2026-05-01 08:15:16,21589920
2026-05-01 08:16:06,21589920
2026-05-01 08:16:57,21589920
2026-05-01 08:17:47,21589920
2026-05-01 08:18:38,21589920
2026-05-01 08:19:28,21589920
2026-05-01 08:20:19,21589920
2026-05-01 08:21:10,21589920
2026-05-01 08:22:03,21589920
2026-05-01 08:22:54,21589920
2026-05-01 08:23:44,21589920
2026-05-01 08:24:35,21589920
2026-05-01 08:25:25,21589920
2026-05-01 08:26:16,21589920
2026-05-01 08:27:07,21589920
2026-05-01 08:27:57,21589920
2026-05-01 08:28:48,21589920
2026-05-01 08:29:38,21589920
2026-05-01 08:30:29,21589920
2026-05-01 08:31:19,21589920
2026-05-01 08:32:10,21589920
2026-05-01 08:33:03,21589920
2026-05-01 08:33:54,21589920
2026-05-01 08:34:44,21589920
2026-05-01 08:35:35,21589920
2026-05-01 08:36:26,21589920
2026-05-01 08:37:16,21589920
2026-05-01 08:38:07,21589920
2026-05-01 08:38:57,21589920
2026-05-01 08:39:48,21589920
2026-05-01 08:40:38,21589920
2026-05-01 08:41:29,21589920
2026-05-01 08:42:19,21589920
2026-05-01 08:43:10,21589920
2026-05-01 08:44:03,21589920
2026-05-01 08:44:53,21589920
2026-05-01 08:45:44,21589920
2026-05-01 08:46:34,21589920
2026-05-01 08:47:25,21589920
2026-05-01 08:48:15,21589920
2026-05-01 08:49:06,21589920
2026-05-01 08:49:56,21589920
2026-05-01 09:01:45,21566966
2026-05-01 09:02:35,21566966
2026-05-01 09:03:26,21566966
2026-05-01 09:04:16,21566966
2026-05-01 09:05:06,21566966
2026-05-01 09:05:57,21566966
2026-05-01 09:06:47,21566966
2026-05-01 09:07:38,21566966
2026-05-01 09:08:28,21566966
2026-05-01 09:09:19,21566966
2026-05-01 09:10:09,21566966
2026-05-01 09:11:03,21566966
2026-05-01 09:11:53,21566966
2026-05-01 09:12:44,21566966
2026-05-01 09:13:34,21566966
2026-05-01 09:14:25,21566966
2026-05-01 09:15:15,21566966
2026-05-01 09:16:05,21566966
2026-05-01 09:16:56,21566966
2026-05-01 09:17:46,21566966
2026-05-01 09:18:37,21566966
2026-05-01 09:19:27,21566966
2026-05-01 09:20:18,21566966
2026-05-01 09:21:08,21566966
2026-05-01 09:21:59,21566966
2026-05-01 09:22:49,21566966
2026-05-01 09:23:39,21566966
2026-05-01 09:24:30,21566966
2026-05-01 09:25:20,21566966
2026-05-01 09:26:11,21566966
2026-05-01 09:27:03,21566966
2026-05-01 09:27:54,21566966
2026-05-01 09:28:44,21566966
2026-05-01 09:29:34,21566966
2026-05-01 09:30:25,21566966
2026-05-01 09:31:16,21566966
2026-05-01 09:32:06,21566966
2026-05-01 09:32:56,21566966
2026-05-01 09:33:47,21566966
2026-05-01 09:34:37,21566966
2026-05-01 09:35:28,21566966
2026-05-01 09:36:18,21566966
2026-05-01 09:37:09,21566966
2026-05-01 09:37:59,21566966
2026-05-01 09:38:50,21566966
2026-05-01 09:39:40,21566966
2026-05-01 09:40:31,21566966
2026-05-01 09:41:21,21566966
2026-05-01 09:42:12,21566966
2026-05-01 09:43:03,21566966
2026-05-01 09:43:54,21566966
2026-05-01 09:44:44,21566966
2026-05-01 09:45:34,21566966
2026-05-01 09:46:25,21566966
2026-05-01 09:47:15,21566966
2026-05-01 09:48:06,21566966
2026-05-01 09:48:56,21566966
2026-05-01 09:49:46,21566966
2026-05-01 09:50:37,21566966
2026-05-01 09:51:27,21566966
2026-05-01 09:52:18,21566966
2026-05-01 09:53:08,21566966
2026-05-01 09:53:59,21566966
2026-05-01 09:54:49,21566966
2026-05-01 09:55:40,21566966
2026-05-01 09:56:30,21566966
2026-05-01 09:57:20,21566966
2026-05-01 09:58:11,21566966
2026-05-01 09:59:03,21566966
2026-05-01 09:59:54,21566966
2026-05-01 10:00:44,21566966
2026-05-01 10:01:35,21566966
2026-05-01 10:02:25,21566966
2026-05-01 10:03:15,21566966
2026-05-01 10:04:06,21566966
2026-05-01 10:04:56,21566966
2026-05-01 10:05:47,21566966
2026-05-01 10:06:37,21566966
2026-05-01 10:07:28,21566966
2026-05-01 10:08:18,21566966
2026-05-01 10:09:08,21566966
2026-05-01 10:09:59,21566966
2026-05-01 10:10:49,21566966
2026-05-01 10:11:40,21566966
2026-05-01 10:12:30,21566966
2026-05-01 10:13:21,21566966
2026-05-01 10:14:11,21566966
2026-05-01 10:15:03,21566966
2026-05-01 10:15:53,21566966
2026-05-01 10:16:43,21566966
2026-05-01 10:17:34,21566966
2026-05-01 10:18:24,21566966
2026-05-01 10:19:14,21566966
2026-05-01 10:20:05,21566966
2026-05-01 10:20:56,21566966
2026-05-01 10:21:46,21566966
2026-05-01 10:22:36,21566966
2026-05-01 10:23:27,21566966
2026-05-01 10:24:17,21566966
2026-05-01 10:25:08,21566966
2026-05-01 10:25:58,21566966
2026-05-01 10:26:49,21566966
2026-05-01 10:27:39,21566966
2026-05-01 10:28:30,21566966
2026-05-01 10:29:20,21566966
2026-05-01 10:30:10,21566966
2026-05-01 10:31:03,21566966
2026-05-01 10:31:53,21566966
2026-05-01 10:32:44,21566966
2026-05-01 10:33:34,21566966
2026-05-01 10:34:25,21566966
2026-05-01 10:35:15,21566966
2026-05-01 10:36:06,21566966
2026-05-01 10:36:56,21566966
2026-05-01 10:37:46,21566966
2026-05-01 10:38:37,21566966
2026-05-01 10:39:27,21566966
2026-05-01 10:40:18,21566966
2026-05-01 10:41:08,21566966
2026-05-01 10:41:59,21566966
2026-05-01 10:42:49,21566966
2026-05-01 10:43:40,21566966
2026-05-01 10:44:30,21566966
2026-05-01 10:45:20,21566966
2026-05-01 10:46:11,21566966
2026-05-01 10:47:03,21566966
2026-05-01 10:47:54,21566966
2026-05-01 10:48:44,21566966
2026-05-01 10:49:35,21566966
2026-05-01 10:50:25,21566966
2026-05-01 10:51:16,21566966
2026-05-01 10:52:06,21566966
2026-05-01 10:52:57,21566966
2026-05-01 10:53:47,21566966
2026-05-01 10:54:38,21566966
2026-05-01 10:55:28,21566966
2026-05-01 10:56:18,21566966
2026-05-01 10:57:09,21566966
2026-05-01 10:57:59,21566966
2026-05-01 10:58:50,21566966
2026-05-01 10:59:40,21566966
2026-05-01 11:00:31,21566966
2026-05-01 11:01:21,21566966
2026-05-01 11:02:12,21566966
2026-05-01 11:03:03,21566966
2026-05-01 11:03:54,21566966
2026-05-01 11:04:44,21566966
2026-05-01 11:05:34,21566966
2026-05-01 11:06:25,21566966
2026-05-01 11:07:15,21566966
2026-05-01 11:08:06,21566966
2026-05-01 11:08:56,21566966
2026-05-01 11:09:46,21566966
2026-05-01 11:10:37,21566966
2026-05-01 11:11:27,21566966
2026-05-01 11:12:18,21566966
2026-05-01 11:13:08,21566966
2026-05-01 11:13:59,21566966
2026-05-01 11:14:49,21566966
2026-05-01 11:15:39,21566966
2026-05-01 11:16:30,21566966
2026-05-01 11:17:20,21566966
2026-05-01 11:18:11,21566966
2026-05-01 11:19:03,21566966
2026-05-01 11:19:53,21566966
2026-05-01 11:20:44,21566966
2026-05-01 11:21:35,21566966
2026-05-01 11:22:25,21566966
2026-05-01 11:23:15,21566966
2026-05-01 11:24:06,21566966
2026-05-01 11:24:56,21566966
2026-05-01 11:25:47,21566966
2026-05-01 11:26:37,21566966
2026-05-01 11:27:28,21566966
2026-05-01 11:28:18,21566966
2026-05-01 11:29:09,21566966
2026-05-01 11:29:59,21566966
2026-05-01 11:30:50,21566966
2026-05-01 11:31:40,21566966
2026-05-01 11:32:30,21566966
2026-05-01 11:33:21,21566966
2026-05-01 11:34:11,21566966
2026-05-01 11:35:03,21566966
2026-05-01 11:35:53,21566966
2026-05-01 11:36:44,21566966
2026-05-01 11:37:34,21566966
2026-05-01 11:38:25,21566966
2026-05-01 11:39:15,21566966
2026-05-01 11:40:06,21566966
2026-05-01 11:40:56,21566966
2026-05-01 11:41:47,21566966
2026-05-01 11:42:37,21566966
2026-05-01 11:43:28,21566966
2026-05-01 11:44:18,21566966
2026-05-01 11:45:08,21566966
2026-05-01 11:45:59,21566966
2026-05-01 11:46:49,21566966
2026-05-01 11:47:40,21566966
2026-05-01 11:48:30,21566966
2026-05-01 11:49:21,21566966
2026-05-01 11:50:13,21566966
2026-05-01 11:51:04,21566966
2026-05-01 11:51:54,21566966
2026-05-01 11:52:45,21566966
2026-05-01 11:53:35,21566966
2026-05-01 11:54:26,21566966
2026-05-01 11:55:16,21566966
2026-05-01 11:56:07,21566966
2026-05-01 11:56:57,21566966
2026-05-01 11:57:47,21566966
2026-05-01 11:58:38,21566966
2026-05-01 11:59:28,21566966
2026-05-01 12:00:18,21566966
2026-05-01 12:01:09,21566966
2026-05-01 12:01:59,21566966
2026-05-01 12:02:50,21566966
2026-05-01 12:03:40,21566966
2026-05-01 12:04:30,21566966
2026-05-01 12:05:21,21566966
2026-05-01 12:06:11,21566966
2026-05-01 12:07:03,21566966
2026-05-01 12:07:53,21566966
2026-05-01 12:08:44,21566966
2026-05-01 12:09:34,21566966
2026-05-01 12:10:25,21566966
2026-05-01 12:11:15,21566966
2026-05-01 12:12:06,21566966
2026-05-01 12:12:56,21566966
2026-05-01 12:13:46,21566966
2026-05-01 12:14:37,21566966
2026-05-01 12:15:27,21566966
2026-05-01 12:16:18,21566966
2026-05-01 12:17:08,21566966
2026-05-01 12:17:58,21566966
2026-05-01 12:18:49,21566966
2026-05-01 12:19:39,21566966
2026-05-01 12:20:30,21566966
2026-05-01 12:21:20,21566966
2026-05-01 12:22:11,21566966
2026-05-01 12:23:03,21566966
2026-05-01 12:23:54,21566966
2026-05-01 12:24:44,21566966
2026-05-01 12:25:34,21566966
2026-05-01 12:26:25,21566966
2026-05-01 12:27:15,21566966
2026-05-01 12:28:06,21566966
2026-05-01 12:28:56,21566966
2026-05-01 12:29:47,21566966
2026-05-01 12:30:37,21566966
2026-05-01 12:31:28,21566966
2026-05-01 12:32:18,21566966
2026-05-01 12:33:08,21566966
2026-05-01 12:33:59,21566966
2026-05-01 12:34:49,21566966
2026-05-01 12:35:40,21566966
2026-05-01 12:36:30,21566966
2026-05-01 12:37:20,21566966
2026-05-01 12:38:11,21566966
2026-05-01 12:39:03,21566966
2026-05-01 12:39:54,21566966
2026-05-01 12:40:44,21566966
2026-05-01 12:41:35,21566966
2026-05-01 12:42:25,21566966
2026-05-01 12:43:15,21566966
2026-05-01 12:44:06,21566966
2026-05-01 12:44:56,21566966
2026-05-01 12:45:47,21566966
2026-05-01 12:46:37,21566966
2026-05-01 12:47:27,21566966
2026-05-01 12:48:18,21566966
2026-05-01 12:49:08,21566966
2026-05-01 12:49:59,21566966
2026-05-01 12:50:49,21566966
2026-05-01 12:51:40,21566966
2026-05-01 12:52:30,21566966
2026-05-01 12:53:21,21566966
2026-05-01 12:54:11,21566966
2026-05-01 12:55:03,21566966
2026-05-01 12:55:53,21566966
2026-05-01 12:56:44,21566966
2026-05-01 12:57:34,21566966
2026-05-01 12:58:25,21566966
2026-05-01 12:59:15,21566966
2026-05-01 13:00:05,21566966
2026-05-01 13:00:56,21566966
2026-05-01 13:01:46,21566966
2026-05-01 13:02:37,21566966
2026-05-01 13:03:27,21566966
2026-05-01 13:04:18,21566966
2026-05-01 13:05:08,21566966
2026-05-01 13:05:58,21566966
2026-05-01 13:06:49,21566966
2026-05-01 13:07:39,21566966
2026-05-01 13:08:30,21566966
2026-05-01 13:09:20,21566966
2026-05-01 13:10:13,21566966
2026-05-01 13:11:03,21566966
2026-05-01 13:11:54,21566966
2026-05-01 13:12:44,21566966
2026-05-01 13:13:35,21566966
2026-05-01 13:14:25,21566966
2026-05-01 13:15:15,21566966
2026-05-01 13:16:06,21566966
2026-05-01 13:16:56,21566966
2026-05-01 13:17:47,21566966
2026-05-01 13:18:37,21566966
2026-05-01 13:19:28,21566966
2026-05-01 13:20:18,21566966
2026-05-01 13:21:08,21566966
2026-05-01 13:21:59,21566966
2026-05-01 13:22:49,21566966
2026-05-01 13:23:40,21566966
2026-05-01 13:24:30,21566966
2026-05-01 13:25:20,21566966
2026-05-01 13:26:11,21566966
2026-05-01 13:27:03,21566966
2026-05-01 13:27:54,21566966
2026-05-01 13:28:44,21566966
2026-05-01 13:29:35,21566966
2026-05-01 13:30:25,21566966
2026-05-01 13:31:16,21566966
2026-05-01 13:32:06,21566966
2026-05-01 13:32:56,21566966
2026-05-01 13:33:47,21566966
2026-05-01 13:34:37,21566966
2026-05-01 13:35:28,21566966
2026-05-01 13:36:18,21566966
2026-05-01 13:37:09,21566966
2026-05-01 13:37:59,21566966
2026-05-01 13:38:49,21566966
2026-05-01 13:39:40,21566966
2026-05-01 13:40:31,21566966
2026-05-01 13:41:21,21566966
2026-05-01 13:42:12,21566966
2026-05-01 13:43:03,21566966
2026-05-01 13:43:53,21566966
2026-05-01 13:44:44,21566966
2026-05-01 13:45:34,21566966
2026-05-01 13:46:25,21566966
2026-05-01 13:47:15,21566966
2026-05-01 13:48:05,21566966
2026-05-01 13:48:56,21566966
2026-05-01 13:49:46,21566966
2026-05-01 13:50:37,21566966
2026-05-01 13:51:27,21566966
2026-05-01 13:52:18,21566966
2026-05-01 13:53:08,21566966
2026-05-01 13:53:58,21566966
2026-05-01 13:54:49,21566966
2026-05-01 13:55:39,21566966
2026-05-01 13:56:30,21566966
2026-05-01 13:57:20,21566966
2026-05-01 13:58:11,21566966
2026-05-01 13:59:03,21566966
2026-05-01 13:59:53,21566966
2026-05-01 14:00:44,21566966
2026-05-01 14:01:35,21566966
2026-05-01 14:02:25,21566966
2026-05-01 14:03:15,21566966
2026-05-01 14:04:06,21566966
2026-05-01 14:04:56,21566966
2026-05-01 14:05:47,21566966
2026-05-01 14:06:37,21566966
2026-05-01 14:07:28,21566966
2026-05-01 14:08:18,21566966
2026-05-01 14:09:09,21566966
2026-05-01 14:09:59,21566966
2026-05-01 14:10:50,21566966
2026-05-01 14:11:40,21566966
2026-05-01 14:12:31,21566966
2026-05-01 14:13:21,21566966
2026-05-01 14:14:11,21566966
2026-05-01 14:15:03,21566966
2026-05-01 14:15:53,21566966
2026-05-01 14:16:44,21566966
2026-05-01 14:17:34,21566966
2026-05-01 14:18:25,21566966
2026-05-01 14:19:15,21566966
2026-05-01 14:20:06,21566966
2026-05-01 14:20:56,21566966
2026-05-01 14:21:47,21566966
2026-05-01 14:22:37,21566966
2026-05-01 14:23:27,21566966
2026-05-01 14:24:18,21566966
2026-05-01 14:25:08,21566966
2026-05-01 14:25:59,21566966
2026-05-01 14:26:49,21566966
2026-05-01 14:27:39,21566966
2026-05-01 14:28:30,21566966
2026-05-01 14:29:20,21566966
2026-05-01 14:30:10,21566966
2026-05-01 14:31:03,21566966
2026-05-01 14:31:53,21566966
2026-05-01 14:32:44,21566966
2026-05-01 14:33:34,21566966
2026-05-01 14:34:25,21566966
2026-05-01 14:35:15,21566966
2026-05-01 14:36:05,21566966
2026-05-01 14:36:56,21566966
2026-05-01 14:37:46,21566966
2026-05-01 14:38:37,21566966
2026-05-01 14:39:27,21566966
2026-05-01 14:40:18,21566966
2026-05-01 14:41:08,21566966
2026-05-01 14:41:59,21566966
2026-05-01 14:42:49,21566966
2026-05-01 14:43:40,21566966
2026-05-01 14:44:30,21566966
2026-05-01 14:45:21,21566966
2026-05-01 14:46:11,21566966
2026-05-01 14:47:03,21566966
2026-05-01 14:47:54,21566966
2026-05-01 14:48:44,21566966
2026-05-01 14:49:35,21566966
2026-05-01 14:50:25,21566966
2026-05-01 14:51:16,21566966
2026-05-01 14:52:06,21566966
2026-05-01 14:52:57,21566966
2026-05-01 14:53:47,21566966
2026-05-01 14:54:37,21566966
2026-05-01 14:55:28,21566966
2026-05-01 14:56:18,21566966
2026-05-01 14:57:09,21566966
2026-05-01 14:57:59,21566966
2026-05-01 14:58:49,21566966
2026-05-01 14:59:40,21566966
2026-05-01 15:00:31,21566966
2026-05-01 15:01:21,21566966
2026-05-01 15:02:11,21566966
2026-05-01 15:03:03,21566966
2026-05-01 15:03:53,21566966
2026-05-01 15:04:44,21566966
2026-05-01 15:05:34,21566966
2026-05-01 15:06:24,21566966
2026-05-01 15:07:15,21566966
2026-05-01 15:08:05,21566966
2026-05-01 15:08:56,21566966
2026-05-01 15:09:46,21566966
2026-05-01 15:10:37,21566966
2026-05-01 15:11:27,21566966
2026-05-01 15:12:17,21566966
2026-05-01 15:13:08,21566966
2026-05-01 15:13:58,21566966
2026-05-01 15:14:48,21566966
2026-05-01 15:15:39,21566966
2026-05-01 15:16:29,21566966
2026-05-01 15:17:20,21566966
2026-05-01 15:18:10,21566966
2026-05-01 15:19:03,21566966
2026-05-01 15:19:53,21566966
2026-05-01 15:20:44,21566966
2026-05-01 15:21:35,21566966
2026-05-01 15:22:25,21566966
2026-05-01 15:23:16,21566966
2026-05-01 15:24:06,21566966
2026-05-01 15:24:57,21566966
2026-05-01 15:25:47,21566966
2026-05-01 15:26:37,21566966
2026-05-01 15:27:28,21566966
2026-05-01 15:28:18,21566966
2026-05-01 15:29:09,21566966
2026-05-01 15:29:59,21566966
2026-05-01 15:30:50,21566966
2026-05-01 15:31:40,21566966
2026-05-01 15:32:31,21566966
2026-05-01 15:33:21,21566966
2026-05-01 15:34:11,21566966
2026-05-01 15:35:03,21566966
2026-05-01 15:35:53,21566966
2026-05-01 15:36:44,21566966
2026-05-01 15:37:34,21566966
2026-05-01 15:38:25,21566966
2026-05-01 15:39:15,21566966
2026-05-01 15:40:05,21589920
2026-05-01 15:40:56,21589920
2026-05-01 15:41:47,21589920
2026-05-01 15:42:37,21589920
2026-05-01 15:43:28,21589920
2026-05-01 15:44:18,21589920
2026-05-01 15:45:09,21589920
2026-05-01 15:45:59,21589920
2026-05-01 15:46:49,21589920
2026-05-01 15:47:40,21589920
2026-05-01 15:48:30,21589920
2026-05-01 15:49:21,21589920
2026-05-01 15:50:13,21589920
2026-05-01 15:51:03,21589920
2026-05-01 15:51:54,21589920
2026-05-01 15:52:44,21589920
2026-05-01 15:53:35,21589920
2026-05-01 15:54:25,21589920
2026-05-01 15:55:16,21589920
2026-05-01 15:56:06,21589920
2026-05-01 15:56:56,21589920
2026-05-01 15:57:47,21589920
2026-05-01 15:58:37,21589920
2026-05-01 15:59:28,21589920
2026-05-01 16:00:18,21589920
2026-05-01 16:01:09,21589920
2026-05-01 16:01:59,21589920
2026-05-01 16:02:50,21589920
2026-05-01 16:03:40,21589920
2026-05-01 16:04:30,21589920
2026-05-01 16:05:21,21589920
2026-05-01 16:06:11,21589920
2026-05-01 16:07:03,21589920
2026-05-01 16:07:53,21589920
2026-05-01 16:08:44,21589920
2026-05-01 16:09:34,21589920
2026-05-01 16:10:25,21589920
2026-05-01 16:11:15,21589920
2026-05-01 16:12:06,21589920
2026-05-01 16:12:56,21589920
2026-05-01 16:13:47,21589920
2026-05-01 16:14:37,21589920
2026-05-01 16:15:28,21589920
2026-05-01 16:16:18,21589920
2026-05-01 16:17:08,21589920
2026-05-01 16:17:59,21589920
2026-05-01 16:18:49,21589920
2026-05-01 16:19:40,21589920
2026-05-01 16:20:30,21589920
2026-05-01 16:21:21,21589920
2026-05-01 16:22:11,21589920
2026-05-01 16:23:03,21589920
2026-05-01 16:23:53,21589920
2026-05-01 16:24:43,21589920
2026-05-01 16:25:34,21589920
2026-05-01 16:26:24,21589920
2026-05-01 16:27:15,21589920
2026-05-01 16:28:05,21589920
2026-05-01 16:28:55,21589920
2026-05-01 16:29:46,21589920
2026-05-01 16:30:36,21589920
2026-05-01 16:31:27,21589920
2026-05-01 16:32:17,21589920
2026-05-01 16:33:08,21589920
2026-05-01 16:33:58,21589920
2026-05-01 16:34:48,21589920
2026-05-01 16:35:39,21589920
2026-05-01 16:36:29,21589920
2026-05-01 16:37:20,21589920
2026-05-01 16:38:10,21589920
2026-05-01 16:39:03,21589920
2026-05-01 16:39:54,21589920
2026-05-01 16:40:45,21589920
2026-05-01 16:41:35,21589920
2026-05-01 16:42:25,21589920
2026-05-01 16:43:16,21589920
2026-05-01 16:44:06,21589920
2026-05-01 16:44:57,21589920
2026-05-01 16:45:47,21589920
2026-05-01 16:46:37,21589920
2026-05-01 16:47:28,21589920
2026-05-01 16:48:18,21589920
2026-05-01 16:49:08,21589920
2026-05-01 16:49:59,21589920
2026-05-01 16:50:50,21589920
2026-05-01 16:51:40,21589920
2026-05-01 16:52:30,21589920
2026-05-01 16:53:21,21589920
2026-05-01 16:54:11,21589920
2026-05-01 16:55:03,21589920
2026-05-01 16:55:53,21589920
2026-05-01 16:56:44,21589920
2026-05-01 16:57:34,21589920
2026-05-01 16:58:24,21589920
2026-05-01 16:59:15,21589920
2026-05-01 17:00:05,21589920
2026-05-01 17:00:56,21589920
2026-05-01 17:01:46,21589920
2026-05-01 17:02:37,21589920
2026-05-01 17:03:27,21589920
2026-05-01 17:04:18,21589920
2026-05-01 17:05:08,21589920
2026-05-01 17:05:58,21589920
2026-05-01 17:06:49,21589920
2026-05-01 17:07:39,21589920
2026-05-01 17:08:30,21589920
2026-05-01 17:09:20,21589920
2026-05-01 17:10:10,21589920
2026-05-01 17:11:03,21589920
2026-05-01 17:11:53,21589920
2026-05-01 17:12:44,21589920
2026-05-01 17:13:34,21589920
2026-05-01 17:14:25,21589920
2026-05-01 17:15:15,21589920
2026-05-01 17:16:05,21589920
2026-05-01 17:16:56,21589920
2026-05-01 17:17:46,21589920
2026-05-01 17:18:37,21589920
2026-05-01 17:19:27,21589920
2026-05-01 17:20:18,21589920
2026-05-01 17:21:08,21589920
2026-05-01 17:21:59,21589920
2026-05-01 17:22:49,21589920
2026-05-01 17:23:40,21589920
2026-05-01 17:24:30,21589920
2026-05-01 17:25:21,21589920
2026-05-01 17:26:11,21589920
2026-05-01 17:27:03,21589920
2026-05-01 17:27:53,21589920
2026-05-01 17:28:43,21589920
2026-05-01 17:29:34,21589920
2026-05-01 17:30:25,21589920
2026-05-01 17:31:15,21589920
2026-05-01 17:32:06,21589920
2026-05-01 17:32:56,21589920
2026-05-01 17:33:46,21589920
2026-05-01 17:34:37,21589920
2026-05-01 17:35:28,21589920
2026-05-01 17:36:18,21589920
2026-05-01 17:37:08,21589920
2026-05-01 17:37:59,21589920
2026-05-01 17:38:49,21589920
2026-05-01 17:39:40,21589920
2026-05-01 17:40:31,21589920
2026-05-01 17:41:21,21589920
2026-05-01 17:42:11,21589920
2026-05-01 17:43:03,21589920
2026-05-01 17:43:53,21589920
2026-05-01 17:44:44,21589920
2026-05-01 17:45:34,21589920
2026-05-01 17:46:24,21589920
2026-05-01 17:47:15,21589920
2026-05-01 17:48:05,21589920
2026-05-01 17:48:55,21589920
2026-05-01 17:49:46,21589920
2026-05-01 17:50:36,21589920
2026-05-01 17:51:27,21589920
2026-05-01 17:52:17,21589920
2026-05-01 17:53:08,21589920
2026-05-01 17:53:58,21589920
2026-05-01 17:54:49,21589920
2026-05-01 17:55:39,21589920
2026-05-01 17:56:29,21589920
2026-05-01 17:57:20,21589920
2026-05-01 17:58:10,21589920
2026-05-01 17:59:03,21589920
2026-05-01 17:59:53,21589920
2026-05-01 18:00:44,21589920
2026-05-01 18:01:34,21589920
2026-05-01 18:02:25,21589920
2026-05-01 18:03:15,21589920
2026-05-01 18:04:06,21589920
2026-05-01 18:04:56,21589920
2026-05-01 18:05:46,21589920
2026-05-01 18:06:37,21589920
2026-05-01 18:07:27,21589920
2026-05-01 18:08:18,21589920
2026-05-01 18:09:08,21589920
2026-05-01 18:09:59,21589920
2026-05-01 18:10:49,21589920
2026-05-01 18:11:40,21589920
2026-05-01 18:12:30,21589920
2026-05-01 18:13:21,21589920
2026-05-01 18:14:11,21589920
2026-05-01 18:15:03,21589920
2026-05-01 18:15:54,21589920
2026-05-01 18:16:44,21589920
2026-05-01 18:17:35,21589920
2026-05-01 18:18:25,21589920
2026-05-01 18:19:16,21589920
2026-05-01 18:20:06,21589920
2026-05-01 18:20:56,21589920
2026-05-01 18:21:47,21589920
2026-05-01 18:22:37,21589920
2026-05-01 18:23:27,21589920
2026-05-01 18:24:18,21589920
2026-05-01 18:25:08,21589920
2026-05-01 18:25:59,21589920
2026-05-01 18:26:49,21589920
2026-05-01 18:27:40,21589920
2026-05-01 18:28:30,21589920
2026-05-01 18:29:20,21589920
2026-05-01 18:30:13,21589920
2026-05-01 18:31:04,21589920
2026-05-01 18:31:54,21589920
2026-05-01 18:32:45,21589920
2026-05-01 18:33:35,21589920
2026-05-01 18:34:26,21589920
2026-05-01 18:35:16,21589920
2026-05-01 18:36:06,21589920
2026-05-01 18:36:57,21589920
2026-05-01 18:37:47,21589920
2026-05-01 18:38:38,21589920
2026-05-01 18:39:28,21589920
2026-05-01 18:40:19,21589920
2026-05-01 18:41:09,21589920
2026-05-01 18:41:59,21589920
2026-05-01 18:42:50,21589920
2026-05-01 18:43:40,21589920
2026-05-01 18:44:31,21589920
2026-05-01 18:45:21,21589920
2026-05-01 18:46:11,21589920
2026-05-01 18:47:03,21589920
2026-05-01 18:47:53,21589920
2026-05-01 18:48:44,21589920
2026-05-01 18:49:34,21589920
2026-05-01 18:50:25,21589920
2026-05-01 18:51:15,21589920
2026-05-01 18:52:06,21589920
2026-05-01 18:52:56,21589920
2026-05-01 18:53:47,21589920
2026-05-01 18:54:37,21589920
2026-05-01 18:55:27,21589920
2026-05-01 18:56:18,21589920
2026-05-01 18:57:08,21589920
2026-05-01 18:57:59,21589920
2026-05-01 18:58:49,21589920
2026-05-01 18:59:40,21589920
2026-05-01 19:00:30,21589920
2026-05-01 19:01:21,21589920
2026-05-01 19:02:11,21589920
2026-05-01 19:03:03,21589920
2026-05-01 19:03:53,21589920
2026-05-01 19:04:43,21589920
2026-05-01 19:05:34,21589920
2026-05-01 19:06:24,21589920
2026-05-01 19:07:15,21589920
2026-05-01 19:08:05,21589920
2026-05-01 19:08:55,21589920
2026-05-01 19:09:46,21589920
2026-05-01 19:10:36,21589920
2026-05-01 19:11:27,21589920
2026-05-01 19:12:17,21589920
2026-05-01 19:13:08,21589920
2026-05-01 19:13:58,21589920
2026-05-01 19:14:49,21589920
2026-05-01 19:15:39,21589920
2026-05-01 19:16:29,21589920
2026-05-01 19:17:20,21589920
2026-05-01 19:18:10,21589920
2026-05-01 19:19:03,21589920
2026-05-01 19:19:53,21589920
2026-05-01 19:20:44,21589920
2026-05-01 19:21:34,21589920
2026-05-01 19:22:25,21589920
2026-05-01 19:23:15,21589920
2026-05-01 19:24:06,21589920
2026-05-01 19:24:56,21589920
2026-05-01 19:25:47,21589920
2026-05-01 19:26:37,21589920
2026-05-01 19:27:28,21589920
2026-05-01 19:28:18,21589920
2026-05-01 19:29:08,21589920
2026-05-01 19:29:59,21589920
2026-05-01 19:30:50,21589920
2026-05-01 19:31:40,21589920
2026-05-01 19:32:30,21589920
2026-05-01 19:33:21,21589920
2026-05-01 19:34:11,21589920
2026-05-01 19:35:03,21589920
2026-05-01 19:35:53,21589920
2026-05-01 19:36:43,21589920
2026-05-01 19:37:34,21589920
2026-05-01 19:38:24,21589920
2026-05-01 19:39:15,21589920
2026-05-01 19:40:05,21589920
2026-05-01 19:40:56,21589920
2026-05-01 19:41:46,21589920
2026-05-01 19:42:36,21589920
2026-05-01 19:43:27,21589920
2026-05-01 19:44:17,21589920
2026-05-01 19:45:08,21589920
2026-05-01 19:45:58,21589920
2026-05-01 19:46:49,21589920
2026-05-01 19:47:39,21589920
2026-05-01 19:48:29,21589920
2026-05-01 19:49:20,21589920
2026-05-01 19:50:10,21589920
2026-05-01 19:51:03,21589920
2026-05-01 19:51:54,21589920
2026-05-01 19:52:44,21589920
2026-05-01 19:53:34,21589920
2026-05-01 19:54:25,21589920
2026-05-01 19:55:15,21589920
2026-05-01 19:56:05,21589920
2026-05-01 19:56:56,21589920
2026-05-01 19:57:46,21589920
2026-05-01 19:58:37,21589920
2026-05-01 19:59:27,21589920
2026-05-04 08:00:23,21656623
2026-05-04 08:01:14,21653129
2026-05-04 08:02:04,21664606
2026-05-04 08:02:54,21665604
2026-05-04 08:03:44,21659617
2026-05-04 08:04:34,21662610
2026-05-04 08:05:24,21669596
2026-05-04 08:06:14,21668599
2026-05-04 08:07:05,21667600
2026-05-04 08:07:55,21667600
2026-05-04 08:08:45,21671094
2026-05-04 08:09:35,21672590
2026-05-04 08:10:26,21675085
2026-05-04 08:11:16,21671593
2026-05-04 08:12:06,21680075
2026-05-04 08:12:56,21679078
2026-05-04 08:13:46,21674088
2026-05-04 08:14:37,21676583
2026-05-04 08:15:27,21674088
2026-05-04 08:16:17,21667600
2026-05-04 08:17:07,21667600
2026-05-04 08:17:57,21662610
2026-05-04 08:18:47,21661613
2026-05-04 08:19:37,21661613
2026-05-04 08:20:28,21662610
2026-05-04 08:21:18,21661613
2026-05-04 08:22:08,21660115
2026-05-04 08:22:58,21661613
2026-05-04 08:23:48,21662610
2026-05-04 08:24:38,21659118
2026-05-04 08:25:28,21661613
2026-05-04 08:26:19,21659118
2026-05-04 08:27:09,21654128
2026-05-04 08:27:59,21657620
2026-05-04 08:28:49,21654128
2026-05-04 08:29:39,21651633
2026-05-04 08:30:30,21654128
2026-05-04 08:31:20,21654128
2026-05-04 08:32:10,21656623
2026-05-04 08:33:03,21656623
2026-05-04 08:33:54,21661613
2026-05-04 08:34:44,21663109
2026-05-04 08:35:34,21666603
2026-05-04 08:36:24,21665604
2026-05-04 08:37:14,21661613
2026-05-04 08:38:04,21664108
2026-05-04 08:38:54,21665604
2026-05-04 08:39:44,21665604
2026-05-04 08:40:35,21665604
2026-05-04 08:41:25,21668099
2026-05-04 08:42:15,21667600
2026-05-04 08:43:06,21670095
2026-05-04 08:43:56,21673589
2026-05-04 08:44:46,21675585
2026-05-04 08:45:36,21679577
2026-05-04 08:46:26,21679078
2026-05-04 08:47:16,21679078
2026-05-04 08:48:06,21676583
2026-05-04 08:48:56,21679078
2026-05-04 08:49:47,21675584
2026-05-04 09:01:28,20903353
2026-05-04 09:02:18,20505549
2026-05-04 09:03:08,20619512
2026-05-04 09:03:59,20735708
2026-05-04 09:04:49,20767744
2026-05-04 09:05:39,20790478
2026-05-04 09:06:29,20929076
2026-05-04 09:07:19,21124270
2026-05-04 09:08:10,20952659
2026-05-04 09:09:03,20804550
2026-05-04 09:09:53,20748422
2026-05-04 09:10:43,20687714
2026-05-04 09:11:33,20438753
2026-05-04 09:12:23,20267478
2026-05-04 09:13:13,20082567
2026-05-04 09:14:03,20167989
2026-05-04 09:14:54,20199347
2026-05-04 09:15:44,20344287
2026-05-04 09:16:34,20258329
2026-05-04 09:17:24,20257330
2026-05-04 09:18:14,20257330
2026-05-04 09:19:04,20258329
2026-05-04 09:19:54,20236718
2026-05-04 09:20:45,20301579
2026-05-04 09:21:35,20226011
2026-05-04 09:22:25,20314424
2026-05-04 09:23:15,20307738
2026-05-04 09:24:05,20210343
2026-05-04 09:24:55,20298956
2026-05-04 09:25:45,20321500
2026-05-04 09:26:35,20310122
2026-05-04 09:27:25,20286180
2026-05-04 09:28:15,20342657
2026-05-04 09:29:05,20553355
2026-05-04 09:29:56,20553853
2026-05-04 09:30:46,20530102
2026-05-04 09:31:36,20517374
2026-05-04 09:32:26,20587123
2026-05-04 09:33:17,20533242
2026-05-04 09:34:07,20521865
2026-05-04 09:34:57,20533242
2026-05-04 09:35:47,20498975
2026-05-04 09:36:37,20422139
2026-05-04 09:37:27,20368667
2026-05-04 09:38:17,20380832
2026-05-04 09:39:07,20394406
2026-05-04 09:39:57,20369066
2026-05-04 09:40:48,20307988
2026-05-04 09:41:38,20323357
2026-05-04 09:42:28,20371252
2026-05-04 09:43:18,20477618
2026-05-04 09:44:08,20537599
2026-05-04 09:44:58,20555862
2026-05-04 09:45:48,20526121
2026-05-04 09:46:38,20588585
2026-05-04 09:47:28,20587588
2026-05-04 09:48:18,20616731
2026-05-04 09:49:08,20628108
2026-05-04 09:49:59,20654344
2026-05-04 09:50:49,20579006
2026-05-04 09:51:39,20658237
2026-05-04 09:52:29,20643865
2026-05-04 09:53:19,20618116
2026-05-04 09:54:10,20662729
2026-05-04 09:55:03,20640473
2026-05-04 09:55:53,20641470
2026-05-04 09:56:43,20643466
2026-05-04 09:57:33,20708924
2026-05-04 09:58:23,20681190
2026-05-04 09:59:13,20657439
2026-05-04 10:00:03,20492864
2026-05-04 10:00:54,20381709
2026-05-04 10:01:44,20321238
2026-05-04 10:02:34,20419422
2026-05-04 10:03:24,20452956
2026-05-04 10:04:14,20559123
2026-05-04 10:05:04,20552747
2026-05-04 10:05:54,20546349
2026-05-04 10:06:44,20715190
2026-05-04 10:07:34,20715190
2026-05-04 10:08:24,20782845
2026-05-04 10:09:14,20749312
2026-05-04 10:10:05,20805600
2026-05-04 10:10:55,20715190
2026-05-04 10:11:45,20793623
2026-05-04 10:12:35,20759792
2026-05-04 10:13:25,20782246
2026-05-04 10:14:15,20770868
2026-05-04 10:15:06,20804392
2026-05-04 10:15:56,20837924
2026-05-04 10:16:46,20793015
2026-05-04 10:17:36,20872056
2026-05-04 10:18:26,20815769
2026-05-04 10:19:16,20804392
2026-05-04 10:20:06,20714592
2026-05-04 10:20:57,20793623
2026-05-04 10:21:47,20827147
2026-05-04 10:22:37,20838524
2026-05-04 10:23:27,20883433
2026-05-04 10:24:17,21018144
2026-05-04 10:25:07,21040288
2026-05-04 10:25:57,21079501
2026-05-04 10:26:47,21062744
2026-05-04 10:27:37,21017534
2026-05-04 10:28:27,21039990
2026-05-04 10:29:17,21224999
2026-05-04 10:30:07,21348331
2026-05-04 10:30:58,21331265
2026-05-04 10:31:49,21421065
2026-05-04 10:32:39,21454599
2026-05-04 10:33:29,21297144
2026-05-04 10:34:19,21252235
2026-05-04 10:35:09,21386944
2026-05-04 10:35:59,21331265
2026-05-04 10:36:49,21319888
2026-05-04 10:37:39,21353412
2026-05-04 10:38:29,21454599
2026-05-04 10:39:19,21533022
2026-05-04 10:40:09,21566854
2026-05-04 10:41:03,21538710
2026-05-04 10:41:53,21533022
2026-05-04 10:42:43,21522252
2026-05-04 10:43:33,21376166
2026-05-04 10:44:23,21477044
2026-05-04 10:45:14,21510875
2026-05-04 10:46:04,21465976
2026-05-04 10:46:54,21510875
2026-05-04 10:47:44,21510875
2026-05-04 10:48:34,21555776
2026-05-04 10:49:24,21628520
2026-05-04 10:50:15,21701275
2026-05-04 10:51:05,21746174
2026-05-04 10:51:55,21869507
2026-05-04 10:52:45,21937151
2026-05-04 10:53:35,21937151
2026-05-04 10:54:25,22016193
2026-05-04 10:55:15,22004816
2026-05-04 10:56:05,22038338
2026-05-04 10:56:55,22083249
2026-05-04 10:57:45,22094815
2026-05-04 10:58:35,22025974
2026-05-04 10:59:26,22169356
2026-05-04 11:00:16,22117770
2026-05-04 11:01:06,22025974
2026-05-04 11:01:56,22008707
2026-05-04 11:02:46,21980066
2026-05-04 11:03:37,21957121
2026-05-04 11:04:27,22048917
2026-05-04 11:05:17,22129147
2026-05-04 11:06:07,22152100
2026-05-04 11:06:57,22106192
2026-05-04 11:07:47,22037351
2026-05-04 11:08:37,21866876
2026-05-04 11:09:27,21977995
2026-05-04 11:10:18,21911646
2026-05-04 11:11:08,21813035
2026-05-04 11:11:58,21895508
2026-05-04 11:12:48,22062723
2026-05-04 11:13:38,22026148
2026-05-04 11:14:28,21884331
2026-05-04 11:15:18,22071846
2026-05-04 11:16:08,22083424
2026-05-04 11:16:58,22072046
2026-05-04 11:17:48,21969121
2026-05-04 11:18:38,22058423
2026-05-04 11:19:28,22129520
2026-05-04 11:20:19,22047146
2026-05-04 11:21:09,22021834
2026-05-04 11:21:59,22305866
2026-05-04 11:22:49,23043199
2026-05-04 11:23:41,23613316
2026-05-04 11:24:31,24341517
2026-05-04 11:25:21,24318572
2026-05-04 11:26:11,24261287
2026-05-04 11:27:03,23938425
2026-05-04 11:27:53,24455827
2026-05-04 11:28:43,24675766
2026-05-04 11:29:33,24611475
2026-05-04 11:30:24,24499231
2026-05-04 11:31:14,24384720
2026-05-04 11:32:04,24460398
2026-05-04 11:32:54,24263603
2026-05-04 11:33:45,24395179
2026-05-04 11:34:35,24478780
2026-05-04 11:35:25,24471765
2026-05-04 11:36:15,24771735
2026-05-04 11:37:05,24764908
2026-05-04 11:37:55,25026006
2026-05-04 11:38:45,25093619
2026-05-04 11:39:35,25194519
2026-05-04 11:40:26,25275994
2026-05-04 11:41:16,25134767
2026-05-04 11:42:06,25146743
2026-05-04 11:42:56,25171284
2026-05-04 11:43:47,25147941
2026-05-04 11:44:37,25149138
2026-05-04 11:45:27,25101244
2026-05-04 11:46:17,25118899
2026-05-04 11:47:07,25149138
2026-05-04 11:47:57,25185056
2026-05-04 11:48:47,25209008
2026-05-04 11:49:37,25268878
2026-05-04 11:50:27,25245525
2026-05-04 11:51:18,25280854
2026-05-04 11:52:08,25164776
2026-05-04 11:52:58,25279955
2026-05-04 11:53:48,25018230
2026-05-04 11:54:38,25088404
2026-05-04 11:55:28,25300544
2026-05-04 11:56:18,24705847
2026-05-04 11:57:08,24438133
2026-05-04 11:57:58,24261657
2026-05-04 11:58:48,24523894
2026-05-04 11:59:38,24786258
2026-05-04 12:00:29,24573614
2026-05-04 12:01:19,24399333
2026-05-04 12:02:10,24039994
2026-05-04 12:03:03,24311290
2026-05-04 12:03:53,24037589
2026-05-04 12:04:43,23962728
2026-05-04 12:05:33,23806401
2026-05-04 12:06:23,23799815
2026-05-04 12:07:13,24116345
2026-05-04 12:08:03,23737520
2026-05-04 12:08:53,23970484
2026-05-04 12:09:43,23959106
2026-05-04 12:10:34,24058526
2026-05-04 12:11:24,23824964
2026-05-04 12:12:14,23789635
2026-05-04 12:13:04,23442261
2026-05-04 12:13:54,23047604
2026-05-04 12:14:44,22600808
2026-05-04 12:15:34,22799041
2026-05-04 12:16:24,22861936
2026-05-04 12:17:14,22942793
2026-05-04 12:18:05,23307532
2026-05-04 12:18:55,23690814
2026-05-04 12:19:45,23777659
2026-05-04 12:20:36,23603378
2026-05-04 12:21:26,23517132
2026-05-04 12:22:16,23169758
2026-05-04 12:23:06,22916117
2026-05-04 12:23:56,23357222
2026-05-04 12:24:46,23281755
2026-05-04 12:25:36,23189518
2026-05-04 12:26:26,23021226
2026-05-04 12:27:16,23195506
2026-05-04 12:28:06,23405725
2026-05-04 12:28:56,22965518
2026-05-04 12:29:46,23244598
2026-05-04 12:30:37,23429667
2026-05-04 12:31:27,23405725
2026-05-04 12:32:17,23729736
2026-05-04 12:33:07,23926781
2026-05-04 12:33:57,23567431
2026-05-04 12:34:47,23666252
2026-05-04 12:35:38,23666252
2026-05-04 12:36:28,23666252
2026-05-04 12:37:18,23504526
2026-05-04 12:38:08,23441044
2026-05-04 12:38:58,23551831
2026-05-04 12:39:48,23453619
2026-05-04 12:40:39,23279328
2026-05-04 12:41:29,23157763
2026-05-04 12:42:19,23106245
2026-05-04 12:43:10,23193092
2026-05-04 12:44:03,23343421
2026-05-04 12:44:53,23343421
2026-05-04 12:45:43,23651243
2026-05-04 12:46:33,23836901
2026-05-04 12:47:23,23923746
2026-05-04 12:48:13,24259743
2026-05-04 12:49:03,24520271
2026-05-04 12:49:53,24160333
2026-05-04 12:50:44,23917758
2026-05-04 12:51:34,24108815
2026-05-04 12:52:24,24357368
2026-05-04 12:53:14,24195652
2026-05-04 12:54:04,23957868
2026-05-04 12:54:54,23997430
2026-05-04 12:55:45,23915662
2026-05-04 12:56:35,23933926
2026-05-04 12:57:25,23882400
2026-05-04 12:58:15,24229175
2026-05-04 12:59:05,24106420
2026-05-04 12:59:55,24842765
2026-05-04 13:00:45,24675370
2026-05-04 13:01:36,24680759
2026-05-04 13:02:26,24575361
2026-05-04 13:03:16,24413656
2026-05-04 13:04:06,24344174
2026-05-04 13:04:56,24078248
2026-05-04 13:05:46,24251341
2026-05-04 13:06:36,24424424
2026-05-04 13:07:26,24314234
2026-05-04 13:08:16,24238756
2026-05-04 13:09:06,24342966
2026-05-04 13:09:56,24238756
2026-05-04 13:10:47,24089026
2026-05-04 13:11:37,24089026
2026-05-04 13:12:27,24089026
2026-05-04 13:13:17,24077050
2026-05-04 13:14:07,24227389
2026-05-04 13:14:57,24413057
2026-05-04 13:15:48,24488515
2026-05-04 13:16:38,24389704
2026-05-04 13:17:28,24141151
2026-05-04 13:18:18,24240552
2026-05-04 13:19:08,24338186
2026-05-04 13:19:58,24227389
2026-05-04 13:20:49,24140552
2026-05-04 13:21:39,24066282
2026-05-04 13:22:29,23893178
2026-05-04 13:23:19,23793777
2026-05-04 13:24:09,24042330
2026-05-04 13:24:59,24030952
2026-05-04 13:25:49,24117797
2026-05-04 13:26:39,24105821
2026-05-04 13:27:30,24133986
2026-05-04 13:28:20,24417866
2026-05-04 13:29:10,24287004
2026-05-04 13:30:03,24242987
2026-05-04 13:30:54,24243585
2026-05-04 13:31:44,24290282
2026-05-04 13:32:34,24093845
2026-05-04 13:33:24,23908187
2026-05-04 13:34:14,24082468
2026-05-04 13:35:04,23995623
2026-05-04 13:35:54,23995623
2026-05-04 13:36:44,23996222
2026-05-04 13:37:34,23897399
2026-05-04 13:38:24,23908776
2026-05-04 13:39:14,24106420
2026-05-04 13:40:04,24008198
2026-05-04 13:40:55,23960304
2026-05-04 13:41:45,23786612
2026-05-04 13:42:35,23850104
2026-05-04 13:43:25,23664446
2026-05-04 13:44:16,23391344
2026-05-04 13:45:06,23404528
2026-05-04 13:45:56,23242203
2026-05-04 13:46:46,23372467
2026-05-04 13:47:36,23428480
2026-05-04 13:48:26,23509626
2026-05-04 13:49:16,23546768
2026-05-04 13:50:06,23417102
2026-05-04 13:50:57,23417102
2026-05-04 13:51:47,23342223
2026-05-04 13:52:37,23093670
2026-05-04 13:53:27,22995448
2026-05-04 13:54:17,23169140
2026-05-04 13:55:07,23133222
2026-05-04 13:55:57,23121845
2026-05-04 13:56:47,23059539
2026-05-04 13:57:37,23023022
2026-05-04 13:58:27,23196704
2026-05-04 13:59:18,23283551
2026-05-04 14:00:08,23409926
2026-05-04 14:00:58,23409926
2026-05-04 14:01:48,23433878
2026-05-04 14:02:39,23311125
2026-05-04 14:03:29,23200328
2026-05-04 14:04:19,23090736
2026-05-04 14:05:09,23027245
2026-05-04 14:05:59,22928422
2026-05-04 14:06:49,23031111
2026-05-04 14:07:39,23121845
2026-05-04 14:08:29,23046974
2026-05-04 14:09:19,23133821
2026-05-04 14:10:09,23163152
2026-05-04 14:11:03,23046974
2026-05-04 14:11:53,23046974
2026-05-04 14:12:43,22948153
2026-05-04 14:13:33,22751118
2026-05-04 14:14:23,22601378
2026-05-04 14:15:14,22688223
2026-05-04 14:16:04,22873292
2026-05-04 14:16:54,22897234
2026-05-04 14:17:44,22960129
2026-05-04 14:18:34,22849340
2026-05-04 14:19:24,22809201
2026-05-04 14:20:15,22635509
2026-05-04 14:21:05,22561237
2026-05-04 14:21:55,22517810
2026-05-04 14:22:45,22746296
2026-05-04 14:23:35,22920587
2026-05-04 14:24:25,22944131
2026-05-04 14:25:15,22932754
2026-05-04 14:26:05,22932754
2026-05-04 14:26:55,22810250
2026-05-04 14:27:45,22612557
2026-05-04 14:28:35,22636509
2026-05-04 14:29:25,22642497
2026-05-04 14:30:16,22636509
2026-05-04 14:31:06,22724291
2026-05-04 14:31:56,22692665
2026-05-04 14:32:46,22701537
2026-05-04 14:33:36,22707525
2026-05-04 14:34:27,22824022
2026-05-04 14:35:17,22812645
2026-05-04 14:36:07,22788703
2026-05-04 14:36:57,22637706
2026-05-04 14:37:47,22626329
2026-05-04 14:38:37,22677585
2026-05-04 14:39:27,22591010
2026-05-04 14:40:18,22602986
2026-05-04 14:41:08,22626329
2026-05-04 14:41:58,22539753
2026-05-04 14:42:48,22510122
2026-05-04 14:43:38,22478216
2026-05-04 14:44:28,22463955
2026-05-04 14:45:18,22464554
2026-05-04 14:46:08,22482218
2026-05-04 14:46:58,22215014
2026-05-04 14:47:48,22107608
2026-05-04 14:48:39,22115872
2026-05-04 14:49:29,22051451
2026-05-04 14:50:19,22161371
2026-05-04 14:51:09,22161371
2026-05-04 14:51:59,22150003
2026-05-04 14:52:50,22231181
2026-05-04 14:53:40,22400142
2026-05-04 14:54:30,22074804
2026-05-04 14:55:20,22173955
2026-05-04 14:56:10,22185931
2026-05-04 14:57:03,22260513
2026-05-04 14:57:53,22324344
2026-05-04 14:58:43,22347089
2026-05-04 14:59:33,22283866
2026-05-04 15:00:24,22383017
2026-05-04 15:01:14,22295842
2026-05-04 15:02:04,22458216
2026-05-04 15:02:54,22470192
2026-05-04 15:03:44,22481569
2026-05-04 15:04:34,22482158
2026-05-04 15:05:24,22394394
2026-05-04 15:06:14,22481569
2026-05-04 15:07:05,22331161
2026-05-04 15:07:55,22331760
2026-05-04 15:08:45,22267947
2026-05-04 15:09:35,22291300
2026-05-04 15:10:25,22279324
2026-05-04 15:11:15,22291300
2026-05-04 15:12:06,22227468
2026-05-04 15:12:56,22221490
2026-05-04 15:13:46,22204125
2026-05-04 15:14:36,22204125
2026-05-04 15:15:26,22122938
2026-05-04 15:16:16,22204125
2026-05-04 15:17:06,22413187
2026-05-04 15:17:56,22401221
2026-05-04 15:18:46,22401221
2026-05-04 15:19:36,22487787
2026-05-04 15:20:26,22401221
2026-05-04 15:21:16,22401221
2026-05-04 15:22:07,22401221
2026-05-04 15:22:57,22401221
2026-05-04 15:23:47,22401221
2026-05-04 15:24:37,22401221
2026-05-04 15:25:27,22401221
2026-05-04 15:26:17,22401221
2026-05-04 15:27:07,22401221
2026-05-04 15:27:57,22401221
2026-05-04 15:28:47,22401221
2026-05-04 15:29:37,22401221
2026-05-04 15:30:28,22343137
2026-05-04 15:31:18,22343137
2026-05-04 15:32:08,22343137
2026-05-04 15:32:58,22343137
2026-05-04 15:33:49,22343137
2026-05-04 15:34:39,22343137
2026-05-04 15:35:29,22343137
2026-05-04 15:36:19,22343137
2026-05-04 15:37:09,22343137
2026-05-04 15:37:59,22343137
2026-05-04 15:38:49,22343137
2026-05-04 15:39:39,22343137
2026-05-04 15:40:30,22307219
2026-05-04 15:41:20,22330562
2026-05-04 15:42:10,22342538
2026-05-04 15:43:03,22343137
2026-05-04 15:43:53,22343137
2026-05-04 15:44:43,22331161
2026-05-04 15:45:33,22342538
2026-05-04 15:46:23,22330562
2026-05-04 15:47:13,22307219
2026-05-04 15:48:03,22283866
2026-05-04 15:48:54,22283267
2026-05-04 15:49:44,22271890
2026-05-04 15:50:34,22295243
2026-05-04 15:51:24,22271890
2026-05-04 15:52:14,22271890
2026-05-04 15:53:05,22271890
2026-05-04 15:53:55,22271890
2026-05-04 15:54:45,22271890
2026-05-04 15:55:35,22248537
2026-05-04 15:56:25,22271890
2026-05-04 15:57:15,22259914
2026-05-04 15:58:05,22248537
2026-05-04 15:58:55,22259914
2026-05-04 15:59:45,22259914
2026-05-04 16:00:36,22259914
2026-05-04 16:01:26,22282668
2026-05-04 16:02:16,22294644
2026-05-04 16:03:06,22294644
2026-05-04 16:03:56,22282668
2026-05-04 16:04:46,22294644
2026-05-04 16:05:36,22283267
2026-05-04 16:06:27,22294644
2026-05-04 16:07:17,22295243
2026-05-04 16:08:07,22319185
2026-05-04 16:08:57,22319185
2026-05-04 16:09:47,22319185
2026-05-04 16:10:38,22319185
2026-05-04 16:11:28,22319784
2026-05-04 16:12:18,22343137
2026-05-04 16:13:08,22343137
2026-05-04 16:13:58,22343137
2026-05-04 16:14:48,22331161
2026-05-04 16:15:38,22343137
2026-05-04 16:16:28,22343137
2026-05-04 16:17:18,22331760
2026-05-04 16:18:08,22319784
2026-05-04 16:18:58,22331161
2026-05-04 16:19:48,22319784
2026-05-04 16:20:39,22331161
2026-05-04 16:21:29,22307808
2026-05-04 16:22:19,22319185
2026-05-04 16:23:09,22295842
2026-05-04 16:23:59,22295842
2026-05-04 16:24:49,22307219
2026-05-04 16:25:39,22319185
2026-05-04 16:26:30,22307219
2026-05-04 16:27:20,22295243
2026-05-04 16:28:10,22295243
2026-05-04 16:29:03,22307219
2026-05-04 16:29:53,22295243
2026-05-04 16:30:44,22283866
2026-05-04 16:31:34,22295243
2026-05-04 16:32:24,22307219
2026-05-04 16:33:14,22283267
2026-05-04 16:34:04,22283267
2026-05-04 16:34:54,22271890
2026-05-04 16:35:44,22295243
2026-05-04 16:36:34,22271890
2026-05-04 16:37:24,22295243
2026-05-04 16:38:14,22283267
2026-05-04 16:39:04,22283866
2026-05-04 16:39:54,22271890
2026-05-04 16:40:45,22283267
2026-05-04 16:41:35,22283866
2026-05-04 16:42:25,22283866
2026-05-04 16:43:15,22271890
2026-05-04 16:44:05,22283866
2026-05-04 16:44:55,22260513
2026-05-04 16:45:46,22271890
2026-05-04 16:46:36,22271890
2026-05-04 16:47:26,22272489
2026-05-04 16:48:16,22283866
2026-05-04 16:49:06,22295842
2026-05-04 16:49:56,22283866
2026-05-04 16:50:47,22283866
2026-05-04 16:51:37,22284465
2026-05-04 16:52:27,22295842
2026-05-04 16:53:17,22295842
2026-05-04 16:54:07,22284465
2026-05-04 16:54:57,22295842
2026-05-04 16:55:47,22295842
2026-05-04 16:56:37,22284465
2026-05-04 16:57:27,22307808
2026-05-04 16:58:17,22319185
2026-05-04 16:59:07,22295842
2026-05-04 16:59:57,22295842
2026-05-04 17:00:48,22319185
2026-05-04 17:01:38,22319185
2026-05-04 17:02:28,22295842
2026-05-04 17:03:19,22283866
2026-05-04 17:04:09,22295243
2026-05-04 17:04:59,22295842
2026-05-04 17:05:49,22295842
2026-05-04 17:06:39,22271890
2026-05-04 17:07:29,22271890
2026-05-04 17:08:19,22271890
2026-05-04 17:09:09,22271890
2026-05-04 17:09:59,22271890
2026-05-04 17:10:50,22272489
2026-05-04 17:11:40,22272489
2026-05-04 17:12:30,22260513
2026-05-04 17:13:20,22248537
2026-05-04 17:14:10,22249145
2026-05-04 17:15:03,22260513
2026-05-04 17:15:53,22249145
2026-05-04 17:16:44,22260513
2026-05-04 17:17:34,22260513
2026-05-04 17:18:24,22272489
2026-05-04 17:19:14,22260513
2026-05-04 17:20:04,22271890
2026-05-04 17:20:55,22271890
2026-05-04 17:21:45,22260513
2026-05-04 17:22:35,22260513
2026-05-04 17:23:25,22261121
2026-05-04 17:24:15,22260513
2026-05-04 17:25:05,22249145
2026-05-04 17:25:55,22260513
2026-05-04 17:26:45,22249145
2026-05-04 17:27:35,22260513
2026-05-04 17:28:25,22249145
2026-05-04 17:29:15,22260513
2026-05-04 17:30:05,22260513
2026-05-04 17:30:56,22260513
2026-05-04 17:31:46,22248537
2026-05-04 17:32:36,22260513
2026-05-04 17:33:26,22260513
2026-05-04 17:34:16,22259914
2026-05-04 17:35:06,22248537
2026-05-04 17:35:56,22260513
2026-05-04 17:36:47,22260513
2026-05-04 17:37:37,22248537
2026-05-04 17:38:27,22260513
2026-05-04 17:39:17,22259914
2026-05-04 17:40:07,22271890
2026-05-04 17:40:58,22259914
2026-05-04 17:41:48,22271890
2026-05-04 17:42:38,22271890
2026-05-04 17:43:28,22260513
2026-05-04 17:44:18,22271890
2026-05-04 17:45:08,22272489
2026-05-04 17:45:58,22249145
2026-05-04 17:46:48,22260513
2026-05-04 17:47:38,22260513
2026-05-04 17:48:29,22249145
2026-05-04 17:49:19,22260513
2026-05-04 17:50:09,22272489
2026-05-04 17:50:59,22283866
2026-05-04 17:51:49,22271890
2026-05-04 17:52:40,22272489
2026-05-04 17:53:30,22271890
2026-05-04 17:54:20,22260513
2026-05-04 17:55:10,22283866
2026-05-04 17:56:03,22272489
2026-05-04 17:56:53,22271890
2026-05-04 17:57:43,22283866
2026-05-04 17:58:33,22260513
2026-05-04 17:59:23,22283866
2026-05-04 18:00:14,22260513
2026-05-04 18:01:04,22283866
2026-05-04 18:01:54,22283866
2026-05-04 18:02:44,22260513
2026-05-04 18:03:34,22283866
2026-05-04 18:04:24,22272489
2026-05-04 18:05:14,22260513
2026-05-04 18:06:04,22272489
2026-05-04 18:06:54,22271890
2026-05-04 18:07:45,22283866
2026-05-04 18:08:35,22260513
2026-05-04 18:09:25,22283866
2026-05-04 18:10:15,22283866
2026-05-04 18:11:05,22283866
2026-05-04 18:11:56,22284465
2026-05-04 18:12:46,22272489
2026-05-04 18:13:36,22295842
2026-05-04 18:14:26,22284465
2026-05-04 18:15:16,22284465
2026-05-04 18:16:06,22295842
2026-05-04 18:16:56,22296431
2026-05-04 18:17:46,22295842
2026-05-04 18:18:36,22307808
2026-05-04 18:19:26,22284465
2026-05-04 18:20:17,22307808
2026-05-04 18:21:07,22296431
2026-05-04 18:21:57,22296431
2026-05-04 18:22:47,22319784
2026-05-04 18:23:37,22319784
2026-05-04 18:24:27,22307808
2026-05-04 18:25:17,22308407
2026-05-04 18:26:07,22319784
2026-05-04 18:26:57,22319784
2026-05-04 18:27:48,22319784
2026-05-04 18:28:38,22319784
2026-05-04 18:29:28,22331760
2026-05-04 18:30:18,22331760
2026-05-04 18:31:09,22320383
2026-05-04 18:31:59,22320383
2026-05-04 18:32:49,22320383
2026-05-04 18:33:39,22319784
2026-05-04 18:34:29,22308407
2026-05-04 18:35:19,22331760
2026-05-04 18:36:09,22320383
2026-05-04 18:36:59,22331760
2026-05-04 18:37:49,22319784
2026-05-04 18:38:39,22319784
2026-05-04 18:39:29,22296431
2026-05-04 18:40:20,22296431
2026-05-04 18:41:10,22308407
2026-05-04 18:42:03,22308407
2026-05-04 18:42:53,22296431
2026-05-04 18:43:43,22319784
2026-05-04 18:44:33,22308407
2026-05-04 18:45:24,22296431
2026-05-04 18:46:14,22296431
2026-05-04 18:47:04,22319784
2026-05-04 18:47:54,22319784
2026-05-04 18:48:44,22319784
2026-05-04 18:49:34,22319784
2026-05-04 18:50:25,22308407
2026-05-04 18:51:15,22308407
2026-05-04 18:52:05,22307808
2026-05-04 18:52:55,22307808
2026-05-04 18:53:45,22319784
2026-05-04 18:54:35,22307808
2026-05-04 18:55:25,22319784
2026-05-04 18:56:15,22307808
2026-05-04 18:57:05,22307808
2026-05-04 18:57:55,22319185
2026-05-04 18:58:45,22295842
2026-05-04 18:59:35,22295842
2026-05-04 19:00:26,22295842
2026-05-04 19:01:16,22283866
2026-05-04 19:02:06,22295842
2026-05-04 19:02:56,22283267
2026-05-04 19:03:46,22283267
2026-05-04 19:04:37,22259914
2026-05-04 19:05:27,22271291
2026-05-04 19:06:17,22235373
2026-05-04 19:07:07,22223397
2026-05-04 19:07:57,22200044
2026-05-04 19:08:47,22164126
2026-05-04 19:09:37,22128198
2026-05-04 19:10:28,22200044
2026-05-04 19:11:18,22188667
2026-05-04 19:12:08,22152749
2026-05-04 19:12:58,22128797
2026-05-04 19:13:48,22128797
2026-05-04 19:14:38,22116821
2026-05-04 19:15:28,22068927
2026-05-04 19:16:18,22021631
2026-05-04 19:17:08,22070124
2026-05-04 19:17:58,22046182
2026-05-04 19:18:48,21986911
2026-05-04 19:19:38,22010853
2026-05-04 19:20:29,22011452
2026-05-04 19:21:19,22024027
2026-05-04 19:22:09,22024027
2026-05-04 19:22:59,22000075
2026-05-04 19:23:49,21976123
2026-05-04 19:24:39,21952779
2026-05-04 19:25:29,22000673
2026-05-04 19:26:20,22000075
2026-05-04 19:27:10,22035993
2026-05-04 19:28:03,22060543
2026-05-04 19:28:53,22095873
2026-05-04 19:29:43,22060543
2026-05-04 19:30:33,22047969
2026-05-04 19:31:24,22059945
2026-05-04 19:32:14,22071921
2026-05-04 19:33:04,22131791
2026-05-04 19:33:54,22143168
2026-05-04 19:34:44,22143767
2026-05-04 19:35:34,22179086
2026-05-04 19:36:24,22179086
2026-05-04 19:37:14,22155144
2026-05-04 19:38:04,22166521
2026-05-04 19:38:54,22177898
2026-05-04 19:39:44,22189874
2026-05-04 19:40:35,22177898
2026-05-04 19:41:25,22177898
2026-05-04 19:42:15,22165922
2026-05-04 19:43:05,22166521
2026-05-04 19:43:55,22177898
2026-05-04 19:44:45,22177898
2026-05-04 19:45:35,22177898
2026-05-04 19:46:25,22189874
2026-05-04 19:47:15,22201840
2026-05-04 19:48:06,22202439
2026-05-04 19:48:56,22213816
2026-05-04 19:49:46,22213816
2026-05-04 19:50:36,22190463
2026-05-04 19:51:26,22202439
2026-05-04 19:52:16,22201840
2026-05-04 19:53:07,22178497
2026-05-04 19:53:57,22189874
2026-05-04 19:54:47,22167120
2026-05-04 19:55:37,22155144
2026-05-04 19:56:27,22178497
2026-05-04 19:57:17,22166521
2026-05-04 19:58:07,22167120
2026-05-04 19:58:57,22167120
2026-05-04 19:59:47,22155743
2026-05-05 08:00:43,22167120
2026-05-05 08:01:34,22167120
2026-05-05 08:02:24,22167120
2026-05-05 08:03:14,22167120
2026-05-05 08:04:04,22167120
2026-05-05 08:04:54,22167120
2026-05-05 08:05:45,22167120
2026-05-05 08:06:35,22167120
2026-05-05 08:07:25,22167120
2026-05-05 08:08:15,22167120
2026-05-05 08:09:05,22167120
2026-05-05 08:09:55,22167120
2026-05-05 08:10:45,22167120
2026-05-05 08:11:36,22167120
2026-05-05 08:12:26,22167120
2026-05-05 08:13:16,22167120
2026-05-05 08:14:06,22167120
2026-05-05 08:14:56,22167120
2026-05-05 08:15:46,22167120
2026-05-05 08:16:36,22167120
2026-05-05 08:17:26,22167120
2026-05-05 08:18:17,22167120
2026-05-05 08:19:07,22167120
2026-05-05 08:19:57,22167120
2026-05-05 08:20:47,22167120
2026-05-05 08:21:37,22167120
2026-05-05 08:22:27,22167120
2026-05-05 08:23:17,22167120
2026-05-05 08:24:08,22167120
2026-05-05 08:24:58,22167120
2026-05-05 08:25:48,22167120
2026-05-05 08:26:38,22167120
2026-05-05 08:27:28,22167120
2026-05-05 08:28:18,22167120
2026-05-05 08:29:08,22167120
2026-05-05 08:29:58,22167120
2026-05-05 08:30:49,22167120
2026-05-05 08:31:39,22167120
2026-05-05 08:32:29,22167120
2026-05-05 08:33:19,22167120
2026-05-05 08:34:09,22167120
2026-05-05 08:34:59,22167120
2026-05-05 08:35:50,22167120
2026-05-05 08:36:40,22167120
2026-05-05 08:37:30,22167120
2026-05-05 08:38:20,22167120
2026-05-05 08:39:10,22167120
2026-05-05 08:40:03,22167120
2026-05-05 08:40:54,22167120
2026-05-05 08:41:44,22167120
2026-05-05 08:42:34,22167120
2026-05-05 08:43:24,22167120
2026-05-05 08:44:14,22167120
2026-05-05 08:45:04,22167120
2026-05-05 08:45:54,22167120
2026-05-05 08:46:44,22167120
2026-05-05 08:47:35,22167120
2026-05-05 08:48:25,22167120
2026-05-05 08:49:15,22167120
2026-05-05 09:01:46,22343137
2026-05-05 09:02:37,22343137
2026-05-05 09:03:27,22343137
2026-05-05 09:04:17,22343137
2026-05-05 09:05:07,22343137
2026-05-05 09:05:57,22343137
2026-05-05 09:06:47,22343137
2026-05-05 09:07:37,22343137
2026-05-05 09:08:27,22343137
2026-05-05 09:09:17,22343137
2026-05-05 09:10:07,22343137
2026-05-05 09:10:58,22343137
2026-05-05 09:11:48,22343137
2026-05-05 09:12:38,22343137
2026-05-05 09:13:28,22343137
2026-05-05 09:14:18,22343137
2026-05-05 09:15:08,22343137
2026-05-05 09:15:59,22343137
2026-05-05 09:16:49,22343137
2026-05-05 09:17:39,22343137
2026-05-05 09:18:29,22343137
2026-05-05 09:19:19,22343137
2026-05-05 09:20:09,22343137
2026-05-05 09:20:59,22343137
2026-05-05 09:21:49,22343137
2026-05-05 09:22:39,22343137
2026-05-05 09:23:29,22343137
2026-05-05 09:24:19,22343137
2026-05-05 09:25:10,22343137
2026-05-05 09:26:03,22343137
2026-05-05 09:26:53,22343137
2026-05-05 09:27:43,22343137
2026-05-05 09:28:33,22343137
2026-05-05 09:29:23,22343137
2026-05-05 09:30:13,22343137
2026-05-05 09:31:03,22343137
2026-05-05 09:31:54,22343137
2026-05-05 09:32:44,22343137
2026-05-05 09:33:34,22343137
2026-05-05 09:34:24,22343137
2026-05-05 09:35:14,22343137
2026-05-05 09:36:04,22343137
2026-05-05 09:36:54,22343137
2026-05-05 09:37:44,22343137
2026-05-05 09:38:34,22343137
2026-05-05 09:39:24,22343137
2026-05-05 09:40:15,22343137
2026-05-05 09:41:05,22343137
2026-05-05 09:41:55,22343137
2026-05-05 09:42:45,22343137
2026-05-05 09:43:35,22343137
2026-05-05 09:44:25,22343137
2026-05-05 09:45:15,22343137
2026-05-05 09:46:05,22343137
2026-05-05 09:46:55,22343137
2026-05-05 09:47:45,22343137
2026-05-05 09:48:36,22343137
2026-05-05 09:49:26,22343137
2026-05-05 09:50:16,22343137
2026-05-05 09:51:06,22343137
2026-05-05 09:51:56,22343137
2026-05-05 09:52:46,22343137
2026-05-05 09:53:36,22343137
2026-05-05 09:54:26,22343137
2026-05-05 09:55:16,22343137
2026-05-05 09:56:07,22343137
2026-05-05 09:56:57,22343137
2026-05-05 09:57:47,22343137
2026-05-05 09:58:37,22343137
2026-05-05 09:59:27,22343137
2026-05-05 10:00:17,22343137
2026-05-05 10:01:07,22343137
2026-05-05 10:01:57,22343137
2026-05-05 10:02:47,22343137
2026-05-05 10:03:38,22343137
2026-05-05 10:04:28,22343137
2026-05-05 10:05:18,22343137
2026-05-05 10:06:08,22343137
2026-05-05 10:06:58,22343137
2026-05-05 10:07:48,22343137
2026-05-05 10:08:38,22343137
2026-05-05 10:09:28,22343137
2026-05-05 10:10:18,22343137
2026-05-05 10:11:09,22343137
2026-05-05 10:11:59,22343137
2026-05-05 10:12:49,22343137
2026-05-05 10:13:39,22343137
2026-05-05 10:14:29,22343137
2026-05-05 10:15:19,22343137
2026-05-05 10:16:09,22343137
2026-05-05 10:16:59,22343137
2026-05-05 10:17:49,22343137
2026-05-05 10:18:39,22343137
2026-05-05 10:19:29,22343137
2026-05-05 10:20:20,22343137
2026-05-05 10:21:10,22343137
2026-05-05 10:22:03,22343137
2026-05-05 10:22:53,22343137
2026-05-05 10:23:43,22343137
2026-05-05 10:24:33,22343137
2026-05-05 10:25:23,22343137
2026-05-05 10:26:13,22343137
2026-05-05 10:27:03,22343137
2026-05-05 10:27:53,22343137
2026-05-05 10:28:43,22343137
2026-05-05 10:29:33,22343137
2026-05-05 10:30:24,22343137
2026-05-05 10:31:14,22343137
2026-05-05 10:32:04,22343137
2026-05-05 10:32:54,22343137
2026-05-05 10:33:44,22343137
2026-05-05 10:34:34,22343137
2026-05-05 10:35:24,22343137
2026-05-05 10:36:14,22343137
2026-05-05 10:37:04,22343137
2026-05-05 10:37:55,22343137
2026-05-05 10:38:45,22343137
2026-05-05 10:39:35,22343137
2026-05-05 10:40:25,22343137
2026-05-05 10:41:15,22343137
2026-05-05 10:42:05,22343137
2026-05-05 10:42:55,22343137
2026-05-05 10:43:45,22343137
2026-05-05 10:44:35,22343137
2026-05-05 10:45:26,22343137
2026-05-05 10:46:16,22343137
2026-05-05 10:47:06,22343137
2026-05-05 10:47:56,22343137
2026-05-05 10:48:46,22343137
2026-05-05 10:49:36,22343137
2026-05-05 10:50:26,22343137
2026-05-05 10:51:16,22343137
2026-05-05 10:52:06,22343137
2026-05-05 10:52:57,22343137
2026-05-05 10:53:47,22343137
2026-05-05 10:54:37,22343137
2026-05-05 10:55:27,22343137
2026-05-05 10:56:17,22343137
2026-05-05 10:57:07,22343137
2026-05-05 10:57:57,22343137
2026-05-05 10:58:47,22343137
2026-05-05 10:59:37,22343137
2026-05-05 11:00:28,22343137
2026-05-05 11:01:18,22343137
2026-05-05 11:02:08,22343137
2026-05-05 11:02:58,22343137
2026-05-05 11:03:48,22343137
2026-05-05 11:04:38,22343137
2026-05-05 11:05:28,22343137
2026-05-05 11:06:18,22343137
2026-05-05 11:07:08,22343137
2026-05-05 11:07:58,22343137
2026-05-05 11:08:48,22343137
2026-05-05 11:09:38,22343137
2026-05-05 11:10:29,22343137
2026-05-05 11:11:19,22343137
2026-05-05 11:12:09,22343137
2026-05-05 11:12:59,22343137
2026-05-05 11:13:49,22343137
2026-05-05 11:14:39,22343137
2026-05-05 11:15:29,22343137
2026-05-05 11:16:19,22343137
2026-05-05 11:17:09,22343137
2026-05-05 11:18:03,22343137
2026-05-05 11:18:53,22343137
2026-05-05 11:19:43,22343137
2026-05-05 11:20:33,22343137
2026-05-05 11:21:23,22343137
2026-05-05 11:22:13,22343137
2026-05-05 11:23:04,22343137
2026-05-05 11:23:54,22343137
2026-05-05 11:24:44,22343137
2026-05-05 11:25:34,22343137
2026-05-05 11:26:24,22343137
2026-05-05 11:27:14,22343137
2026-05-05 11:28:04,22343137
2026-05-05 11:28:54,22343137
2026-05-05 11:29:44,22343137
2026-05-05 11:30:34,22343137
2026-05-05 11:31:24,22343137
2026-05-05 11:32:15,22343137
2026-05-05 11:33:05,22343137
2026-05-05 11:33:55,22343137
2026-05-05 11:34:45,22343137
2026-05-05 11:35:35,22343137
2026-05-05 11:36:25,22343137
2026-05-05 11:37:15,22343137
2026-05-05 11:38:05,22343137
2026-05-05 11:38:55,22343137
2026-05-05 11:39:45,22343137
2026-05-05 11:40:36,22343137
2026-05-05 11:41:26,22343137
2026-05-05 11:42:16,22343137
2026-05-05 11:43:06,22343137
2026-05-05 11:43:56,22343137
2026-05-05 11:44:46,22343137
2026-05-05 11:45:36,22343137
2026-05-05 11:46:26,22343137
2026-05-05 11:47:16,22343137
2026-05-05 11:48:07,22343137
2026-05-05 11:48:57,22343137
2026-05-05 11:49:47,22343137
2026-05-05 11:50:37,22343137
2026-05-05 11:51:27,22343137
2026-05-05 11:52:17,22343137
2026-05-05 11:53:07,22343137
2026-05-05 11:53:57,22343137
2026-05-05 11:54:48,22343137
2026-05-05 11:55:38,22343137
2026-05-05 11:56:28,22343137
2026-05-05 11:57:18,22343137
2026-05-05 11:58:08,22343137
2026-05-05 11:58:58,22343137
2026-05-05 11:59:48,22343137
2026-05-05 12:00:39,22343137
2026-05-05 12:01:29,22343137
2026-05-05 12:02:19,22343137
2026-05-05 12:03:09,22343137
2026-05-05 12:03:59,22343137
2026-05-05 12:04:49,22343137
2026-05-05 12:05:39,22343137
2026-05-05 12:06:29,22343137
2026-05-05 12:07:19,22343137
2026-05-05 12:08:09,22343137
2026-05-05 12:08:59,22343137
2026-05-05 12:09:49,22343137
2026-05-05 12:10:40,22343137
2026-05-05 12:11:30,22343137
2026-05-05 12:12:20,22343137
2026-05-05 12:13:10,22343137
2026-05-05 12:14:03,22343137
2026-05-05 12:14:53,22343137
2026-05-05 12:15:43,22343137
2026-05-05 12:16:33,22343137
2026-05-05 12:17:23,22343137
2026-05-05 12:18:14,22343137
2026-05-05 12:19:04,22343137
2026-05-05 12:19:54,22343137
2026-05-05 12:20:44,22343137
2026-05-05 12:21:34,22343137
2026-05-05 12:22:24,22343137
2026-05-05 12:23:14,22343137
2026-05-05 12:24:04,22343137
2026-05-05 12:24:54,22343137
2026-05-05 12:25:45,22343137
2026-05-05 12:26:35,22343137
2026-05-05 12:27:25,22343137
2026-05-05 12:28:15,22343137
2026-05-05 12:29:05,22343137
2026-05-05 12:29:55,22343137
2026-05-05 12:30:46,22343137
2026-05-05 12:31:36,22343137
2026-05-05 12:32:26,22343137
2026-05-05 12:33:16,22343137
2026-05-05 12:34:06,22343137
2026-05-05 12:34:56,22343137
2026-05-05 12:35:46,22343137
2026-05-05 12:36:36,22343137
2026-05-05 12:37:26,22343137
2026-05-05 12:38:16,22343137
2026-05-05 12:39:06,22343137
2026-05-05 12:39:56,22343137
2026-05-05 12:40:47,22343137
2026-05-05 12:41:37,22343137
2026-05-05 12:42:28,22343137
2026-05-05 12:43:18,22343137
2026-05-05 12:44:08,22343137
2026-05-05 12:44:58,22343137
2026-05-05 12:45:48,22343137
2026-05-05 12:46:38,22343137
2026-05-05 12:47:28,22343137
2026-05-05 12:48:18,22343137
2026-05-05 12:49:08,22343137
2026-05-05 12:49:58,22343137
2026-05-05 12:50:49,22343137
2026-05-05 12:51:39,22343137
2026-05-05 12:52:29,22343137
2026-05-05 12:53:19,22343137
2026-05-05 12:54:09,22343137
2026-05-05 12:54:59,22343137
2026-05-05 12:55:49,22343137
2026-05-05 12:56:39,22343137
2026-05-05 12:57:29,22343137
2026-05-05 12:58:19,22343137
2026-05-05 12:59:09,22343137
2026-05-05 12:59:59,22343137
2026-05-05 13:00:50,22343137
2026-05-05 13:01:40,22343137
2026-05-05 13:02:30,22343137
2026-05-05 13:03:20,22343137
2026-05-05 13:04:10,22343137
2026-05-05 13:05:03,22343137
2026-05-05 13:05:53,22343137
2026-05-05 13:06:44,22343137
2026-05-05 13:07:34,22343137
2026-05-05 13:08:24,22343137
2026-05-05 13:09:14,22343137
2026-05-05 13:10:04,22343137
2026-05-05 13:10:54,22343137
2026-05-05 13:11:44,22343137
2026-05-05 13:12:34,22343137
2026-05-05 13:13:24,22343137
2026-05-05 13:14:15,22343137
2026-05-05 13:15:05,22343137
2026-05-05 13:15:55,22343137
2026-05-05 13:16:45,22343137
2026-05-05 13:17:35,22343137
2026-05-05 13:18:25,22343137
2026-05-05 13:19:15,22343137
2026-05-05 13:20:05,22343137
2026-05-05 13:20:55,22343137
2026-05-05 13:21:45,22343137
2026-05-05 13:22:36,22343137
2026-05-05 13:23:26,22343137
2026-05-05 13:24:16,22343137
2026-05-05 13:25:06,22343137
2026-05-05 13:25:56,22343137
2026-05-05 13:26:46,22343137
2026-05-05 13:27:36,22343137
2026-05-05 13:28:26,22343137
2026-05-05 13:29:16,22343137
2026-05-05 13:30:06,22343137
2026-05-05 13:30:57,22343137
2026-05-05 13:31:47,22343137
2026-05-05 13:32:37,22343137
2026-05-05 13:33:27,22343137
2026-05-05 13:34:17,22343137
2026-05-05 13:35:07,22343137
2026-05-05 13:35:57,22343137
2026-05-05 13:36:47,22343137
2026-05-05 13:37:37,22343137
2026-05-05 13:38:27,22343137
2026-05-05 13:39:17,22343137
2026-05-05 13:40:08,22343137
2026-05-05 13:40:58,22343137
2026-05-05 13:41:48,22343137
2026-05-05 13:42:38,22343137
2026-05-05 13:43:28,22343137
2026-05-05 13:44:18,22343137
2026-05-05 13:45:09,22343137
2026-05-05 13:45:59,22343137
2026-05-05 13:46:49,22343137
2026-05-05 13:47:39,22343137
2026-05-05 13:48:29,22343137
2026-05-05 13:49:19,22343137
2026-05-05 13:50:09,22343137
2026-05-05 13:50:59,22343137
2026-05-05 13:51:50,22343137
2026-05-05 13:52:40,22343137
2026-05-05 13:53:30,22343137
2026-05-05 13:54:20,22343137
2026-05-05 13:55:10,22343137
2026-05-05 13:56:03,22343137
2026-05-05 13:56:53,22343137
2026-05-05 13:57:43,22343137
2026-05-05 13:58:33,22343137
2026-05-05 13:59:23,22343137
2026-05-05 14:00:14,22343137
2026-05-05 14:01:04,22343137
2026-05-05 14:01:54,22343137
2026-05-05 14:02:44,22343137
2026-05-05 14:03:35,22343137
2026-05-05 14:04:25,22343137
2026-05-05 14:05:15,22343137
2026-05-05 14:06:05,22343137
2026-05-05 14:06:55,22343137
2026-05-05 14:07:45,22343137
2026-05-05 14:08:35,22343137
2026-05-05 14:09:25,22343137
2026-05-05 14:10:16,22343137
2026-05-05 14:11:06,22343137
2026-05-05 14:11:56,22343137
2026-05-05 14:12:46,22343137
2026-05-05 14:13:36,22343137
2026-05-05 14:14:26,22343137
2026-05-05 14:15:16,22343137
2026-05-05 14:16:06,22343137
2026-05-05 14:16:56,22343137
2026-05-05 14:17:46,22343137
2026-05-05 14:18:36,22343137
2026-05-05 14:19:26,22343137
2026-05-05 14:20:17,22343137
2026-05-05 14:21:07,22343137
2026-05-05 14:21:57,22343137
2026-05-05 14:22:47,22343137
2026-05-05 14:23:37,22343137
2026-05-05 14:24:27,22343137
2026-05-05 14:25:17,22343137
2026-05-05 14:26:07,22343137
2026-05-05 14:26:58,22343137
2026-05-05 14:27:48,22343137
2026-05-05 14:28:38,22343137
2026-05-05 14:29:28,22343137
2026-05-05 14:30:18,22343137
2026-05-05 14:31:08,22343137
2026-05-05 14:31:58,22343137
2026-05-05 14:32:48,22343137
2026-05-05 14:33:38,22343137
2026-05-05 14:34:29,22343137
2026-05-05 14:35:19,22343137
2026-05-05 14:36:09,22343137
2026-05-05 14:36:59,22343137
2026-05-05 14:37:49,22343137
2026-05-05 14:38:39,22343137
2026-05-05 14:39:29,22343137
2026-05-05 14:40:19,22343137
2026-05-05 14:41:10,22343137
2026-05-05 14:42:03,22343137
2026-05-05 14:42:53,22343137
2026-05-05 14:43:43,22343137
2026-05-05 14:44:33,22343137
2026-05-05 14:45:23,22343137
2026-05-05 14:46:13,22343137
2026-05-05 14:47:03,22343137
2026-05-05 14:47:53,22343137
2026-05-05 14:48:43,22343137
2026-05-05 14:49:33,22343137
2026-05-05 14:50:24,22343137
2026-05-05 14:51:14,22343137
2026-05-05 14:52:04,22343137
2026-05-05 14:52:54,22343137
2026-05-05 14:53:44,22343137
2026-05-05 14:54:34,22343137
2026-05-05 14:55:24,22343137
2026-05-05 14:56:14,22343137
2026-05-05 14:57:04,22343137
2026-05-05 14:57:54,22343137
2026-05-05 14:58:45,22343137
2026-05-05 14:59:35,22343137
2026-05-05 15:00:25,22343137
2026-05-05 15:01:15,22343137
2026-05-05 15:02:05,22343137
2026-05-05 15:02:55,22343137
2026-05-05 15:03:45,22343137
2026-05-05 15:04:36,22343137
2026-05-05 15:05:26,22343137
2026-05-05 15:06:16,22343137
2026-05-05 15:07:06,22343137
2026-05-05 15:07:56,22343137
2026-05-05 15:08:46,22343137
2026-05-05 15:09:36,22343137
2026-05-05 15:10:26,22343137
2026-05-05 15:11:17,22343137
2026-05-05 15:12:07,22343137
2026-05-05 15:12:57,22343137
2026-05-05 15:13:47,22343137
2026-05-05 15:14:37,22343137
2026-05-05 15:15:27,22343137
2026-05-05 15:16:17,22343137
2026-05-05 15:17:07,22343137
2026-05-05 15:17:57,22343137
2026-05-05 15:18:47,22343137
2026-05-05 15:19:37,22343137
2026-05-05 15:20:28,22343137
2026-05-05 15:21:18,22343137
2026-05-05 15:22:08,22343137
2026-05-05 15:22:58,22343137
2026-05-05 15:23:48,22343137
2026-05-05 15:24:38,22343137
2026-05-05 15:25:29,22343137
2026-05-05 15:26:19,22343137
2026-05-05 15:27:09,22343137
2026-05-05 15:27:59,22343137
2026-05-05 15:28:49,22343137
2026-05-05 15:29:39,22343137
2026-05-05 15:30:29,22343137
2026-05-05 15:31:19,22343137
2026-05-05 15:32:09,22343137
2026-05-05 15:32:59,22343137
2026-05-05 15:33:50,22343137
2026-05-05 15:34:40,22343137
2026-05-05 15:35:30,22343137
2026-05-05 15:36:20,22343137
2026-05-05 15:37:10,22343137
2026-05-05 15:38:03,22343137
2026-05-05 15:38:53,22343137
2026-05-05 15:39:43,22343137
2026-05-05 15:40:34,22167120
2026-05-05 15:41:24,22167120
2026-05-05 15:42:14,22167120
2026-05-05 15:43:04,22167120
2026-05-05 15:43:54,22167120
2026-05-05 15:44:44,22167120
2026-05-05 15:45:34,22167120
2026-05-05 15:46:24,22167120
2026-05-05 15:47:14,22167120
2026-05-05 15:48:04,22167120
2026-05-05 15:48:54,22167120
2026-05-05 15:49:44,22167120
2026-05-05 15:50:35,22167120
2026-05-05 15:51:25,22167120
2026-05-05 15:52:15,22167120
2026-05-05 15:53:05,22167120
2026-05-05 15:53:55,22167120
2026-05-05 15:54:45,22167120
2026-05-05 15:55:35,22167120
2026-05-05 15:56:25,22167120
2026-05-05 15:57:15,22167120
2026-05-05 15:58:05,22167120
2026-05-05 15:58:55,22167120
2026-05-05 15:59:45,22167120
2026-05-05 16:00:36,22167120
2026-05-05 16:01:26,22167120
2026-05-05 16:02:16,22167120
2026-05-05 16:03:06,22167120
2026-05-05 16:03:56,22167120
2026-05-05 16:04:46,22167120
2026-05-05 16:05:36,22167120
2026-05-05 16:06:26,22167120
2026-05-05 16:07:16,22167120
2026-05-05 16:08:06,22167120
2026-05-05 16:08:56,22167120
2026-05-05 16:09:47,22167120
2026-05-05 16:10:37,22167120
2026-05-05 16:11:27,22167120
2026-05-05 16:12:17,22167120
2026-05-05 16:13:07,22167120
2026-05-05 16:13:57,22167120
2026-05-05 16:14:47,22167120
2026-05-05 16:15:38,22167120
2026-05-05 16:16:28,22167120
2026-05-05 16:17:18,22167120
2026-05-05 16:18:08,22167120
2026-05-05 16:18:58,22167120
2026-05-05 16:19:48,22167120
2026-05-05 16:20:38,22167120
2026-05-05 16:21:28,22167120
2026-05-05 16:22:19,22167120
2026-05-05 16:23:09,22167120
2026-05-05 16:23:59,22167120
2026-05-05 16:24:49,22167120
2026-05-05 16:25:39,22167120
2026-05-05 16:26:29,22167120
2026-05-05 16:27:19,22167120
2026-05-05 16:28:09,22167120
2026-05-05 16:28:59,22167120
2026-05-05 16:29:49,22167120
2026-05-05 16:30:40,22167120
2026-05-05 16:31:30,22167120
2026-05-05 16:32:20,22167120
2026-05-05 16:33:10,22167120
2026-05-05 16:34:03,22167120
2026-05-05 16:34:53,22167120
2026-05-05 16:35:43,22167120
2026-05-05 16:36:33,22167120
2026-05-05 16:37:23,22167120
2026-05-05 16:38:13,22167120
2026-05-05 16:39:03,22167120
2026-05-05 16:39:54,22167120
2026-05-05 16:40:44,22167120
2026-05-05 16:41:34,22167120
2026-05-05 16:42:24,22167120
2026-05-05 16:43:14,22167120
2026-05-05 16:44:04,22167120
2026-05-05 16:44:54,22167120
2026-05-05 16:45:44,22167120
2026-05-05 16:46:34,22167120
2026-05-05 16:47:25,22167120
2026-05-05 16:48:15,22167120
2026-05-05 16:49:05,22167120
2026-05-05 16:49:55,22167120
2026-05-05 16:50:45,22167120
2026-05-05 16:51:35,22167120
2026-05-05 16:52:25,22167120
2026-05-05 16:53:15,22167120
2026-05-05 16:54:06,22167120
2026-05-05 16:54:56,22167120
2026-05-05 16:55:46,22167120
2026-05-05 16:56:36,22167120
2026-05-05 16:57:26,22167120
2026-05-05 16:58:16,22167120
2026-05-05 16:59:06,22167120
2026-05-05 16:59:56,22167120
2026-05-05 17:00:47,22167120
2026-05-05 17:01:37,22167120
2026-05-05 17:02:27,22167120
2026-05-05 17:03:17,22167120
2026-05-05 17:04:07,22167120
2026-05-05 17:04:57,22167120
2026-05-05 17:05:47,22167120
2026-05-05 17:06:37,22167120
2026-05-05 17:07:27,22167120
2026-05-05 17:08:17,22167120
2026-05-05 17:09:07,22167120
2026-05-05 17:09:58,22167120
2026-05-05 17:10:48,22167120
2026-05-05 17:11:38,22167120
2026-05-05 17:12:28,22167120
2026-05-05 17:13:18,22167120
2026-05-05 17:14:08,22167120
2026-05-05 17:14:58,22167120
2026-05-05 17:15:48,22167120
2026-05-05 17:16:38,22167120
2026-05-05 17:17:28,22167120
2026-05-05 17:18:19,22167120
2026-05-05 17:19:09,22167120
2026-05-05 17:19:59,22167120
2026-05-05 17:20:49,22167120
2026-05-05 17:21:39,22167120
2026-05-05 17:22:29,22167120
2026-05-05 17:23:19,22167120
2026-05-05 17:24:09,22167120
2026-05-05 17:25:03,22167120
2026-05-05 17:25:53,22167120
2026-05-05 17:26:43,22167120
2026-05-05 17:27:33,22167120
2026-05-05 17:28:23,22167120
2026-05-05 17:29:13,22167120
2026-05-05 17:30:03,22167120
2026-05-05 17:30:53,22167120
2026-05-05 17:31:43,22167120
2026-05-05 17:32:34,22167120
2026-05-05 17:33:24,22167120
2026-05-05 17:34:14,22167120
2026-05-05 17:35:04,22167120
2026-05-05 17:35:54,22167120
2026-05-05 17:36:44,22167120
2026-05-05 17:37:34,22167120
2026-05-05 17:38:24,22167120
2026-05-05 17:39:14,22167120
2026-05-05 17:40:04,22167120
2026-05-05 17:40:55,22167120
2026-05-05 17:41:45,22167120
2026-05-05 17:42:35,22167120
2026-05-05 17:43:25,22167120
2026-05-05 17:44:15,22167120
2026-05-05 17:45:05,22167120
2026-05-05 17:45:55,22167120
2026-05-05 17:46:46,22167120
2026-05-05 17:47:36,22167120
2026-05-05 17:48:26,22167120
2026-05-05 17:49:16,22167120
2026-05-05 17:50:06,22167120
2026-05-05 17:50:57,22167120
2026-05-05 17:51:47,22167120
2026-05-05 17:52:37,22167120
2026-05-05 17:53:27,22167120
2026-05-05 17:54:17,22167120
2026-05-05 17:55:07,22167120
2026-05-05 17:55:57,22167120
2026-05-05 17:56:47,22167120
2026-05-05 17:57:37,22167120
2026-05-05 17:58:27,22167120
2026-05-05 17:59:17,22167120
2026-05-05 18:00:07,22167120
2026-05-05 18:00:58,22167120
2026-05-05 18:01:48,22167120
2026-05-05 18:02:39,22167120
2026-05-05 18:03:29,22167120
2026-05-05 18:04:19,22167120
2026-05-05 18:05:09,22167120
2026-05-05 18:05:59,22167120
2026-05-05 18:06:49,22167120
2026-05-05 18:07:39,22167120
2026-05-05 18:08:29,22167120
2026-05-05 18:09:19,22167120
2026-05-05 18:10:09,22167120
2026-05-05 18:11:03,22167120
2026-05-05 18:11:53,22167120
2026-05-05 18:12:43,22167120
2026-05-05 18:13:33,22167120
2026-05-05 18:14:23,22167120
2026-05-05 18:15:13,22167120
2026-05-05 18:16:03,22167120
2026-05-05 18:16:53,22167120
2026-05-05 18:17:43,22167120
2026-05-05 18:18:33,22167120
2026-05-05 18:19:24,22167120
2026-05-05 18:20:14,22167120
2026-05-05 18:21:04,22167120
2026-05-05 18:21:54,22167120
2026-05-05 18:22:44,22167120
2026-05-05 18:23:34,22167120
2026-05-05 18:24:24,22167120
2026-05-05 18:25:15,22167120
2026-05-05 18:26:05,22167120
2026-05-05 18:26:55,22167120
2026-05-05 18:27:45,22167120
2026-05-05 18:28:35,22167120
2026-05-05 18:29:25,22167120
2026-05-05 18:30:16,22167120
2026-05-05 18:31:06,22167120
2026-05-05 18:31:56,22167120
2026-05-05 18:32:46,22167120
2026-05-05 18:33:36,22167120
2026-05-05 18:34:26,22167120
2026-05-05 18:35:16,22167120
2026-05-05 18:36:06,22167120
2026-05-05 18:36:56,22167120
2026-05-05 18:37:46,22167120
2026-05-05 18:38:36,22167120
2026-05-05 18:39:27,22167120
2026-05-05 18:40:17,22167120
2026-05-05 18:41:07,22167120
2026-05-05 18:41:57,22167120
2026-05-05 18:42:47,22167120
2026-05-05 18:43:37,22167120
2026-05-05 18:44:27,22167120
2026-05-05 18:45:17,22167120
2026-05-05 18:46:07,22167120
2026-05-05 18:46:57,22167120
2026-05-05 18:47:47,22167120
2026-05-05 18:48:37,22167120
2026-05-05 18:49:27,22167120
2026-05-05 18:50:18,22167120
2026-05-05 18:51:08,22167120
2026-05-05 18:51:58,22167120
2026-05-05 18:52:48,22167120
2026-05-05 18:53:39,22167120
2026-05-05 18:54:29,22167120
2026-05-05 18:55:19,22167120
2026-05-05 18:56:09,22167120
2026-05-05 18:56:59,22167120
2026-05-05 18:57:49,22167120
2026-05-05 18:58:39,22167120
2026-05-05 18:59:29,22167120
2026-05-05 19:00:19,22167120
2026-05-05 19:01:10,22167120
2026-05-05 19:02:03,22167120
2026-05-05 19:02:53,22167120
2026-05-05 19:03:43,22167120
2026-05-05 19:04:33,22167120
2026-05-05 19:05:23,22167120
2026-05-05 19:06:13,22167120
2026-05-05 19:07:03,22167120
2026-05-05 19:07:53,22167120
2026-05-05 19:08:43,22167120
2026-05-05 19:09:33,22167120
2026-05-05 19:10:24,22167120
2026-05-05 19:11:14,22167120
2026-05-05 19:12:04,22167120
2026-05-05 19:12:54,22167120
2026-05-05 19:13:44,22167120
2026-05-05 19:14:34,22167120
2026-05-05 19:15:24,22167120
2026-05-05 19:16:14,22167120
2026-05-05 19:17:04,22167120
2026-05-05 19:17:55,22167120
2026-05-05 19:18:45,22167120
2026-05-05 19:19:35,22167120
2026-05-05 19:22:27,22167120
2026-05-05 19:23:17,22167120
2026-05-05 19:24:07,22167120
2026-05-05 19:24:57,22167120
2026-05-05 19:25:47,22167120
2026-05-05 19:26:37,22167120
2026-05-05 19:27:27,22167120
2026-05-05 19:28:18,22167120
2026-05-05 19:29:08,22167120
2026-05-05 19:29:58,22167120
2026-05-05 19:30:48,22167120
2026-05-05 19:31:38,22167120
2026-05-05 19:32:28,22167120
2026-05-05 19:33:18,22167120
2026-05-05 19:34:08,22167120
2026-05-05 19:34:59,22167120
2026-05-05 19:35:49,22167120
2026-05-05 19:36:39,22167120
2026-05-05 19:37:29,22167120
2026-05-05 19:38:19,22167120
2026-05-05 19:39:09,22167120
2026-05-05 19:39:59,22167120
2026-05-05 19:40:49,22167120
2026-05-05 19:41:39,22167120
2026-05-05 19:42:30,22167120
2026-05-05 19:43:20,22167120
2026-05-05 19:44:10,22167120
2026-05-05 19:45:03,22167120
2026-05-05 19:45:53,22167120
2026-05-05 19:46:43,22167120
2026-05-05 19:47:33,22167120
2026-05-05 19:48:23,22167120
2026-05-05 19:49:13,22167120
2026-05-05 19:50:03,22167120
2026-05-05 19:50:54,22167120
2026-05-05 19:51:44,22167120
2026-05-05 19:52:34,22167120
2026-05-05 19:53:24,22167120
2026-05-05 19:54:14,22167120
2026-05-05 19:55:04,22167120
2026-05-05 19:55:54,22167120
2026-05-05 19:56:44,22167120
2026-05-05 19:57:34,22167120
2026-05-05 19:58:24,22167120
2026-05-05 19:59:14,22167120
2026-05-06 08:00:13,24057261
2026-05-06 08:01:03,24463787
2026-05-06 08:01:54,24306322
2026-05-06 08:02:44,24212331
2026-05-06 08:03:34,24130305
2026-05-06 08:04:24,24048279
2026-05-06 08:05:14,24112552
2026-05-06 08:06:04,24137493
2026-05-06 08:06:54,24149667
2026-05-06 08:07:44,24131904
2026-05-06 08:08:35,24124128
2026-05-06 08:09:25,24137692
2026-05-06 08:10:15,24121324
2026-05-06 08:11:06,24110557
2026-05-06 08:11:56,24131904
2026-05-06 08:12:46,24156055
2026-05-06 08:13:36,24146075
2026-05-06 08:14:26,24119727
2026-05-06 08:15:16,24111944
2026-05-06 08:16:06,24171024
2026-05-06 08:16:57,24187393
2026-05-06 08:17:47,24151064
2026-05-06 08:18:37,24217920
2026-05-06 08:19:27,24252052
2026-05-06 08:20:17,24320295
2026-05-06 08:21:07,24308928
2026-05-06 08:21:58,24320295
2026-05-06 08:22:48,24326683
2026-05-06 08:23:38,24349438
2026-05-06 08:24:28,24338061
2026-05-06 08:25:18,24320295
2026-05-06 08:26:08,24297551
2026-05-06 08:26:58,24291165
2026-05-06 08:27:48,24302542
2026-05-06 08:28:39,24286174
2026-05-06 08:29:29,24292562
2026-05-06 08:30:19,24287571
2026-05-06 08:31:09,24264816
2026-05-06 08:31:59,24232092
2026-05-06 08:32:49,24227103
2026-05-06 08:33:40,24210735
2026-05-06 08:34:30,24189378
2026-05-06 08:35:20,24175816
2026-05-06 08:36:10,24200755
2026-05-06 08:37:03,24199358
2026-05-06 08:37:53,24220715
2026-05-06 08:38:43,24210735
2026-05-06 08:39:34,24204349
2026-05-06 08:40:24,24187980
2026-05-06 08:41:14,24187980
2026-05-06 08:42:05,24215726
2026-05-06 08:42:55,24215726
2026-05-06 08:43:45,24199358
2026-05-06 08:44:35,24205746
2026-05-06 08:45:25,24185796
2026-05-06 08:46:15,24200755
2026-05-06 08:47:05,24189378
2026-05-06 08:47:55,24205746
2026-05-06 08:48:46,24205746
2026-05-06 08:49:36,24239867
2026-05-06 09:01:18,27493106
2026-05-06 09:02:10,28026716
2026-05-06 09:03:03,28333741
2026-05-06 09:03:54,27413165
2026-05-06 09:04:45,27178226
2026-05-06 09:05:35,28092415
2026-05-06 09:06:26,27494304
2026-05-06 09:07:17,26300157
2026-05-06 09:08:07,25591408
2026-05-06 09:08:57,25341628
2026-05-06 09:09:47,26048194
2026-05-06 09:10:38,26153535
2026-05-06 09:11:28,26665629
2026-05-06 09:12:18,26708572
2026-05-06 09:13:08,26644500
2026-05-06 09:13:58,26452406
2026-05-06 09:14:48,26593664
2026-05-06 09:15:38,26172766
2026-05-06 09:16:28,25997617
2026-05-06 09:17:19,26592854
2026-05-06 09:18:09,27220826
2026-05-06 09:18:59,27089189
2026-05-06 09:19:49,26928652
2026-05-06 09:20:39,26937098
2026-05-06 09:21:29,26914244
2026-05-06 09:22:20,26729603
2026-05-06 09:23:10,26919901
2026-05-06 09:24:03,26850502
2026-05-06 09:24:53,26673357
2026-05-06 09:25:43,27585359
2026-05-06 09:26:33,27547535
2026-05-06 09:27:23,27555168
2026-05-06 09:28:13,27458343
2026-05-06 09:29:03,26760971
2026-05-06 09:29:53,27180471
2026-05-06 09:30:44,26764475
2026-05-06 09:31:34,26431839
2026-05-06 09:32:24,26976858
2026-05-06 09:33:14,26581961
2026-05-06 09:34:04,26429395
2026-05-06 09:34:54,26658935
2026-05-06 09:35:45,26578536
2026-05-06 09:36:35,25958320
2026-05-06 09:37:25,26240985
2026-05-06 09:38:15,25883211
2026-05-06 09:39:05,25956852
2026-05-06 09:39:55,26099907
2026-05-06 09:40:46,26185686
2026-05-06 09:41:36,26241922
2026-05-06 09:42:26,26270067
2026-05-06 09:43:16,26292650
2026-05-06 09:44:06,26504196
2026-05-06 09:44:56,26476461
2026-05-06 09:45:46,26749555
2026-05-06 09:46:36,26624096
2026-05-06 09:47:27,26373957
2026-05-06 09:48:17,26473506
2026-05-06 09:49:07,26226064
2026-05-06 09:49:57,26103819
2026-05-06 09:50:48,26527578
2026-05-06 09:51:38,26491301
2026-05-06 09:52:28,26178898
2026-05-06 09:53:18,26131204
2026-05-06 09:54:08,26170325
2026-05-06 09:54:58,26188480
2026-05-06 09:55:48,26252541
2026-05-06 09:56:38,26382063
2026-05-06 09:57:29,26365335
2026-05-06 09:58:19,26241344
2026-05-06 09:59:09,26296681
2026-05-06 09:59:59,26303069
2026-05-06 10:00:50,25988909
2026-05-06 10:01:40,26120944
2026-05-06 10:02:30,26248548
2026-05-06 10:03:20,26280764
2026-05-06 10:04:10,26269387
2026-05-06 10:05:03,26017801
2026-05-06 10:05:53,25985117
2026-05-06 10:06:43,25985117
2026-05-06 10:07:33,26325985
2026-05-06 10:08:23,26291452
2026-05-06 10:09:14,26732996
2026-05-06 10:10:04,26523436
2026-05-06 10:10:54,26507070
2026-05-06 10:11:44,26373996
2026-05-06 10:12:34,26701339
2026-05-06 10:13:25,27565219
2026-05-06 10:14:15,27231509
2026-05-06 10:15:05,27131858
2026-05-06 10:15:55,27124373
2026-05-06 10:16:45,27137196
2026-05-06 10:17:35,27201617
2026-05-06 10:18:25,26977777
2026-05-06 10:19:15,27045042
2026-05-06 10:20:05,26629085
2026-05-06 10:20:56,26742567
2026-05-06 10:21:46,26492428
2026-05-06 10:22:36,26425714
2026-05-06 10:23:26,26311691
2026-05-06 10:24:16,26442070
2026-05-06 10:25:06,26263229
2026-05-06 10:25:56,26200046
2026-05-06 10:26:46,26642679
2026-05-06 10:27:36,26712230
2026-05-06 10:28:27,26822159
2026-05-06 10:29:17,26578396
2026-05-06 10:30:07,26448925
2026-05-06 10:30:57,26497878
2026-05-06 10:31:48,26559644
2026-05-06 10:32:38,27471238
2026-05-06 10:33:28,27907105
2026-05-06 10:34:18,28710704
2026-05-06 10:35:08,28504536
2026-05-06 10:35:58,27557016
2026-05-06 10:36:48,27736358
2026-05-06 10:37:38,27982903
2026-05-06 10:38:28,28327992
2026-05-06 10:39:18,28240827
2026-05-06 10:40:09,28802411
2026-05-06 10:40:59,28791034
2026-05-06 10:41:49,28906643
2026-05-06 10:42:39,28908030
2026-05-06 10:43:29,29093827
2026-05-06 10:44:20,28741384
2026-05-06 10:45:10,28420785
2026-05-06 10:46:03,28435926
2026-05-06 10:46:53,28073502
2026-05-06 10:47:43,28312621
2026-05-06 10:48:33,28147304
2026-05-06 10:49:23,28224698
2026-05-06 10:50:14,28336772
2026-05-06 10:51:04,28164898
2026-05-06 10:51:54,28067054
2026-05-06 10:52:44,28189110
2026-05-06 10:53:34,28214718
2026-05-06 10:54:24,28325395
2026-05-06 10:55:14,28223850
2026-05-06 10:56:04,28282582
2026-05-06 10:56:54,28216075
2026-05-06 10:57:45,28455048
2026-05-06 10:58:35,28522462
2026-05-06 10:59:25,28355896
2026-05-06 11:00:15,28705545
2026-05-06 11:01:06,29133966
2026-05-06 11:01:56,29461031
2026-05-06 11:02:46,29533435
2026-05-06 11:03:36,29700151
2026-05-06 11:04:26,29271559
2026-05-06 11:05:16,29350353
2026-05-06 11:06:06,29144515
2026-05-06 11:06:56,28834536
2026-05-06 11:07:46,28595575
2026-05-06 11:08:36,28971722
2026-05-06 11:09:26,28944825
2026-05-06 11:10:17,29060503
2026-05-06 11:11:07,29308697
2026-05-06 11:11:57,29095184
2026-05-06 11:12:47,29284495
2026-05-06 11:13:37,29100173
2026-05-06 11:14:28,29345523
2026-05-06 11:15:18,29518067
2026-05-06 11:16:08,29539424
2026-05-06 11:16:58,29373944
2026-05-06 11:17:48,29562178
2026-05-06 11:18:38,29855941
2026-05-06 11:19:28,30177455
2026-05-06 11:20:19,30098123
2026-05-06 11:21:09,30027656
2026-05-06 11:21:59,30137095
2026-05-06 11:22:49,30065929
2026-05-06 11:23:39,30045649
2026-05-06 11:24:29,29862556
2026-05-06 11:25:19,29750640
2026-05-06 11:26:09,29605841
2026-05-06 11:26:59,29664373
2026-05-06 11:27:49,29345362
2026-05-06 11:28:39,29345362
2026-05-06 11:29:30,29461728
2026-05-06 11:30:20,29639123
2026-05-06 11:31:10,29401401
2026-05-06 11:32:03,29222070
2026-05-06 11:32:53,29217081
2026-05-06 11:33:43,29210692
2026-05-06 11:34:33,29144515
2026-05-06 11:35:23,28961422
2026-05-06 11:36:13,29016061
2026-05-06 11:37:03,28727451
2026-05-06 11:37:53,28905383
2026-05-06 11:38:44,28976551
2026-05-06 11:39:34,29192939
2026-05-06 11:40:24,28887949
2026-05-06 11:41:14,28877811
2026-05-06 11:42:05,28684747
2026-05-06 11:42:55,28572831
2026-05-06 11:43:45,28623878
2026-05-06 11:44:35,28520876
2026-05-06 11:45:25,28739546
2026-05-06 11:46:15,28750923
2026-05-06 11:47:05,28719029
2026-05-06 11:47:55,28849685
2026-05-06 11:48:45,28578949
2026-05-06 11:49:35,28459388
2026-05-06 11:50:26,28563540
2026-05-06 11:51:16,28592822
2026-05-06 11:52:06,28312052
2026-05-06 11:52:56,28323430
2026-05-06 11:53:46,28474698
2026-05-06 11:54:36,28347723
2026-05-06 11:55:26,28354030
2026-05-06 11:56:17,28434118
2026-05-06 11:57:07,28439109
2026-05-06 11:57:57,28571304
2026-05-06 11:58:47,28204968
2026-05-06 11:59:37,28459069
2026-05-06 12:00:28,28597491
2026-05-06 12:01:18,28403191
2026-05-06 12:02:08,28413171
2026-05-06 12:02:58,28235069
2026-05-06 12:03:48,28038113
2026-05-06 12:04:38,28223692
2026-05-06 12:05:28,28160169
2026-05-06 12:06:18,28340595
2026-05-06 12:07:08,28263212
2026-05-06 12:07:58,28205937
2026-05-06 12:08:49,28384041
2026-05-06 12:09:39,28512321
2026-05-06 12:10:29,28577103
2026-05-06 12:11:19,28377653
2026-05-06 12:12:10,28438680
2026-05-06 12:13:03,28621764
2026-05-06 12:13:53,28554348
2026-05-06 12:14:43,28569477
2026-05-06 12:15:33,28518418
2026-05-06 12:16:23,28569307
2026-05-06 12:17:13,28452412
2026-05-06 12:18:03,28640474
2026-05-06 12:18:53,28451005
2026-05-06 12:19:43,28445855
2026-05-06 12:20:34,28340327
2026-05-06 12:21:24,28323959
2026-05-06 12:22:14,28298850
2026-05-06 12:23:04,28181785
2026-05-06 12:23:54,28313989
2026-05-06 12:24:45,28313989
2026-05-06 12:25:35,28441035
2026-05-06 12:26:25,28384986
2026-05-06 12:27:15,28247803
2026-05-06 12:28:05,28120757
2026-05-06 12:28:55,28242273
2026-05-06 12:29:45,28178062
2026-05-06 12:30:36,28195687
2026-05-06 12:31:26,28265797
2026-05-06 12:32:16,28184310
2026-05-06 12:33:06,28198372
2026-05-06 12:33:56,28177912
2026-05-06 12:34:46,28105507
2026-05-06 12:35:36,27927574
2026-05-06 12:36:26,27933802
2026-05-06 12:37:16,27689691
2026-05-06 12:38:07,27521728
2026-05-06 12:38:57,27650169
2026-05-06 12:39:47,27797844
2026-05-06 12:40:37,27655332
2026-05-06 12:41:28,27736817
2026-05-06 12:42:18,27731736
2026-05-06 12:43:08,27808165
2026-05-06 12:43:58,27768643
2026-05-06 12:44:48,27977176
2026-05-06 12:45:38,28202063
2026-05-06 12:46:28,28199569
2026-05-06 12:47:18,28082653
2026-05-06 12:48:08,28118440
2026-05-06 12:48:58,27986406
2026-05-06 12:49:48,27966297
2026-05-06 12:50:39,27677676
2026-05-06 12:51:29,27687816
2026-05-06 12:52:19,27618283
2026-05-06 12:53:09,27732695
2026-05-06 12:54:03,27587994
2026-05-06 12:54:53,27668632
2026-05-06 12:55:43,27571466
2026-05-06 12:56:33,27474153
2026-05-06 12:57:23,27446418
2026-05-06 12:58:13,27583054
2026-05-06 12:59:03,27505669
2026-05-06 12:59:53,27447856
2026-05-06 13:00:43,27624203
2026-05-06 13:01:33,27671916
2026-05-06 13:02:23,27853762
2026-05-06 13:03:13,27729932
2026-05-06 13:04:03,27851986
2026-05-06 13:04:54,27853762
2026-05-06 13:05:44,27907862
2026-05-06 13:06:34,28031694
2026-05-06 13:07:24,28174568
2026-05-06 13:08:14,28285955
2026-05-06 13:09:04,28167063
2026-05-06 13:09:54,28038243
2026-05-06 13:10:45,28114387
2026-05-06 13:11:35,28045009
2026-05-06 13:12:25,28213172
2026-05-06 13:13:15,28158900
2026-05-06 13:14:05,28200186
2026-05-06 13:14:55,28205175
2026-05-06 13:15:46,28093261
2026-05-06 13:16:36,28165666
2026-05-06 13:17:26,28165666
2026-05-06 13:18:16,28227930
2026-05-06 13:19:06,28117782
2026-05-06 13:19:56,27984350
2026-05-06 13:20:47,27791287
2026-05-06 13:21:37,27881390
2026-05-06 13:22:27,28043487
2026-05-06 13:23:17,28132726
2026-05-06 13:24:07,27944633
2026-05-06 13:24:57,27893196
2026-05-06 13:25:47,27817050
2026-05-06 13:26:37,27908417
2026-05-06 13:27:27,27949074
2026-05-06 13:28:17,27833406
2026-05-06 13:29:08,27759395
2026-05-06 13:29:58,27776639
2026-05-06 13:30:48,27790512
2026-05-06 13:31:39,27797657
2026-05-06 13:32:29,27948756
2026-05-06 13:33:19,27827239
2026-05-06 13:34:09,27785951
2026-05-06 13:34:59,27815493
2026-05-06 13:35:49,27696092
2026-05-06 13:36:39,27825633
2026-05-06 13:37:29,27829622
2026-05-06 13:38:19,27822867
2026-05-06 13:39:09,27761151
2026-05-06 13:39:59,27654914
2026-05-06 13:40:50,27664894
2026-05-06 13:41:40,27692180
2026-05-06 13:42:30,27717708
2026-05-06 13:43:20,27740302
2026-05-06 13:44:10,27599186
2026-05-06 13:45:03,27575523
2026-05-06 13:45:53,27397819
2026-05-06 13:46:43,27434714
2026-05-06 13:47:33,27418610
2026-05-06 13:48:23,27532280
2026-05-06 13:49:13,27502920
2026-05-06 13:50:03,27479257
2026-05-06 13:50:54,27465954
2026-05-06 13:51:44,27457072
2026-05-06 13:52:34,27414906
2026-05-06 13:53:24,27515016
2026-05-06 13:54:14,27715872
2026-05-06 13:55:04,27642500
2026-05-06 13:55:54,27546782
2026-05-06 13:56:44,27498558
2026-05-06 13:57:34,27781253
2026-05-06 13:58:24,27725373
2026-05-06 13:59:15,27653477
2026-05-06 14:00:05,27713626
2026-05-06 14:00:55,27648488
2026-05-06 14:01:45,27553339
2026-05-06 14:02:36,27486432
2026-05-06 14:03:26,27448699
2026-05-06 14:04:16,27482339
2026-05-06 14:05:06,27581123
2026-05-06 14:05:56,27545714
2026-05-06 14:06:46,27578957
2026-05-06 14:07:36,27704035
2026-05-06 14:08:26,27642998
2026-05-06 14:09:16,27644605
2026-05-06 14:10:06,27728387
2026-05-06 14:10:57,27739096
2026-05-06 14:11:47,27801530
2026-05-06 14:12:37,27741333
2026-05-06 14:13:27,27738838
2026-05-06 14:14:17,27771710
2026-05-06 14:15:07,27655785
2026-05-06 14:15:57,27710425
2026-05-06 14:16:47,27731192
2026-05-06 14:17:38,28003406
2026-05-06 14:18:28,27963894
2026-05-06 14:19:18,27889596
2026-05-06 14:20:08,27833197
2026-05-06 14:20:59,27878077
2026-05-06 14:21:49,27948824
2026-05-06 14:22:39,27826442
2026-05-06 14:23:29,27877807
2026-05-06 14:24:19,28072278
2026-05-06 14:25:09,28052737
2026-05-06 14:25:59,27996750
2026-05-06 14:26:49,28018083
2026-05-06 14:27:39,28005452
2026-05-06 14:28:29,28143716
2026-05-06 14:29:19,28004055
2026-05-06 14:30:10,28015432
2026-05-06 14:31:03,28142476
2026-05-06 14:31:53,28164395
2026-05-06 14:32:43,28492277
2026-05-06 14:33:34,28419872
2026-05-06 14:34:24,28316968
2026-05-06 14:35:14,28407269
2026-05-06 14:36:04,28358844
2026-05-06 14:36:54,28264692
2026-05-06 14:37:44,28391739
2026-05-06 14:38:34,28508643
2026-05-06 14:39:24,28512237
2026-05-06 14:40:15,28433754
2026-05-06 14:41:05,28314893
2026-05-06 14:41:55,28302418
2026-05-06 14:42:45,28224722
2026-05-06 14:43:35,28388945
2026-05-06 14:44:25,28367437
2026-05-06 14:45:16,28588175
2026-05-06 14:46:06,28713764
2026-05-06 14:46:56,28653992
2026-05-06 14:47:46,28662717
2026-05-06 14:48:36,28662717
2026-05-06 14:49:26,28646348
2026-05-06 14:50:17,28542455
2026-05-06 14:51:07,28483803
2026-05-06 14:51:57,28527087
2026-05-06 14:52:47,28482427
2026-05-06 14:53:37,28549841
2026-05-06 14:54:27,28570301
2026-05-06 14:55:17,28671837
2026-05-06 14:56:08,28601728
2026-05-06 14:56:58,28671837
2026-05-06 14:57:48,28717396
2026-05-06 14:58:38,28839290
2026-05-06 14:59:28,28750120
2026-05-06 15:00:19,28752616
2026-05-06 15:01:09,28739979
2026-05-06 15:01:59,28662035
2026-05-06 15:02:49,28471331
2026-05-06 15:03:39,28576856
2026-05-06 15:04:29,28667026
2026-05-06 15:05:19,28696717
2026-05-06 15:06:09,28695481
2026-05-06 15:06:59,28781047
2026-05-06 15:07:49,28811565
2026-05-06 15:08:40,28730160
2026-05-06 15:09:30,28721578
2026-05-06 15:10:20,28732955
2026-05-06 15:11:11,28722985
2026-05-06 15:12:03,28792474
2026-05-06 15:12:53,28741587
2026-05-06 15:13:43,28768433
2026-05-06 15:14:33,28766128
2026-05-06 15:15:23,28897065
2026-05-06 15:16:13,28852844
2026-05-06 15:17:03,28832805
2026-05-06 15:17:53,28821228
2026-05-06 15:18:43,28807356
2026-05-06 15:19:33,28625170
2026-05-06 15:20:24,28716237
2026-05-06 15:21:15,28716237
2026-05-06 15:22:05,28716237
2026-05-06 15:22:55,28716237
2026-05-06 15:23:45,28716237
2026-05-06 15:24:35,28716237
2026-05-06 15:25:25,28716237
2026-05-06 15:26:15,28716237
2026-05-06 15:27:05,28716237
2026-05-06 15:27:55,28716237
2026-05-06 15:28:45,28716237
2026-05-06 15:29:35,28716237
2026-05-06 15:30:26,28694282
2026-05-06 15:31:17,28572226
2026-05-06 15:32:07,28572226
2026-05-06 15:32:57,28572226
2026-05-06 15:33:47,28572226
2026-05-06 15:34:37,28572226
2026-05-06 15:35:27,28572226
2026-05-06 15:36:17,28572226
2026-05-06 15:37:07,28572226
2026-05-06 15:37:57,28572226
2026-05-06 15:38:47,28572226
2026-05-06 15:39:37,28572226
2026-05-06 15:40:28,28618124
2026-05-06 15:41:18,28606747
2026-05-06 15:42:08,28606747
2026-05-06 15:42:58,28593982
2026-05-06 15:43:48,28531716
2026-05-06 15:44:38,28571228
2026-05-06 15:45:29,28481218
2026-05-06 15:46:19,28543485
2026-05-06 15:47:09,28584002
2026-05-06 15:47:59,28526727
2026-05-06 15:48:49,28588993
2026-05-06 15:49:39,28572625
2026-05-06 15:50:30,28549472
2026-05-06 15:51:20,28588993
2026-05-06 15:52:10,28544481
2026-05-06 15:53:03,28572625
2026-05-06 15:53:53,28566239
2026-05-06 15:54:43,28503973
2026-05-06 15:55:33,28515350
2026-05-06 15:56:23,28498982
2026-05-06 15:57:13,28554862
2026-05-06 15:58:03,28503973
2026-05-06 15:58:54,28503973
2026-05-06 15:59:44,28503973
2026-05-06 16:00:34,28549871
2026-05-06 16:01:24,28476227
2026-05-06 16:02:14,28554862
2026-05-06 16:03:05,28492596
2026-05-06 16:03:55,28476227
2026-05-06 16:04:45,28532107
2026-05-06 16:05:35,28532107
2026-05-06 16:06:25,28492596
2026-05-06 16:07:15,28481218
2026-05-06 16:08:05,28418964
2026-05-06 16:08:55,28469851
2026-05-06 16:09:45,28474840
2026-05-06 16:10:36,28463463
2026-05-06 16:11:26,28401199
2026-05-06 16:12:16,28423953
2026-05-06 16:13:06,28503973
2026-05-06 16:13:56,28508962
2026-05-06 16:14:46,28520339
2026-05-06 16:15:36,28520339
2026-05-06 16:16:26,28526727
2026-05-06 16:17:16,28543093
2026-05-06 16:18:07,28531716
2026-05-06 16:18:57,28485820
2026-05-06 16:19:47,28469452
2026-05-06 16:20:37,28536707
2026-05-06 16:21:28,28525330
2026-05-06 16:22:18,28474443
2026-05-06 16:23:08,28531716
2026-05-06 16:23:58,28485820
2026-05-06 16:24:48,28536707
2026-05-06 16:25:38,28530319
2026-05-06 16:26:28,28468055
2026-05-06 16:27:18,28473046
2026-05-06 16:28:08,28461669
2026-05-06 16:28:58,28473046
2026-05-06 16:29:48,28518942
2026-05-06 16:30:39,28512556
2026-05-06 16:31:29,28512556
2026-05-06 16:32:19,28461669
2026-05-06 16:33:09,28528922
2026-05-06 16:33:59,28517545
2026-05-06 16:34:50,28528922
2026-05-06 16:35:40,28466658
2026-05-06 16:36:30,28466658
2026-05-06 16:37:20,28450291
2026-05-06 16:38:10,28455280
2026-05-06 16:39:03,28501178
2026-05-06 16:39:53,28501178
2026-05-06 16:40:44,28494800
2026-05-06 16:41:34,28494800
2026-05-06 16:42:24,28483423
2026-05-06 16:43:14,28432536
2026-05-06 16:44:04,28421159
2026-05-06 16:44:54,28472046
2026-05-06 16:45:44,28477037
2026-05-06 16:46:34,28426150
2026-05-06 16:47:24,28477037
2026-05-06 16:48:14,28426150
2026-05-06 16:49:04,28426150
2026-05-06 16:49:55,28426150
2026-05-06 16:50:45,28488414
2026-05-06 16:51:35,28437527
2026-05-06 16:52:25,28488414
2026-05-06 16:53:15,28499791
2026-05-06 16:54:06,28499791
2026-05-06 16:54:56,28494800
2026-05-06 16:55:46,28437527
2026-05-06 16:56:36,28488414
2026-05-06 16:57:26,28488414
2026-05-06 16:58:16,28488414
2026-05-06 16:59:06,28437527
2026-05-06 16:59:56,28499791
2026-05-06 17:00:47,28499791
2026-05-06 17:01:37,28516147
2026-05-06 17:02:27,28504780
2026-05-06 17:03:17,28453893
2026-05-06 17:04:07,28448904
2026-05-06 17:04:57,28504780
2026-05-06 17:05:47,28504780
2026-05-06 17:06:37,28453893
2026-05-06 17:07:28,28504780
2026-05-06 17:08:18,28509771
2026-05-06 17:09:08,28516147
2026-05-06 17:09:58,28470251
2026-05-06 17:10:49,28509771
2026-05-06 17:11:39,28509771
2026-05-06 17:12:29,28475240
2026-05-06 17:13:19,28526127
2026-05-06 17:14:09,28514760
2026-05-06 17:14:59,28526127
2026-05-06 17:15:49,28514760
2026-05-06 17:16:39,28514760
2026-05-06 17:17:29,28514760
2026-05-06 17:18:20,28526127
2026-05-06 17:19:10,28519751
2026-05-06 17:20:03,28531118
2026-05-06 17:20:53,28531118
2026-05-06 17:21:44,28519751
2026-05-06 17:22:34,28480231
2026-05-06 17:23:24,28526127
2026-05-06 17:24:14,28531118
2026-05-06 17:25:04,28586996
2026-05-06 17:25:54,28580620
2026-05-06 17:26:44,28585599
2026-05-06 17:27:34,28596966
2026-05-06 17:28:24,28552476
2026-05-06 17:29:14,28562446
2026-05-06 17:30:05,28562446
2026-05-06 17:30:55,28624712
2026-05-06 17:31:45,28624712
2026-05-06 17:32:35,28636089
2026-05-06 17:33:25,28636089
2026-05-06 17:34:16,28585200
2026-05-06 17:35:06,28647466
2026-05-06 17:35:56,28658843
2026-05-06 17:36:46,28658843
2026-05-06 17:37:36,28652455
2026-05-06 17:38:26,28601566
2026-05-06 17:39:16,28668823
2026-05-06 17:40:06,28668823
2026-05-06 17:40:57,28612943
2026-05-06 17:41:47,28617934
2026-05-06 17:42:37,28657446
2026-05-06 17:43:27,28657446
2026-05-06 17:44:17,28719710
2026-05-06 17:45:07,28675200
2026-05-06 17:45:57,28719710
2026-05-06 17:46:47,28731078
2026-05-06 17:47:37,28680191
2026-05-06 17:48:28,28731078
2026-05-06 17:49:18,28680191
2026-05-06 17:50:08,28736067
2026-05-06 17:50:58,28729690
2026-05-06 17:51:48,28780579
2026-05-06 17:52:38,28729690
2026-05-06 17:53:28,28785568
2026-05-06 17:54:18,28785568
2026-05-06 17:55:08,28774191
2026-05-06 17:55:58,28780579
2026-05-06 17:56:48,28780579
2026-05-06 17:57:38,28723302
2026-05-06 17:58:29,28746047
2026-05-06 17:59:19,28785568
2026-05-06 18:00:09,28796936
2026-05-06 18:00:59,28746047
2026-05-06 18:01:49,28785568
2026-05-06 18:02:40,28729690
2026-05-06 18:03:30,28741058
2026-05-06 18:04:20,28791947
2026-05-06 18:05:10,28736067
2026-05-06 18:06:03,28770599
2026-05-06 18:06:53,28781967
2026-05-06 18:07:43,28832864
2026-05-06 18:08:33,28791947
2026-05-06 18:09:23,28775588
2026-05-06 18:10:14,28842844
2026-05-06 18:11:04,28831476
2026-05-06 18:11:54,28831476
2026-05-06 18:12:44,28852824
2026-05-06 18:13:34,28856425
2026-05-06 18:14:24,28816896
2026-05-06 18:15:14,28867793
2026-05-06 18:16:05,28884161
2026-05-06 18:16:55,28838253
2026-05-06 18:17:45,28899120
2026-05-06 18:18:35,28853214
2026-05-06 18:19:25,28858203
2026-05-06 18:20:15,28909100
2026-05-06 18:21:05,28858203
2026-05-06 18:21:55,28919080
2026-05-06 18:22:45,28866786
2026-05-06 18:23:35,28939040
2026-05-06 18:24:25,28937643
2026-05-06 18:25:15,28903114
2026-05-06 18:26:06,28908093
2026-05-06 18:26:56,28815897
2026-05-06 18:27:46,28842245
2026-05-06 18:28:36,28861797
2026-05-06 18:29:26,28861797
2026-05-06 18:30:16,28832265
2026-05-06 18:31:06,28876766
2026-05-06 18:31:56,28871777
2026-05-06 18:32:46,28815897
2026-05-06 18:33:36,28866786
2026-05-06 18:34:26,28901326
2026-05-06 18:35:16,28901326
2026-05-06 18:36:07,28845438
2026-05-06 18:36:57,28884958
2026-05-06 18:37:47,28845438
2026-05-06 18:38:37,28894938
2026-05-06 18:39:27,28865398
2026-05-06 18:40:18,28921286
2026-05-06 18:41:08,28914898
2026-05-06 18:41:58,28931266
2026-05-06 18:42:48,28936245
2026-05-06 18:43:38,28873971
2026-05-06 18:44:28,28873971
2026-05-06 18:45:18,28936245
2026-05-06 18:46:08,28936245
2026-05-06 18:46:58,28921286
2026-05-06 18:47:48,28889949
2026-05-06 18:48:38,28916295
2026-05-06 18:49:29,28865398
2026-05-06 18:50:19,28921286
2026-05-06 18:51:09,28865398
2026-05-06 18:51:59,28911306
2026-05-06 18:52:50,28876766
2026-05-06 18:53:40,28932654
2026-05-06 18:54:30,28921286
2026-05-06 18:55:20,28932654
2026-05-06 18:56:10,28881757
2026-05-06 18:57:03,28932654
2026-05-06 18:57:53,28881757
2026-05-06 18:58:43,28949020
2026-05-06 18:59:33,28960397
2026-05-06 19:00:24,28954011
2026-05-06 19:01:14,28949020
2026-05-06 19:02:04,29004900
2026-05-06 19:02:54,28999909
2026-05-06 19:03:44,29004900
2026-05-06 19:04:34,28993523
2026-05-06 19:05:25,28993523
2026-05-06 19:06:15,29009879
2026-05-06 19:07:05,28936245
2026-05-06 19:07:55,28998502
2026-05-06 19:08:45,28942634
2026-05-06 19:09:35,28942634
2026-05-06 19:10:26,28949020
2026-05-06 19:11:16,28999909
2026-05-06 19:12:06,29039419
2026-05-06 19:12:56,28993523
2026-05-06 19:13:46,29044410
2026-05-06 19:14:36,29055787
2026-05-06 19:15:26,29055787
2026-05-06 19:16:16,29055787
2026-05-06 19:17:06,29106676
2026-05-06 19:17:56,29095299
2026-05-06 19:18:46,29028051
2026-05-06 19:19:36,29095299
2026-05-06 19:20:27,29083931
2026-05-06 19:21:17,29083931
2026-05-06 19:22:07,29095299
2026-05-06 19:22:57,29095299
2026-05-06 19:23:48,29083931
2026-05-06 19:24:38,29083931
2026-05-06 19:25:28,29083931
2026-05-06 19:26:18,29134828
2026-05-06 19:27:08,29072554
2026-05-06 19:27:58,29134828
2026-05-06 19:28:48,29151175
2026-05-06 19:29:38,29088910
2026-05-06 19:30:29,29151175
2026-05-06 19:31:19,29100278
2026-05-06 19:32:09,29151175
2026-05-06 19:32:59,29161155
2026-05-06 19:33:49,29149787
2026-05-06 19:34:39,29103881
2026-05-06 19:35:29,29171135
2026-05-06 19:36:19,29136606
2026-05-06 19:37:09,29136606
2026-05-06 19:37:59,29136606
2026-05-06 19:38:50,29187503
2026-05-06 19:39:40,29192492
2026-05-06 19:40:30,29187503
2026-05-06 19:41:21,29192492
2026-05-06 19:42:11,29197483
2026-05-06 19:43:03,29208860
2026-05-06 19:43:53,29202472
2026-05-06 19:44:43,29112063
2026-05-06 19:45:33,29162952
2026-05-06 19:46:23,29162952
2026-05-06 19:47:13,29156566
2026-05-06 19:48:03,29117054
2026-05-06 19:48:53,29179320
2026-05-06 19:49:43,29169340
2026-05-06 19:50:34,29123440
2026-05-06 19:51:24,29123440
2026-05-06 19:52:14,29174329
2026-05-06 19:53:04,29174329
2026-05-06 19:53:54,29174329
2026-05-06 19:54:44,29185706
2026-05-06 19:55:34,29185706
2026-05-06 19:56:24,29185706
2026-05-06 19:57:15,29185706
2026-05-06 19:58:05,29190697
2026-05-06 19:58:55,29179320
2026-05-06 19:59:45,29241594
2026-05-07 08:00:50,29767898
2026-05-07 08:01:40,29767898
2026-05-07 08:02:30,29791241
2026-05-07 08:03:20,29828168
2026-05-07 08:04:11,29709426
2026-05-07 08:05:03,29816589
2026-05-07 08:05:53,29829363
2026-05-07 08:06:43,29743946
2026-05-07 08:07:33,29693059
2026-05-07 08:08:23,29721191
2026-05-07 08:09:13,29798967
2026-05-07 08:10:04,29884376
2026-05-07 08:10:55,29797569
2026-05-07 08:11:45,29882580
2026-05-07 08:12:35,29944844
2026-05-07 08:13:25,29961212
2026-05-07 08:14:15,29976181
2026-05-07 08:15:05,30158386
2026-05-07 08:15:56,30245203
2026-05-07 08:16:46,30233826
2026-05-07 08:17:36,30243806
2026-05-07 08:18:26,30243806
2026-05-07 08:19:16,30140633
2026-05-07 08:20:06,30088347
2026-05-07 08:20:57,30037460
2026-05-07 08:21:47,29917898
2026-05-07 08:22:37,30087339
2026-05-07 08:23:27,30268146
2026-05-07 08:24:18,30358555
2026-05-07 08:25:08,30353975
2026-05-07 08:25:58,30155791
2026-05-07 08:26:48,30157588
2026-05-07 08:27:38,30241610
2026-05-07 08:28:28,30315651
2026-05-07 08:29:18,30361150
2026-05-07 08:30:09,30394882
2026-05-07 08:30:59,30320832
2026-05-07 08:31:50,30309864
2026-05-07 08:32:40,30213067
2026-05-07 08:33:30,30219864
2026-05-07 08:34:20,30049426
2026-05-07 08:35:10,30095324
2026-05-07 08:36:03,30236619
2026-05-07 08:36:53,30241610
2026-05-07 08:37:44,30246589
2026-05-07 08:38:34,30154793
2026-05-07 08:39:24,30023478
2026-05-07 08:40:15,30029864
2026-05-07 08:41:05,29985363
2026-05-07 08:41:55,30077159
2026-05-07 08:42:45,29968997
2026-05-07 08:43:35,29968997
2026-05-07 08:44:25,30003518
2026-05-07 08:45:15,29764038
2026-05-07 08:46:06,29679017
2026-05-07 08:46:56,29428160
2026-05-07 08:47:46,29518559
2026-05-07 08:48:36,29477662
2026-05-07 08:49:26,29413988
2026-05-07 09:01:08,29439139
2026-05-07 09:01:59,29364907
2026-05-07 09:02:49,28278036
2026-05-07 09:03:40,29095597
2026-05-07 09:04:31,28514741
2026-05-07 09:05:21,27370645
2026-05-07 09:06:12,26357864
2026-05-07 09:07:03,25818906
2026-05-07 09:07:54,26009293
2026-05-07 09:08:44,25742539
2026-05-07 09:09:34,25189746
2026-05-07 09:10:25,25454085
2026-05-07 09:11:15,25901580
2026-05-07 09:12:05,26248745
2026-05-07 09:12:55,26040221
2026-05-07 09:13:45,26177925
2026-05-07 09:14:35,26087887
2026-05-07 09:15:25,26187386
2026-05-07 09:16:16,26471458
2026-05-07 09:17:06,26460199
2026-05-07 09:17:56,26230688
2026-05-07 09:18:46,26108904
2026-05-07 09:19:36,26250790
2026-05-07 09:20:27,25830162
2026-05-07 09:21:17,25478000
2026-05-07 09:22:07,25664834
2026-05-07 09:22:57,24872661
2026-05-07 09:23:47,24405828
2026-05-07 09:24:37,24478824
2026-05-07 09:25:27,24165341
2026-05-07 09:26:17,23966610
2026-05-07 09:27:07,24134573
2026-05-07 09:27:57,23996869
2026-05-07 09:28:48,23935841
2026-05-07 09:29:38,24073017
2026-05-07 09:30:28,24027119
2026-05-07 09:31:19,23568627
2026-05-07 09:32:09,23981221
2026-05-07 09:32:59,24057377
2026-05-07 09:33:49,24705422
2026-05-07 09:34:39,25246937
2026-05-07 09:35:29,25584051
2026-05-07 09:36:19,25706105
2026-05-07 09:37:09,25584051
2026-05-07 09:37:59,25655738
2026-05-07 09:38:50,25777793
2026-05-07 09:39:40,25716766
2026-05-07 09:40:30,25523023
2026-05-07 09:41:20,25461995
2026-05-07 09:42:10,25135539
2026-05-07 09:43:03,25207217
2026-05-07 09:43:54,24941789
2026-05-07 09:44:44,24992167
2026-05-07 09:45:34,24920482
2026-05-07 09:46:24,24981509
2026-05-07 09:47:14,25645078
2026-05-07 09:48:04,25573392
2026-05-07 09:48:54,26032562
2026-05-07 09:49:44,25899849
2026-05-07 09:50:35,25899849
2026-05-07 09:51:25,25634421
2026-05-07 09:52:15,25501706
2026-05-07 09:53:05,25053195
2026-05-07 09:53:55,24848794
2026-05-07 09:54:45,24583366
2026-05-07 09:55:36,24267570
2026-05-07 09:56:26,23747362
2026-05-07 09:57:16,23298851
2026-05-07 09:58:06,23171467
2026-05-07 09:58:56,23038753
2026-05-07 09:59:46,22850329
2026-05-07 10:00:37,22706957
2026-05-07 10:01:27,22706957
2026-05-07 10:02:17,22401818
2026-05-07 10:03:07,22274435
2026-05-07 10:03:57,22075363
2026-05-07 10:04:47,22136390
2026-05-07 10:05:37,22319473
2026-05-07 10:06:28,22258446
2026-05-07 10:07:18,22595562
2026-05-07 10:08:08,22656589
2026-05-07 10:08:58,22462847
2026-05-07 10:09:48,22462847
2026-05-07 10:10:39,22462847
2026-05-07 10:11:29,22518545
2026-05-07 10:12:19,22319473
2026-05-07 10:13:09,22584901
2026-05-07 10:13:59,23309511
2026-05-07 10:14:49,23115767
2026-05-07 10:15:39,23253812
2026-05-07 10:16:29,23115767
2026-05-07 10:17:19,22983054
2026-05-07 10:18:09,23054740
2026-05-07 10:19:03,23187455
2026-05-07 10:19:53,23187455
2026-05-07 10:20:43,23187455
2026-05-07 10:21:33,23054740
2026-05-07 10:22:24,22728275
2026-05-07 10:23:14,22728275
2026-05-07 10:24:04,22667246
2026-05-07 10:24:54,22667246
2026-05-07 10:25:44,22738944
2026-05-07 10:26:34,22810629
2026-05-07 10:27:24,22738944
2026-05-07 10:28:14,22606219
2026-05-07 10:29:04,22861000
2026-05-07 10:29:55,22988384
2026-05-07 10:30:45,22789302
2026-05-07 10:31:35,22697756
2026-05-07 10:32:25,22462847
2026-05-07 10:33:15,22330134
2026-05-07 10:34:05,22003677
2026-05-07 10:34:56,21809935
2026-05-07 10:35:46,21870962
2026-05-07 10:36:36,22136390
2026-05-07 10:37:26,22075363
2026-05-07 10:38:16,22462847
2026-05-07 10:39:06,22789302
2026-05-07 10:39:56,22656589
2026-05-07 10:40:47,22850329
2026-05-07 10:41:37,22922027
2026-05-07 10:42:27,23176796
2026-05-07 10:43:17,23298851
2026-05-07 10:44:07,23431566
2026-05-07 10:44:57,23298851
2026-05-07 10:45:47,23298851
2026-05-07 10:46:37,23431566
2026-05-07 10:47:27,23370538
2026-05-07 10:48:17,23564279
2026-05-07 10:49:07,23492593
2026-05-07 10:49:58,23625306
2026-05-07 10:50:48,23564279
2026-05-07 10:51:38,23503251
2026-05-07 10:52:29,23375868
2026-05-07 10:53:19,23298851
2026-05-07 10:54:09,23166138
2026-05-07 10:54:59,23298851
2026-05-07 10:55:49,23553622
2026-05-07 10:56:39,23492593
2026-05-07 10:57:29,23880077
2026-05-07 10:58:19,24023449
2026-05-07 10:59:09,23890734
2026-05-07 10:59:59,24095135
2026-05-07 11:00:50,24288877
2026-05-07 11:01:40,24421590
2026-05-07 11:02:30,24809074
2026-05-07 11:03:20,24737398
2026-05-07 11:04:10,24748047
2026-05-07 11:05:03,24809074
2026-05-07 11:05:54,24880762
2026-05-07 11:06:44,24814405
2026-05-07 11:07:34,25207217
2026-05-07 11:08:24,25472645
2026-05-07 11:09:14,25666395
2026-05-07 11:10:04,25544331
2026-05-07 11:10:55,25677046
2026-05-07 11:11:45,25677046
2026-05-07 11:12:35,25809759
2026-05-07 11:13:25,25554990
2026-05-07 11:14:15,25748730
2026-05-07 11:15:05,25565648
2026-05-07 11:15:55,25029463
2026-05-07 11:16:45,25289562
2026-05-07 11:17:35,25350589
2026-05-07 11:18:25,25289562
2026-05-07 11:19:16,25156847
2026-05-07 11:20:06,25289562
2026-05-07 11:20:56,25228534
2026-05-07 11:21:46,25156847
2026-05-07 11:22:37,25330739
2026-05-07 11:23:27,24841050
2026-05-07 11:24:17,24509265
2026-05-07 11:25:07,24647308
2026-05-07 11:25:57,24810532
2026-05-07 11:26:47,24943245
2026-05-07 11:27:37,24841050
2026-05-07 11:28:27,24780023
2026-05-07 11:29:17,24647308
2026-05-07 11:30:07,25034792
2026-05-07 11:30:58,25095819
2026-05-07 11:31:48,24963106
2026-05-07 11:32:38,25156847
2026-05-07 11:33:28,24830391
2026-05-07 11:34:18,24902079
2026-05-07 11:35:09,25156847
2026-05-07 11:35:59,24830391
2026-05-07 11:36:49,24891419
2026-05-07 11:37:39,24963106
2026-05-07 11:38:29,25085161
2026-05-07 11:39:19,25013475
2026-05-07 11:40:09,24891419
2026-05-07 11:41:03,24636651
2026-05-07 11:41:53,24564963
2026-05-07 11:42:43,24299535
2026-05-07 11:43:33,24177479
2026-05-07 11:44:23,24111123
2026-05-07 11:45:13,24044766
2026-05-07 11:46:03,24044766
2026-05-07 11:46:54,23912051
2026-05-07 11:47:44,23912051
2026-05-07 11:48:34,23779338
2026-05-07 11:49:24,23585596
2026-05-07 11:50:15,23840367
2026-05-07 11:51:05,23901394
2026-05-07 11:51:55,23840367
2026-05-07 11:52:45,23646623
2026-05-07 11:53:35,23779338
2026-05-07 11:54:25,23779338
2026-05-07 11:55:15,23779338
2026-05-07 11:56:05,24044766
2026-05-07 11:56:55,24371223
2026-05-07 11:57:45,24371223
2026-05-07 11:58:35,24503936
2026-05-07 11:59:25,24442907
2026-05-07 12:00:16,24310194
2026-05-07 12:01:06,24044766
2026-05-07 12:01:56,23912051
2026-05-07 12:02:47,23973080
2026-05-07 12:03:37,24044766
2026-05-07 12:04:27,23779338
2026-05-07 12:05:17,23784668
2026-05-07 12:06:07,23779338
2026-05-07 12:06:57,23779338
2026-05-07 12:07:47,23718311
2026-05-07 12:08:37,23646623
2026-05-07 12:09:27,23646623
2026-05-07 12:10:18,23646623
2026-05-07 12:11:08,23646623
2026-05-07 12:11:58,23718311
2026-05-07 12:12:49,23585596
2026-05-07 12:13:39,23524569
2026-05-07 12:14:29,23524569
2026-05-07 12:15:19,23585596
2026-05-07 12:16:09,23851024
2026-05-07 12:16:59,23718311
2026-05-07 12:17:49,23912051
2026-05-07 12:18:39,23912051
2026-05-07 12:19:29,23851024
2026-05-07 12:20:20,23851024
2026-05-07 12:21:10,23851024
2026-05-07 12:22:03,23912051
2026-05-07 12:22:54,23881533
2026-05-07 12:23:44,23851024
2026-05-07 12:24:34,23983739
2026-05-07 12:25:24,23912051
2026-05-07 12:26:14,23983739
2026-05-07 12:27:04,23983739
2026-05-07 12:27:54,24448238
2026-05-07 12:28:44,24493278
2026-05-07 12:29:34,24493278
2026-05-07 12:30:25,24564963
2026-05-07 12:31:15,24564963
2026-05-07 12:32:05,24564963
2026-05-07 12:32:56,24758706
2026-05-07 12:33:46,24830391
2026-05-07 12:34:36,24697678
2026-05-07 12:35:26,24758706
2026-05-07 12:36:16,24830391
2026-05-07 12:37:06,24758706
2026-05-07 12:37:56,24625991
2026-05-07 12:38:47,24891419
2026-05-07 12:39:37,24891419
2026-05-07 12:40:27,25024134
2026-05-07 12:41:17,24830391
2026-05-07 12:42:07,24891419
2026-05-07 12:42:57,25024134
2026-05-07 12:43:47,24891419
2026-05-07 12:44:38,24891419
2026-05-07 12:45:28,25024134
2026-05-07 12:46:18,24963106
2026-05-07 12:47:08,25228534
2026-05-07 12:47:58,25095819
2026-05-07 12:48:48,25289562
2026-05-07 12:49:38,25156847
2026-05-07 12:50:29,25095819
2026-05-07 12:51:19,25156847
2026-05-07 12:52:09,25167507
2026-05-07 12:52:59,25065311
2026-05-07 12:53:49,25034792
2026-05-07 12:54:39,25300220
2026-05-07 12:55:29,25106478
2026-05-07 12:56:19,25269700
2026-05-07 12:57:10,25239191
2026-05-07 12:58:03,24841050
2026-05-07 12:58:53,24973763
2026-05-07 12:59:43,24912736
2026-05-07 13:00:34,24780023
2026-05-07 13:01:24,24973763
2026-05-07 13:02:14,25106478
2026-05-07 13:03:04,24902079
2026-05-07 13:03:54,24902079
2026-05-07 13:04:44,24902079
2026-05-07 13:05:34,24968436
2026-05-07 13:06:24,24902079
2026-05-07 13:07:15,24841050
2026-05-07 13:08:05,24841050
2026-05-07 13:08:55,24780023
2026-05-07 13:09:45,24708335
2026-05-07 13:10:36,24708335
2026-05-07 13:11:26,24708335
2026-05-07 13:12:16,24514595
2026-05-07 13:13:06,24647308
2026-05-07 13:13:56,24708335
2026-05-07 13:14:46,24647308
2026-05-07 13:15:37,24575622
2026-05-07 13:16:27,24841050
2026-05-07 13:17:17,24708335
2026-05-07 13:18:07,24647308
2026-05-07 13:18:57,24780023
2026-05-07 13:19:47,24647308
2026-05-07 13:20:38,24647308
2026-05-07 13:21:28,24647308
2026-05-07 13:22:18,24774693
2026-05-07 13:23:08,24713666
2026-05-07 13:23:59,24780023
2026-05-07 13:24:49,24979094
2026-05-07 13:25:39,25040121
2026-05-07 13:26:29,25172835
2026-05-07 13:27:19,25045451
2026-05-07 13:28:09,25075960
2026-05-07 13:28:59,25075960
2026-05-07 13:29:49,25178164
2026-05-07 13:30:40,25106478
2026-05-07 13:31:30,25239191
2026-05-07 13:32:20,25239191
2026-05-07 13:33:11,25178164
2026-05-07 13:34:03,25106478
2026-05-07 13:34:53,25106478
2026-05-07 13:35:43,25045451
2026-05-07 13:36:33,24984424
2026-05-07 13:37:23,25050781
2026-05-07 13:38:13,24984424
2026-05-07 13:39:03,24912736
2026-05-07 13:39:54,24984424
2026-05-07 13:40:44,24912736
2026-05-07 13:41:35,24851709
2026-05-07 13:42:25,24912736
2026-05-07 13:43:15,25045451
2026-05-07 13:44:05,25249852
2026-05-07 13:44:55,25443592
2026-05-07 13:45:45,25310879
2026-05-07 13:46:35,25310879
2026-05-07 13:47:25,25045451
2026-05-07 13:48:16,25106478
2026-05-07 13:49:06,25172835
2026-05-07 13:49:56,25239191
2026-05-07 13:50:47,25045451
2026-05-07 13:51:37,25111808
2026-05-07 13:52:27,25178164
2026-05-07 13:53:17,25310879
2026-05-07 13:54:07,25117137
2026-05-07 13:54:57,25178164
2026-05-07 13:55:47,25576307
2026-05-07 13:56:38,25637334
2026-05-07 13:57:28,25576307
2026-05-07 13:58:18,25576307
2026-05-07 13:59:08,25637334
2026-05-07 13:59:58,25576307
2026-05-07 14:00:49,25770047
2026-05-07 14:01:39,25709020
2026-05-07 14:02:29,26035475
2026-05-07 14:03:19,25908092
2026-05-07 14:04:09,26035475
2026-05-07 14:05:03,26107163
2026-05-07 14:05:53,26035475
2026-05-07 14:06:43,26035475
2026-05-07 14:07:33,26361932
2026-05-07 14:08:23,26361932
2026-05-07 14:09:13,26234547
2026-05-07 14:10:03,26627360
2026-05-07 14:10:54,26831759
2026-05-07 14:11:44,27025503
2026-05-07 14:12:35,27229902
2026-05-07 14:13:25,27097187
2026-05-07 14:14:15,27097187
2026-05-07 14:15:05,27036160
2026-05-07 14:15:55,27168875
2026-05-07 14:16:45,27301588
2026-05-07 14:17:35,27628043
2026-05-07 14:18:25,27301588
2026-05-07 14:19:16,27373276
2026-05-07 14:20:06,27107848
2026-05-07 14:20:57,26842420
2026-05-07 14:21:47,27301588
2026-05-07 14:22:37,27168875
2026-05-07 14:23:27,26975133
2026-05-07 14:24:17,27301588
2026-05-07 14:25:07,27107848
2026-05-07 14:25:57,27434303
2026-05-07 14:26:47,27434303
2026-05-07 14:27:38,27561687
2026-05-07 14:28:28,27893471
2026-05-07 14:29:18,27760758
2026-05-07 14:30:08,27628043
2026-05-07 14:30:59,27760758
2026-05-07 14:31:49,27893471
2026-05-07 14:32:39,27760758
2026-05-07 14:33:29,28026186
2026-05-07 14:34:19,27862953
2026-05-07 14:35:09,27760758
2026-05-07 14:36:03,27760758
2026-05-07 14:36:53,27882814
2026-05-07 14:37:43,27882814
2026-05-07 14:38:33,27689072
2026-05-07 14:39:23,27617386
2026-05-07 14:40:14,27556359
2026-05-07 14:41:04,27484671
2026-05-07 14:41:54,27617386
2026-05-07 14:42:44,27750099
2026-05-07 14:43:35,27699731
2026-05-07 14:44:25,27699731
2026-05-07 14:45:15,27893471
2026-05-07 14:46:05,27832444
2026-05-07 14:46:55,28485356
2026-05-07 14:47:45,28291614
2026-05-07 14:48:35,28158899
2026-05-07 14:49:25,28352643
2026-05-07 14:50:16,28219928
2026-05-07 14:51:06,28219928
2026-05-07 14:51:57,28219928
2026-05-07 14:52:47,27893471
2026-05-07 14:53:37,28026186
2026-05-07 14:54:27,28026186
2026-05-07 14:55:17,27694401
2026-05-07 14:56:07,27628043
2026-05-07 14:56:57,27628043
2026-05-07 14:57:47,27689072
2026-05-07 14:58:38,27760758
2026-05-07 14:59:28,27689072
2026-05-07 15:00:19,27628043
2026-05-07 15:01:09,27893471
2026-05-07 15:01:59,27760758
2026-05-07 15:02:49,27760758
2026-05-07 15:03:39,27954500
2026-05-07 15:04:29,27827115
2026-05-07 15:05:19,27893471
2026-05-07 15:06:09,27857624
2026-05-07 15:07:03,27954500
2026-05-07 15:07:53,27821787
2026-05-07 15:08:43,27755430
2026-05-07 15:09:33,27882814
2026-05-07 15:10:24,27750099
2026-05-07 15:11:14,27556359
2026-05-07 15:12:04,27628043
2026-05-07 15:12:54,27760758
2026-05-07 15:13:44,27760758
2026-05-07 15:14:34,27827115
2026-05-07 15:15:25,27760758
2026-05-07 15:16:15,27567016
2026-05-07 15:17:05,27628043
2026-05-07 15:17:55,27628043
2026-05-07 15:18:45,27760758
2026-05-07 15:19:35,27954500
2026-05-07 15:20:26,27954500
2026-05-07 15:21:16,27954500
2026-05-07 15:22:06,27954500
2026-05-07 15:22:56,27954500
2026-05-07 15:23:46,27954500
2026-05-07 15:24:36,27954500
2026-05-07 15:25:26,27954500
2026-05-07 15:26:17,27954500
2026-05-07 15:27:07,27954500
2026-05-07 15:27:57,27954500
2026-05-07 15:28:47,27954500
2026-05-07 15:29:37,27954500
2026-05-07 15:30:28,27821797
2026-05-07 15:31:18,27821797
2026-05-07 15:32:08,27821797
2026-05-07 15:32:58,27821797
2026-05-07 15:33:48,27821766
2026-05-07 15:34:39,27821766
2026-05-07 15:35:29,27821766
2026-05-07 15:36:19,27821766
2026-05-07 15:37:09,27821766
2026-05-07 15:37:59,27821766
2026-05-07 15:38:50,27821766
2026-05-07 15:39:40,27821766
2026-05-07 15:40:31,27954479
2026-05-07 15:41:21,28087194
2026-05-07 15:42:11,28087194
2026-05-07 15:43:03,27954479
2026-05-07 15:43:53,27954479
2026-05-07 15:44:43,28087194
2026-05-07 15:45:33,28087194
2026-05-07 15:46:23,28087194
2026-05-07 15:47:14,28087194
2026-05-07 15:48:04,28087194
2026-05-07 15:48:54,28087194
2026-05-07 15:49:44,28087194
2026-05-07 15:50:35,28219907
2026-05-07 15:51:25,28087194
2026-05-07 15:52:15,28087194
2026-05-07 15:53:05,28087194
2026-05-07 15:53:55,28219907
2026-05-07 15:54:46,28087194
2026-05-07 15:55:36,28087194
2026-05-07 15:56:26,28087194
2026-05-07 15:57:16,28219907
2026-05-07 15:58:06,28087194
2026-05-07 15:58:56,28219907
2026-05-07 15:59:46,28087194
2026-05-07 16:00:37,28087194
2026-05-07 16:01:27,27954479
2026-05-07 16:02:17,28087194
2026-05-07 16:03:08,28087194
2026-05-07 16:03:58,28087194
2026-05-07 16:04:48,27954479
2026-05-07 16:05:38,28087194
2026-05-07 16:06:28,27954479
2026-05-07 16:07:18,27954479
2026-05-07 16:08:08,27821766
2026-05-07 16:08:58,27821766
2026-05-07 16:09:49,27689051
2026-05-07 16:10:40,27556338
2026-05-07 16:11:30,27556338
2026-05-07 16:12:20,27689051
2026-05-07 16:13:10,27556338
2026-05-07 16:14:03,27556338
2026-05-07 16:14:53,27556338
2026-05-07 16:15:43,27689051
2026-05-07 16:16:33,27689051
2026-05-07 16:17:23,27556338
2026-05-07 16:18:14,27556338
2026-05-07 16:19:04,27689051
2026-05-07 16:19:54,27689051
2026-05-07 16:20:45,27556338
2026-05-07 16:21:35,27556338
2026-05-07 16:22:25,27689051
2026-05-07 16:23:15,27556338
2026-05-07 16:24:05,27689051
2026-05-07 16:24:55,27689051
2026-05-07 16:25:45,27556338
2026-05-07 16:26:36,27556338
2026-05-07 16:27:26,27689051
2026-05-07 16:28:16,27556338
2026-05-07 16:29:06,27689051
2026-05-07 16:29:56,27689051
2026-05-07 16:30:46,27689051
2026-05-07 16:31:36,27689051
2026-05-07 16:32:27,27689051
2026-05-07 16:33:17,27689051
2026-05-07 16:34:07,27689051
2026-05-07 16:34:57,27689051
2026-05-07 16:35:47,27689051
2026-05-07 16:36:37,27556338
2026-05-07 16:37:27,27689051
2026-05-07 16:38:17,27556338
2026-05-07 16:39:08,27689051
2026-05-07 16:39:58,27556338
2026-05-07 16:40:48,27689051
2026-05-07 16:41:38,27556338
2026-05-07 16:42:28,27689051
2026-05-07 16:43:18,27821766
2026-05-07 16:44:08,27689051
2026-05-07 16:44:58,27689051
2026-05-07 16:45:49,27689051
2026-05-07 16:46:39,27689051
2026-05-07 16:47:29,27689051
2026-05-07 16:48:19,27689051
2026-05-07 16:49:09,27689051
2026-05-07 16:49:59,27821766
2026-05-07 16:50:50,27954479
2026-05-07 16:51:40,27954479
2026-05-07 16:52:30,27821766
2026-05-07 16:53:21,27821766
2026-05-07 16:54:11,27821766
2026-05-07 16:55:03,27954479
2026-05-07 16:55:53,27954479
2026-05-07 16:56:43,27821766
2026-05-07 16:57:33,27821766
2026-05-07 16:58:23,27689051
2026-05-07 16:59:13,27821766
2026-05-07 17:00:04,27821766
2026-05-07 17:00:54,27821766
2026-05-07 17:01:45,27689051
2026-05-07 17:02:35,27689051
2026-05-07 17:03:25,27821766
2026-05-07 17:04:15,27821766
2026-05-07 17:05:05,27821766
2026-05-07 17:05:55,27689051
2026-05-07 17:06:45,27689051
2026-05-07 17:07:36,27821766
2026-05-07 17:08:26,27689051
2026-05-07 17:09:16,27689051
2026-05-07 17:10:06,27821766
2026-05-07 17:10:57,27689051
2026-05-07 17:11:47,27821766
2026-05-07 17:12:37,27689051
2026-05-07 17:13:27,27689051
2026-05-07 17:14:17,27821766
2026-05-07 17:15:07,27689051
2026-05-07 17:15:58,27689051
2026-05-07 17:16:48,27689051
2026-05-07 17:17:38,27689051
2026-05-07 17:18:28,27556338
2026-05-07 17:19:18,27556338
2026-05-07 17:20:08,27556338
2026-05-07 17:20:58,27689051
2026-05-07 17:21:48,27556338
2026-05-07 17:22:39,27556338
2026-05-07 17:23:29,27556338
2026-05-07 17:24:19,27556338
2026-05-07 17:25:09,27689051
2026-05-07 17:25:59,27689051
2026-05-07 17:26:49,27556338
2026-05-07 17:27:39,27556338
2026-05-07 17:28:30,27423623
2026-05-07 17:29:20,27423623
2026-05-07 17:30:10,27423623
2026-05-07 17:31:03,27556338
2026-05-07 17:31:53,27556338
2026-05-07 17:32:43,27423623
2026-05-07 17:33:33,27290910
2026-05-07 17:34:23,27290910
2026-05-07 17:35:14,27423623
2026-05-07 17:36:04,27290910
2026-05-07 17:36:54,27158195
2026-05-07 17:37:44,27158195
2026-05-07 17:38:34,27158195
2026-05-07 17:39:24,27158195
2026-05-07 17:40:15,27158195
2026-05-07 17:41:05,27158195
2026-05-07 17:41:56,27158195
2026-05-07 17:42:46,27158195
2026-05-07 17:43:36,27290910
2026-05-07 17:44:26,27025482
2026-05-07 17:45:16,27025482
2026-05-07 17:46:06,27158195
2026-05-07 17:46:56,27025482
2026-05-07 17:47:46,27025482
2026-05-07 17:48:37,27025482
2026-05-07 17:49:27,27158195
2026-05-07 17:50:18,27158195
2026-05-07 17:51:08,27025482
2026-05-07 17:51:58,27025482
2026-05-07 17:52:48,27158195
2026-05-07 17:53:38,27025482
2026-05-07 17:54:28,27290910
2026-05-07 17:55:18,27290910
2026-05-07 17:56:09,27290910
2026-05-07 17:56:59,27290910
2026-05-07 17:57:49,27290910
2026-05-07 17:58:39,27290910
2026-05-07 17:59:29,27290910
2026-05-07 18:00:19,27290910
2026-05-07 18:01:09,27423623
2026-05-07 18:01:59,27423623
2026-05-07 18:02:50,27423623
2026-05-07 18:03:40,27290910
2026-05-07 18:04:30,27290910
2026-05-07 18:05:20,27423623
2026-05-07 18:06:10,27423623
2026-05-07 18:07:03,27423623
2026-05-07 18:07:53,27290910
2026-05-07 18:08:43,27290910
2026-05-07 18:09:34,27290910
2026-05-07 18:10:25,27158195
2026-05-07 18:11:15,27158195
2026-05-07 18:12:05,27290910
2026-05-07 18:12:55,27158195
2026-05-07 18:13:45,27158195
2026-05-07 18:14:35,27158195
2026-05-07 18:15:25,27290910
2026-05-07 18:16:15,27290910
2026-05-07 18:17:06,27290910
2026-05-07 18:17:56,27290910
2026-05-07 18:18:46,27290910
2026-05-07 18:19:36,27290910
2026-05-07 18:20:27,27423623
2026-05-07 18:21:17,27423623
2026-05-07 18:22:07,27290910
2026-05-07 18:22:57,27290910
2026-05-07 18:23:48,27290910
2026-05-07 18:24:38,27423623
2026-05-07 18:25:28,27423623
2026-05-07 18:26:18,27423623
2026-05-07 18:27:08,27290910
2026-05-07 18:27:58,27423623
2026-05-07 18:28:49,27290910
2026-05-07 18:29:39,27290910
2026-05-07 18:30:30,27423623
2026-05-07 18:31:20,27423623
2026-05-07 18:32:10,27423623
2026-05-07 18:33:03,27423623
2026-05-07 18:33:53,27290910
2026-05-07 18:34:43,27290910
2026-05-07 18:35:33,27423623
2026-05-07 18:36:24,27290910
2026-05-07 18:37:14,27290910
2026-05-07 18:38:04,27423623
2026-05-07 18:38:54,27290910
2026-05-07 18:39:44,27423623
2026-05-07 18:40:35,27290910
2026-05-07 18:41:25,27290910
2026-05-07 18:42:15,27290910
2026-05-07 18:43:06,27290910
2026-05-07 18:43:56,27290910
2026-05-07 18:44:46,27158195
2026-05-07 18:45:36,27290910
2026-05-07 18:46:26,27290910
2026-05-07 18:47:16,27158195
2026-05-07 18:48:07,27158195
2026-05-07 18:48:57,27290910
2026-05-07 18:49:47,27158195
2026-05-07 18:50:38,27158195
2026-05-07 18:51:28,27290910
2026-05-07 18:52:18,27290910
2026-05-07 18:53:08,27158195
2026-05-07 18:53:58,27158195
2026-05-07 18:54:49,27290910
2026-05-07 18:55:39,27290910
2026-05-07 18:56:29,27290910
2026-05-07 18:57:19,27290910
2026-05-07 18:58:09,27290910
2026-05-07 18:58:59,27290910
2026-05-07 18:59:49,27290910
2026-05-07 19:00:40,27158195
2026-05-07 19:01:31,27290910
2026-05-07 19:02:21,27290910
2026-05-07 19:03:11,27290910
2026-05-07 19:04:03,27290910
2026-05-07 19:04:53,27158195
2026-05-07 19:05:43,27158195
2026-05-07 19:06:33,27158195
2026-05-07 19:07:24,27290910
2026-05-07 19:08:14,27158195
2026-05-07 19:09:04,27290910
2026-05-07 19:09:54,27158195
2026-05-07 19:10:45,27025482
2026-05-07 19:11:35,27025482
2026-05-07 19:12:25,27025482
2026-05-07 19:13:15,27025482
2026-05-07 19:14:05,27025482
2026-05-07 19:14:56,27025482
2026-05-07 19:15:46,27025482
2026-05-07 19:16:36,26892767
2026-05-07 19:17:26,27025482
2026-05-07 19:18:16,26892767
2026-05-07 19:19:06,26892767
2026-05-07 19:19:56,26892767
2026-05-07 19:20:47,26892767
2026-05-07 19:21:38,26892767
2026-05-07 19:22:28,26892767
2026-05-07 19:23:18,27025482
2026-05-07 19:24:08,26892767
2026-05-07 19:24:58,27025482
2026-05-07 19:25:48,27025482
2026-05-07 19:26:38,26892767
2026-05-07 19:27:28,26892767
2026-05-07 19:28:19,27025482
2026-05-07 19:29:09,27025482
2026-05-07 19:29:59,26892767
2026-05-07 19:30:50,26892767
2026-05-07 19:31:40,26892767
2026-05-07 19:32:30,26892767
2026-05-07 19:33:20,26892767
2026-05-07 19:34:10,27025482
2026-05-07 19:35:03,26892767
2026-05-07 19:35:53,26892767
2026-05-07 19:36:43,26892767
2026-05-07 19:37:33,26892767
2026-05-07 19:38:23,26892767
2026-05-07 19:39:13,27025482
2026-05-07 19:40:04,26892767
2026-05-07 19:40:54,27025482
2026-05-07 19:41:44,27025482
2026-05-07 19:42:35,26892767
2026-05-07 19:43:25,26892767
2026-05-07 19:44:15,27025482
2026-05-07 19:45:05,27025482
2026-05-07 19:45:55,27158195
2026-05-07 19:46:45,27158195
2026-05-07 19:47:35,27158195
2026-05-07 19:48:26,27025482
2026-05-07 19:49:16,27025482
2026-05-07 19:50:06,27158195
2026-05-07 19:50:57,27158195
2026-05-07 19:51:47,27158195
2026-05-07 19:52:37,27158195
2026-05-07 19:53:27,27290910
2026-05-07 19:54:18,27290910
2026-05-07 19:55:08,27158195
2026-05-07 19:55:58,27423623
2026-05-07 19:56:48,27423623
2026-05-07 19:57:38,27290910
2026-05-07 19:58:29,27423623
2026-05-07 19:59:19,27556338
2026-05-08 08:00:11,24747633
2026-05-08 08:01:03,24482205
2026-05-08 08:01:53,24747633
2026-05-08 08:02:44,25013061
2026-05-08 08:03:34,24880348
2026-05-08 08:04:24,24880348
2026-05-08 08:05:15,25013061
2026-05-08 08:06:05,24880348
2026-05-08 08:06:56,24747633
2026-05-08 08:07:46,24747633
2026-05-08 08:08:36,24482205
2026-05-08 08:09:27,24349492
2026-05-08 08:10:18,24216777
2026-05-08 08:11:08,25145776
2026-05-08 08:11:59,25543917
2026-05-08 08:12:49,25809345
2026-05-08 08:13:39,25942060
2026-05-08 08:14:30,26074773
2026-05-08 08:15:20,26074773
2026-05-08 08:16:10,25411204
2026-05-08 08:17:03,25013061
2026-05-08 08:17:53,25145776
2026-05-08 08:18:43,25543917
2026-05-08 08:19:34,25676632
2026-05-08 08:20:24,25543917
2026-05-08 08:21:15,25411204
2026-05-08 08:22:05,25278489
2026-05-08 08:22:55,25145776
2026-05-08 08:23:46,25278489
2026-05-08 08:24:36,25145776
2026-05-08 08:25:27,25145776
2026-05-08 08:26:17,25145776
2026-05-08 08:27:08,25145776
2026-05-08 08:27:58,25013061
2026-05-08 08:28:48,25013061
2026-05-08 08:29:39,25013061
2026-05-08 08:30:29,25013061
2026-05-08 08:31:19,25145776
2026-05-08 08:32:10,25145776
2026-05-08 08:33:03,25013061
2026-05-08 08:33:53,25145776
2026-05-08 08:34:44,25278489
2026-05-08 08:35:34,25145776
2026-05-08 08:36:25,25145776
2026-05-08 08:37:15,25145776
2026-05-08 08:38:05,25013061
2026-05-08 08:38:55,24880348
2026-05-08 08:39:46,24880348
2026-05-08 08:40:36,24747633
2026-05-08 08:41:27,24747633
2026-05-08 08:42:17,24747633
2026-05-08 08:43:07,24614920
2026-05-08 08:43:58,24614920
2026-05-08 08:44:48,24747633
2026-05-08 08:45:39,24747633
2026-05-08 08:46:29,24747633
2026-05-08 08:47:19,24747633
2026-05-08 08:48:10,24747633
2026-05-08 08:49:03,24880348
2026-05-08 08:49:53,24880348
2026-05-08 09:01:21,24632325
2026-05-08 09:02:12,24101469
2026-05-08 09:03:03,24065859
2026-05-08 09:03:54,24700368
2026-05-08 09:04:44,24617253
2026-05-08 09:05:34,24948381
2026-05-08 09:06:24,26026189
2026-05-08 09:07:15,25087218
2026-05-08 09:08:05,25228129
2026-05-08 09:08:55,24771703
2026-05-08 09:09:45,24690088
2026-05-08 09:10:36,24873897
2026-05-08 09:11:26,24957012
2026-05-08 09:12:16,25106482
2026-05-08 09:13:07,24889817
2026-05-08 09:13:57,24656405
2026-05-08 09:14:47,24938580
2026-05-08 09:15:38,25041443
2026-05-08 09:16:28,25077940
2026-05-08 09:17:18,25527190
2026-05-08 09:18:08,25661399
2026-05-08 09:18:59,25976428
2026-05-08 09:19:49,25439584
2026-05-08 09:20:39,26189262
2026-05-08 09:21:30,26058046
2026-05-08 09:22:20,26059542
2026-05-08 09:23:10,26107647
2026-05-08 09:24:03,25842219
2026-05-08 09:24:54,25843715
2026-05-08 09:25:44,25893973
2026-05-08 09:26:34,26026028
2026-05-08 09:27:24,26075629
2026-05-08 09:28:15,26277036
2026-05-08 09:29:05,25989711
2026-05-08 09:29:55,25808884
2026-05-08 09:30:46,26175022
2026-05-08 09:31:36,26475448
2026-05-08 09:32:26,26564551
2026-05-08 09:33:17,26797971
2026-05-08 09:34:07,26919079
2026-05-08 09:34:57,27067890
2026-05-08 09:35:48,27018280
2026-05-08 09:36:38,27149498
2026-05-08 09:37:29,27382920
2026-05-08 09:38:19,27431023
2026-05-08 09:39:09,27509647
2026-05-08 09:40:03,27279217
2026-05-08 09:40:53,27378429
2026-05-08 09:41:43,26748361
2026-05-08 09:42:34,26981784
2026-05-08 09:43:24,26898669
2026-05-08 09:44:15,27480624
2026-05-08 09:45:05,27963376
2026-05-08 09:45:55,27547639
2026-05-08 09:46:45,26951086
2026-05-08 09:47:36,26902983
2026-05-08 09:48:26,26901486
2026-05-08 09:49:17,27019599
2026-05-08 09:50:07,27150815
2026-05-08 09:50:57,27150815
2026-05-08 09:51:48,27019599
2026-05-08 09:52:38,27019599
2026-05-08 09:53:28,27021096
2026-05-08 09:54:19,27419237
2026-05-08 09:55:09,27267441
2026-05-08 09:55:59,27268938
2026-05-08 09:56:50,27583967
2026-05-08 09:57:40,27318539
2026-05-08 09:58:30,27320036
2026-05-08 09:59:21,27104208
2026-05-08 10:00:14,27204915
2026-05-08 10:01:04,27522699
2026-05-08 10:01:55,26896365
2026-05-08 10:02:45,26629690
2026-05-08 10:03:35,26895118
2026-05-08 10:04:26,27163041
2026-05-08 10:05:16,27254775
2026-05-08 10:06:06,27390566
2026-05-08 10:06:56,27640485
2026-05-08 10:07:47,27902181
2026-05-08 10:08:37,27719865
2026-05-08 10:09:27,28103737
2026-05-08 10:10:18,27987778
2026-05-08 10:11:08,27806712
2026-05-08 10:11:58,27357711
2026-05-08 10:12:48,27858807
2026-05-08 10:13:39,27909655
2026-05-08 10:14:29,27393718
2026-05-08 10:15:19,27527679
2026-05-08 10:16:09,27677739
2026-05-08 10:17:03,27727339
2026-05-08 10:17:54,27546273
2026-05-08 10:18:44,27629375
2026-05-08 10:19:34,27579775
2026-05-08 10:20:25,27613288
2026-05-08 10:21:15,27630624
2026-05-08 10:22:05,27629375
2026-05-08 10:22:55,27179140
2026-05-08 10:23:46,27177892
2026-05-08 10:24:36,26846764
2026-05-08 10:25:26,26629690
2026-05-08 10:26:16,26714051
2026-05-08 10:27:07,26893871
2026-05-08 10:27:57,26611118
2026-05-08 10:28:47,26609871
2026-05-08 10:29:38,26394044
2026-05-08 10:30:28,26391548
2026-05-08 10:31:18,26258833
2026-05-08 10:32:08,26257586
2026-05-08 10:32:59,26076519
2026-05-08 10:33:49,25807349
2026-05-08 10:34:39,25858197
2026-05-08 10:35:30,25807349
2026-05-08 10:36:20,25654795
2026-05-08 10:37:11,25653546
2026-05-08 10:38:03,25338508
2026-05-08 10:38:53,25288907
2026-05-08 10:39:44,25205793
2026-05-08 10:40:34,25288907
2026-05-08 10:41:24,25605185
2026-05-08 10:42:15,25713103
2026-05-08 10:43:05,25605185
2026-05-08 10:43:55,25556831
2026-05-08 10:44:46,25689544
2026-05-08 10:45:36,25875602
2026-05-08 10:46:26,25958714
2026-05-08 10:47:16,26090182
2026-05-08 10:48:07,25907867
2026-05-08 10:48:57,25777649
2026-05-08 10:49:48,25510973
2026-05-08 10:50:38,25457630
2026-05-08 10:51:28,25457630
2026-05-08 10:52:18,25456383
2026-05-08 10:53:09,25189706
2026-05-08 10:53:59,25058240
2026-05-08 10:54:49,25006134
2026-05-08 10:55:40,24872175
2026-05-08 10:56:30,24789070
2026-05-08 10:57:20,24738712
2026-05-08 10:58:10,24921037
2026-05-08 10:59:03,24630804
2026-05-08 10:59:53,24870678
2026-05-08 11:00:43,24871427
2026-05-08 11:01:34,24787573
2026-05-08 11:02:24,24736466
2026-05-08 11:03:14,24789070
2026-05-08 11:04:04,24788322
2026-05-08 11:04:55,25053750
2026-05-08 11:05:45,24787573
2026-05-08 11:06:35,24921037
2026-05-08 11:07:25,24788322
2026-05-08 11:08:16,24921785
2026-05-08 11:09:06,24923281
2026-05-08 11:09:56,24924030
2026-05-08 11:10:47,25004888
2026-05-08 11:11:37,24872924
2026-05-08 11:12:27,24788322
2026-05-08 11:13:17,24605250
2026-05-08 11:14:08,24472535
2026-05-08 11:14:58,24605250
2026-05-08 11:15:48,24654860
2026-05-08 11:16:38,24472535
2026-05-08 11:17:29,24471786
2026-05-08 11:18:19,24289471
2026-05-08 11:19:09,24288723
2026-05-08 11:19:59,24290220
2026-05-08 11:20:50,24604501
2026-05-08 11:21:40,24371836
2026-05-08 11:22:30,24272625
2026-05-08 11:23:20,24322235
2026-05-08 11:24:11,24904938
2026-05-08 11:25:03,25088001
2026-05-08 11:25:53,25088750
2026-05-08 11:26:44,24955286
2026-05-08 11:27:34,25137603
2026-05-08 11:28:24,25137603
2026-05-08 11:29:15,25004888
2026-05-08 11:30:05,25137603
2026-05-08 11:30:55,24921037
2026-05-08 11:31:45,24788322
2026-05-08 11:32:36,24689110
2026-05-08 11:33:26,24689858
2026-05-08 11:34:17,24640258
2026-05-08 11:35:07,24507545
2026-05-08 11:35:58,24141409
2026-05-08 11:36:48,24139912
2026-05-08 11:37:38,24190270
2026-05-08 11:38:28,24057555
2026-05-08 11:39:19,24056807
2026-05-08 11:40:09,24291644
2026-05-08 11:40:59,24632974
2026-05-08 11:41:50,24549861
2026-05-08 11:42:40,24369043
2026-05-08 11:43:30,24749681
2026-05-08 11:44:20,24633723
2026-05-08 11:45:11,24682574
2026-05-08 11:46:03,24816038
2026-05-08 11:46:53,24949499
2026-05-08 11:47:43,25232523
2026-05-08 11:48:34,24967095
2026-05-08 11:49:25,24918992
2026-05-08 11:50:15,25051705
2026-05-08 11:51:05,25051705
2026-05-08 11:51:56,24917494
2026-05-08 11:52:46,24834380
2026-05-08 11:53:36,24967095
2026-05-08 11:54:26,24915998
2026-05-08 11:55:17,24834380
2026-05-08 11:56:07,24868633
2026-05-08 11:56:57,24785528
2026-05-08 11:57:47,24802276
2026-05-08 11:58:38,24735169
2026-05-08 11:59:28,24834380
2026-05-08 12:00:18,24784779
2026-05-08 12:01:09,24784779
2026-05-08 12:01:59,24970090
2026-05-08 12:02:49,24970090
2026-05-08 12:03:40,24968593
2026-05-08 12:04:30,25018193
2026-05-08 12:05:21,25151654
2026-05-08 12:06:11,25151654
2026-05-08 12:07:03,25150157
2026-05-08 12:07:53,25285118
2026-05-08 12:08:43,25285118
2026-05-08 12:09:34,25150906
2026-05-08 12:10:24,25150906
2026-05-08 12:11:14,25285118
2026-05-08 12:12:05,25285118
2026-05-08 12:12:55,25150906
2026-05-08 12:13:45,25333970
2026-05-08 12:14:35,25150906
2026-05-08 12:15:26,25200507
2026-05-08 12:16:16,25150157
2026-05-08 12:17:06,25067045
2026-05-08 12:17:57,25066296
2026-05-08 12:18:47,24967095
2026-05-08 12:19:37,25017444
2026-05-08 12:20:27,24835129
2026-05-08 12:21:18,24884729
2026-05-08 12:22:08,25016695
2026-05-08 12:22:58,25066296
2026-05-08 12:23:48,25066296
2026-05-08 12:24:39,25099808
2026-05-08 12:25:29,24967095
2026-05-08 12:26:19,24867884
2026-05-08 12:27:09,24866388
2026-05-08 12:28:03,24916747
2026-05-08 12:28:53,24966348
2026-05-08 12:29:43,24966348
2026-05-08 12:30:34,24867884
2026-05-08 12:31:24,25051705
2026-05-08 12:32:15,25184420
2026-05-08 12:33:05,24969341
2026-05-08 12:33:55,25101306
2026-05-08 12:34:45,25101306
2026-05-08 12:35:36,25101306
2026-05-08 12:36:26,25210712
2026-05-08 12:37:16,25234769
2026-05-08 12:38:06,25317133
2026-05-08 12:38:57,25234021
2026-05-08 12:39:47,25233272
2026-05-08 12:40:37,25235518
2026-05-08 12:41:28,25184420
2026-05-08 12:42:18,25318630
2026-05-08 12:43:08,25184420
2026-05-08 12:43:58,25317133
2026-05-08 12:44:49,25234021
2026-05-08 12:45:39,25284369
2026-05-08 12:46:29,25416334
2026-05-08 12:47:20,25366734
2026-05-08 12:48:10,25366734
2026-05-08 12:49:03,25234021
2026-05-08 12:49:54,25414836
2026-05-08 12:50:44,25282872
2026-05-08 12:51:34,25415585
2026-05-08 12:52:25,25415585
2026-05-08 12:53:15,25282123
2026-05-08 12:54:05,25282123
2026-05-08 12:54:55,24967095
2026-05-08 12:55:46,25018193
2026-05-08 12:56:36,25153152
2026-05-08 12:57:26,25153900
2026-05-08 12:58:17,25420824
2026-05-08 12:59:07,25288111
2026-05-08 12:59:57,25336965
2026-05-08 13:00:47,25285867
2026-05-08 13:01:38,25202753
2026-05-08 13:02:28,25153900
2026-05-08 13:03:18,25070040
2026-05-08 13:04:08,25203501
2026-05-08 13:04:59,24988432
2026-05-08 13:05:49,24988432
2026-05-08 13:06:39,25204997
2026-05-08 13:07:30,25155396
2026-05-08 13:08:20,25339210
2026-05-08 13:09:10,25255356
2026-05-08 13:10:03,25256105
2026-05-08 13:10:53,25388071
2026-05-08 13:11:43,25255356
2026-05-08 13:12:33,25256105
2026-05-08 13:13:24,25272104
2026-05-08 13:14:14,25204997
2026-05-08 13:15:04,25204997
2026-05-08 13:15:54,25021187
2026-05-08 13:16:45,25020439
2026-05-08 13:17:35,25154649
2026-05-08 13:18:25,25153900
2026-05-08 13:19:16,25155396
2026-05-08 13:20:06,25154649
2026-05-08 13:20:56,25105796
2026-05-08 13:21:46,25289609
2026-05-08 13:22:37,25156894
2026-05-08 13:23:27,25239260
2026-05-08 13:24:17,25156145
2026-05-08 13:25:07,25238511
2026-05-08 13:25:58,25287364
2026-05-08 13:26:48,25237015
2026-05-08 13:27:38,25261819
2026-05-08 13:28:28,25479133
2026-05-08 13:29:19,25502443
2026-05-08 13:30:09,25504688
2026-05-08 13:30:59,25638150
2026-05-08 13:31:50,25239260
2026-05-08 13:32:40,25304868
2026-05-08 13:33:30,25105796
2026-05-08 13:34:21,25238511
2026-05-08 13:35:12,25320127
2026-05-08 13:36:03,25187414
2026-05-08 13:36:54,25005089
2026-05-08 13:37:44,25054699
2026-05-08 13:38:34,24921238
2026-05-08 13:39:24,25003592
2026-05-08 13:40:15,24870879
2026-05-08 13:41:05,25053951
2026-05-08 13:41:56,25053951
2026-05-08 13:42:46,24920489
2026-05-08 13:43:36,24787774
2026-05-08 13:44:26,24921238
2026-05-08 13:45:17,24870879
2026-05-08 13:46:07,24871628
2026-05-08 13:46:57,24871628
2026-05-08 13:47:47,24921238
2026-05-08 13:48:38,24870879
2026-05-08 13:49:28,24921238
2026-05-08 13:50:18,25055448
2026-05-08 13:51:09,25212958
2026-05-08 13:51:59,25105796
2026-05-08 13:52:49,25188910
2026-05-08 13:53:40,25056195
2026-05-08 13:54:30,25056195
2026-05-08 13:55:20,25056944
2026-05-08 13:56:11,25056195
2026-05-08 13:57:03,25056944
2026-05-08 13:57:53,25056195
2026-05-08 13:58:44,25054699
2026-05-08 13:59:34,25369728
2026-05-08 14:00:24,25505437
2026-05-08 14:01:15,25347167
2026-05-08 14:02:05,25082488
2026-05-08 14:02:55,25190408
2026-05-08 14:03:46,25188910
2026-05-08 14:04:36,25139300
2026-05-08 14:05:26,25190408
2026-05-08 14:06:17,25105796
2026-05-08 14:07:07,25057693
2026-05-08 14:07:57,24926467
2026-05-08 14:08:47,25374209
2026-05-08 14:09:38,25326105
2026-05-08 14:10:28,25240747
2026-05-08 14:11:18,25190408
2026-05-08 14:12:09,25324608
2026-05-08 14:12:59,25191895
2026-05-08 14:13:49,25217439
2026-05-08 14:14:39,25458072
2026-05-08 14:15:30,25458820
2026-05-08 14:16:20,25352396
2026-05-08 14:17:11,25459569
2026-05-08 14:18:03,25511415
2026-05-08 14:18:53,25692979
2026-05-08 14:19:43,25511415
2026-05-08 14:20:34,25559517
2026-05-08 14:21:24,25693728
2026-05-08 14:22:14,25826443
2026-05-08 14:23:05,25645625
2026-05-08 14:23:55,25429797
2026-05-08 14:24:45,25431294
2026-05-08 14:25:35,25562512
2026-05-08 14:26:26,25463311
2026-05-08 14:27:16,25196386
2026-05-08 14:28:06,25377951
2026-05-08 14:28:56,25327601
2026-05-08 14:29:47,25641883
2026-05-08 14:30:37,25643379
2026-05-08 14:31:27,25644876
2026-05-08 14:32:17,25644128
2026-05-08 14:33:08,25727990
2026-05-08 14:33:58,25511415
2026-05-08 14:34:48,25512163
2026-05-08 14:35:39,25958407
2026-05-08 14:36:29,25910304
2026-05-08 14:37:19,26175732
2026-05-08 14:38:09,26093368
2026-05-08 14:39:03,26440412
2026-05-08 14:39:53,26437693
2026-05-08 14:40:44,26438990
2026-05-08 14:41:34,26435547
2026-05-08 14:42:24,26685068
2026-05-08 14:43:15,26669160
2026-05-08 14:44:05,26671206
2026-05-08 14:44:55,26405130
2026-05-08 14:45:45,26452594
2026-05-08 14:46:36,26453142
2026-05-08 14:47:26,26459081
2026-05-08 14:48:16,26407525
2026-05-08 14:49:06,26454639
2026-05-08 14:49:56,26588550
2026-05-08 14:50:47,26720516
2026-05-08 14:51:37,26803619
2026-05-08 14:52:27,26802971
2026-05-08 14:53:17,26487193
2026-05-08 14:54:07,26668312
2026-05-08 14:54:58,26402035
2026-05-08 14:55:48,26404181
2026-05-08 14:56:38,26404830
2026-05-08 14:57:28,26489888
2026-05-08 14:58:19,26404830
2026-05-08 14:59:09,26405478
2026-05-08 14:59:59,26354380
2026-05-08 15:00:50,26488590
2026-05-08 15:01:40,26403981
2026-05-08 15:02:30,26403333
2026-05-08 15:03:21,26405478
2026-05-08 15:04:11,26405678
2026-05-08 15:05:03,26540437
2026-05-08 15:05:53,26358123
2026-05-08 15:06:44,26359519
2026-05-08 15:07:34,26405678
2026-05-08 15:08:24,26357374
2026-05-08 15:09:14,26539238
2026-05-08 15:10:05,26356826
2026-05-08 15:10:55,26486844
2026-05-08 15:11:45,26354780
2026-05-08 15:12:35,26536445
2026-05-08 15:13:26,26486096
2026-05-08 15:14:16,26485447
2026-05-08 15:15:06,26487493
2026-05-08 15:15:56,26403184
2026-05-08 15:16:47,26535796
2026-05-08 15:17:37,26353482
2026-05-08 15:18:27,26222263
2026-05-08 15:19:17,26171167
2026-05-08 15:20:08,25986907
2026-05-08 15:20:59,25986907
2026-05-08 15:21:49,25986907
2026-05-08 15:22:39,25986907
2026-05-08 15:23:29,25986907
2026-05-08 15:24:20,25986907
2026-05-08 15:25:10,25986907
2026-05-08 15:26:03,25986907
2026-05-08 15:26:53,25986907
2026-05-08 15:27:44,25986907
2026-05-08 15:28:34,25986907
2026-05-08 15:29:24,25986907
2026-05-08 15:30:15,25635371
2026-05-08 15:31:05,25636020
2026-05-08 15:31:55,25636020
2026-05-08 15:32:45,25636020
2026-05-08 15:33:36,25636020
2026-05-08 15:34:26,25636020
2026-05-08 15:35:16,25636020
2026-05-08 15:36:07,25636020
2026-05-08 15:36:57,25636020
2026-05-08 15:37:47,25636020
2026-05-08 15:38:37,25636020
2026-05-08 15:39:27,25636020
2026-05-08 15:40:18,26169870
2026-05-08 15:41:08,26168373
2026-05-08 15:41:58,26035660
2026-05-08 15:42:49,26169870
2026-05-08 15:43:39,26169870
2026-05-08 15:44:29,26035660
2026-05-08 15:45:20,26037157
2026-05-08 15:46:10,26035660
2026-05-08 15:47:03,25904442
2026-05-08 15:47:53,25904442
2026-05-08 15:48:44,25904442
2026-05-08 15:49:34,25771729
2026-05-08 15:50:24,25904442
2026-05-08 15:51:14,25904442
2026-05-08 15:52:04,26037157
2026-05-08 15:52:55,26037157
2026-05-08 15:53:45,25902945
2026-05-08 15:54:35,26037157
2026-05-08 15:55:25,26035660
2026-05-08 15:56:16,25904442
2026-05-08 15:57:06,26037157
2026-05-08 15:57:56,25904442
2026-05-08 15:58:47,26037157
2026-05-08 15:59:37,26037157
2026-05-08 16:00:27,26037157
2026-05-08 16:01:17,26037157
2026-05-08 16:02:07,26035660
2026-05-08 16:02:57,25904442
2026-05-08 16:03:48,26037157
2026-05-08 16:04:38,26037157
2026-05-08 16:05:28,26037157
2026-05-08 16:06:19,26037157
2026-05-08 16:07:09,26035660
2026-05-08 16:07:59,26037157
2026-05-08 16:08:49,26035660
2026-05-08 16:09:40,26035660
2026-05-08 16:10:30,25904442
2026-05-08 16:11:20,26035660
2026-05-08 16:12:11,26037157
2026-05-08 16:13:03,26037157
2026-05-08 16:13:53,25902945
2026-05-08 16:14:43,25904442
2026-05-08 16:15:34,26037157
2026-05-08 16:16:24,25904442
2026-05-08 16:17:14,26037157
2026-05-08 16:18:04,26037157
2026-05-08 16:18:54,25770232
2026-05-08 16:19:45,25902945
2026-05-08 16:20:35,25902945
2026-05-08 16:21:25,25770232
2026-05-08 16:22:15,25768735
2026-05-08 16:23:06,25770232
2026-05-08 16:23:56,25901448
2026-05-08 16:24:46,25901448
2026-05-08 16:25:37,25768735
2026-05-08 16:26:27,25770232
2026-05-08 16:27:17,25768735
2026-05-08 16:28:07,25901448
2026-05-08 16:28:58,25902945
2026-05-08 16:29:48,25771729
2026-05-08 16:30:38,25774723
2026-05-08 16:31:28,25774723
2026-05-08 16:32:19,25911926
2026-05-08 16:33:09,25785201
2026-05-08 16:33:59,25926897
2026-05-08 16:34:50,25794184
2026-05-08 16:35:40,25668954
2026-05-08 16:36:30,25659972
2026-05-08 16:37:20,25664462
2026-05-08 16:38:11,25667457
2026-05-08 16:39:03,25798675
2026-05-08 16:39:53,25673445
2026-05-08 16:40:44,25533247
2026-05-08 16:41:34,25531749
2026-05-08 16:42:24,25533247
2026-05-08 16:43:14,25530253
2026-05-08 16:44:05,25662966
2026-05-08 16:44:55,25662966
2026-05-08 16:45:45,25530253
2026-05-08 16:46:35,25534744
2026-05-08 16:47:25,25536241
2026-05-08 16:48:16,25400532
2026-05-08 16:49:06,25397538
2026-05-08 16:49:56,25399034
2026-05-08 16:50:47,25533247
2026-05-08 16:51:37,25667457
2026-05-08 16:52:27,25664462
2026-05-08 16:53:17,25664462
2026-05-08 16:54:08,25530253
2026-05-08 16:54:58,25658474
2026-05-08 16:55:48,25528756
2026-05-08 16:56:39,25662966
2026-05-08 16:57:29,25530253
2026-05-08 16:58:19,25664462
2026-05-08 16:59:09,25530253
2026-05-08 17:00:03,25662966
2026-05-08 17:00:53,25794184
2026-05-08 17:01:43,25795681
2026-05-08 17:02:34,25662966
2026-05-08 17:03:24,25794184
2026-05-08 17:04:14,25794184
2026-05-08 17:05:04,25923902
2026-05-08 17:05:55,25922406
2026-05-08 17:06:45,25925400
2026-05-08 17:07:35,25925400
2026-05-08 17:08:25,25926897
2026-05-08 17:09:15,25926897
2026-05-08 17:10:06,25926897
2026-05-08 17:10:56,25791189
2026-05-08 17:11:46,25791189
2026-05-08 17:12:37,25791189
2026-05-08 17:13:27,25923902
2026-05-08 17:14:17,25791189
2026-05-08 17:15:07,25789693
2026-05-08 17:15:58,25923902
2026-05-08 17:16:48,25923902
2026-05-08 17:17:38,25926897
2026-05-08 17:18:28,25794184
2026-05-08 17:19:18,25794184
2026-05-08 17:20:09,25928394
2026-05-08 17:20:59,25794184
2026-05-08 17:21:49,25928394
2026-05-08 17:22:39,25928394
2026-05-08 17:23:29,25926897
2026-05-08 17:24:20,25925400
2026-05-08 17:25:10,25925400
2026-05-08 17:26:03,25923902
2026-05-08 17:26:54,26056617
2026-05-08 17:27:44,26056617
2026-05-08 17:28:34,25925400
2026-05-08 17:29:24,26058115
2026-05-08 17:30:15,26058115
2026-05-08 17:31:06,26058115
2026-05-08 17:31:56,26058115
2026-05-08 17:32:46,26059612
2026-05-08 17:33:36,26058115
2026-05-08 17:34:26,26192325
2026-05-08 17:35:17,26190828
2026-05-08 17:36:07,26192325
2026-05-08 17:36:58,26190828
2026-05-08 17:37:48,26190828
2026-05-08 17:38:38,26190828
2026-05-08 17:39:28,26190828
2026-05-08 17:40:18,26059612
2026-05-08 17:41:09,26190828
2026-05-08 17:41:59,26189330
2026-05-08 17:42:49,26189330
2026-05-08 17:43:40,26322045
2026-05-08 17:44:30,26320549
2026-05-08 17:45:20,26322045
2026-05-08 17:46:10,26453262
2026-05-08 17:47:03,26453262
2026-05-08 17:47:54,26451765
2026-05-08 17:48:44,26451765
2026-05-08 17:49:34,26451765
2026-05-08 17:50:24,26451765
2026-05-08 17:51:15,26453262
2026-05-08 17:52:05,26320549
2026-05-08 17:52:55,26453262
2026-05-08 17:53:45,26322045
2026-05-08 17:54:36,26323543
2026-05-08 17:55:26,26454758
2026-05-08 17:56:16,26322045
2026-05-08 17:57:06,26189330
2026-05-08 17:57:57,26322045
2026-05-08 17:58:47,26322045
2026-05-08 17:59:37,26322045
2026-05-08 18:00:28,26322045
2026-05-08 18:01:18,26322045
2026-05-08 18:02:08,26320549
2026-05-08 18:02:58,26322045
2026-05-08 18:03:48,26189330
2026-05-08 18:04:39,26320549
2026-05-08 18:05:29,26189330
2026-05-08 18:06:19,26189330
2026-05-08 18:07:10,26189330
2026-05-08 18:08:03,26320549
2026-05-08 18:08:54,26322045
2026-05-08 18:09:44,26320549
2026-05-08 18:10:34,26322045
2026-05-08 18:11:24,26453262
2026-05-08 18:12:15,26453262
2026-05-08 18:13:05,26454758
2026-05-08 18:13:55,26322045
2026-05-08 18:14:46,26322045
2026-05-08 18:15:36,26322045
2026-05-08 18:16:26,26189330
2026-05-08 18:17:17,26189330
2026-05-08 18:18:07,26322045
2026-05-08 18:18:57,26322045
2026-05-08 18:19:48,26190828
2026-05-08 18:20:38,26322045
2026-05-08 18:21:28,26323543
2026-05-08 18:22:18,26190828
2026-05-08 18:23:09,26189330
2026-05-08 18:23:59,26323543
2026-05-08 18:24:49,26323543
2026-05-08 18:25:39,26323543
2026-05-08 18:26:29,26323543
2026-05-08 18:27:20,26323543
2026-05-08 18:28:10,26192325
2026-05-08 18:29:03,26192325
2026-05-08 18:29:54,26325040
2026-05-08 18:30:44,26323543
2026-05-08 18:31:34,26323543
2026-05-08 18:32:24,26323543
2026-05-08 18:33:15,26323543
2026-05-08 18:34:05,26190828
2026-05-08 18:34:55,26322045
2026-05-08 18:35:46,26190828
2026-05-08 18:36:36,26322045
2026-05-08 18:37:26,26323543
2026-05-08 18:38:16,26322045
2026-05-08 18:39:07,26323543
2026-05-08 18:39:57,26323543
2026-05-08 18:40:47,26190828
2026-05-08 18:41:37,26190828
2026-05-08 18:42:27,26190828
2026-05-08 18:43:18,26190828
2026-05-08 18:44:08,26325040
2026-05-08 18:44:58,26325040
2026-05-08 18:45:48,26323543
2026-05-08 18:46:39,26190828
2026-05-08 18:47:29,26323543
2026-05-08 18:48:19,26190828
2026-05-08 18:49:09,26190828
2026-05-08 18:50:03,26323543
2026-05-08 18:50:53,26322045
2026-05-08 18:51:43,26323543
2026-05-08 18:52:34,26323543
2026-05-08 18:53:24,26322045
2026-05-08 18:54:14,26323543
2026-05-08 18:55:04,26323543
2026-05-08 18:55:55,26323543
2026-05-08 18:56:45,26323543
2026-05-08 18:57:35,26323543
2026-05-08 18:58:25,26323543
2026-05-08 18:59:16,26323543
2026-05-08 19:00:06,26322045
2026-05-08 19:00:56,26189330
2026-05-08 19:01:47,26322045
2026-05-08 19:02:37,26322045
2026-05-08 19:03:27,26189330
2026-05-08 19:04:17,26322045
2026-05-08 19:05:08,26189330
2026-05-08 19:05:58,26189330
2026-05-08 19:06:48,26189330
2026-05-08 19:07:38,26322045
2026-05-08 19:08:28,26322045
2026-05-08 19:09:19,26322045
2026-05-08 19:10:09,26322045
2026-05-08 19:11:03,26189330
2026-05-08 19:11:53,26189330
2026-05-08 19:12:44,26190828
2026-05-08 19:13:34,26323543
2026-05-08 19:14:24,26323543
2026-05-08 19:15:14,26190828
2026-05-08 19:16:05,26323543
2026-05-08 19:16:55,26322045
2026-05-08 19:17:45,26323543
2026-05-08 19:18:35,26322045
2026-05-08 19:19:26,26190828
2026-05-08 19:20:17,26322045
2026-05-08 19:21:07,26189330
2026-05-08 19:21:57,26323543
2026-05-08 19:22:47,26323543
2026-05-08 19:23:38,26323543
2026-05-08 19:24:28,26325040
2026-05-08 19:25:18,26456256
2026-05-08 19:26:09,26457753
2026-05-08 19:26:59,26457753
2026-05-08 19:27:49,26456256
2026-05-08 19:28:40,26457753
2026-05-08 19:29:30,26456256
2026-05-08 19:30:21,26456256
2026-05-08 19:31:11,26457753
2026-05-08 19:32:03,26325040
2026-05-08 19:32:53,26325040
2026-05-08 19:33:44,26325040
2026-05-08 19:34:34,26457753
2026-05-08 19:35:25,26456256
2026-05-08 19:36:15,26325040
2026-05-08 19:37:06,26323543
2026-05-08 19:37:56,26325040
2026-05-08 19:38:46,26457753
2026-05-08 19:39:36,26456256
2026-05-08 19:40:27,26325040
2026-05-08 19:41:18,26457753
2026-05-08 19:42:08,26323543
2026-05-08 19:42:58,26457753
2026-05-08 19:43:48,26323543
2026-05-08 19:44:39,26456256
2026-05-08 19:45:29,26456256
2026-05-08 19:46:19,26456256
2026-05-08 19:47:09,26456256
2026-05-08 19:48:03,26454758
2026-05-08 19:48:53,26454758
2026-05-08 19:49:43,26587473
2026-05-08 19:50:34,26587473
2026-05-08 19:51:24,26588971
2026-05-08 19:52:14,26588971
2026-05-08 19:53:04,26588971
2026-05-08 19:53:55,26588971
2026-05-08 19:54:45,26588971
2026-05-08 19:55:35,26587473
2026-05-08 19:56:25,26588971
2026-05-08 19:57:16,26721684
2026-05-08 19:58:06,26723181
2026-05-08 19:58:56,26588971
2026-05-08 19:59:47,26721684
2026-05-11 08:00:29,26863333
2026-05-11 08:01:19,26869311
2026-05-11 08:02:10,27926542
2026-05-11 08:03:03,28846559
2026-05-11 08:03:53,28784692
2026-05-11 08:04:44,28787687
2026-05-11 08:05:34,28653476
2026-05-11 08:06:24,28320193
2026-05-11 08:07:14,28184485
2026-05-11 08:08:06,28182988
2026-05-11 08:08:57,27656622
2026-05-11 08:09:47,27591764
2026-05-11 08:10:38,28188976
2026-05-11 08:11:28,28320193
2026-05-11 08:12:19,28318697
2026-05-11 08:13:11,28056263
2026-05-11 08:14:03,28124117
2026-05-11 08:14:53,28124117
2026-05-11 08:15:43,27992900
2026-05-11 08:16:34,27861682
2026-05-11 08:17:25,27728968
2026-05-11 08:18:16,27727472
2026-05-11 08:19:07,27730466
2026-05-11 08:19:57,27397182
2026-05-11 08:20:49,27329330
2026-05-11 08:21:40,27329330
2026-05-11 08:22:31,27195119
2026-05-11 08:23:21,26866326
2026-05-11 08:24:12,27065398
2026-05-11 08:25:03,27262973
2026-05-11 08:25:54,27063902
2026-05-11 08:26:45,27063902
2026-05-11 08:27:36,26929691
2026-05-11 08:28:27,26996048
2026-05-11 08:29:17,26928194
2026-05-11 08:30:07,26993053
2026-05-11 08:30:58,27060908
2026-05-11 08:31:49,27261476
2026-05-11 08:32:39,27261476
2026-05-11 08:33:30,27195119
2026-05-11 08:34:20,27196616
2026-05-11 08:35:10,26997545
2026-05-11 08:36:03,26997545
2026-05-11 08:36:53,26928194
2026-05-11 08:37:44,26928194
2026-05-11 08:38:35,26861836
2026-05-11 08:39:26,26929691
2026-05-11 08:40:16,26929691
2026-05-11 08:41:06,27127264
2026-05-11 08:41:57,27128761
2026-05-11 08:42:48,27128761
2026-05-11 08:43:38,27127264
2026-05-11 08:44:29,27195119
2026-05-11 08:45:20,27259979
2026-05-11 08:46:11,27460547
2026-05-11 08:47:03,27463540
2026-05-11 08:47:54,27529897
2026-05-11 08:48:45,27463540
2026-05-11 08:49:36,27528401
2026-05-11 09:01:26,28300284
2026-05-11 09:02:19,28070665
2026-05-11 09:03:10,27458102
2026-05-11 09:04:03,27287154
2026-05-11 09:04:54,27020887
2026-05-11 09:05:45,27002985
2026-05-11 09:06:36,27094208
2026-05-11 09:07:27,27911133
2026-05-11 09:08:18,28027161
2026-05-11 09:09:08,27860027
2026-05-11 09:09:59,27759328
2026-05-11 09:10:50,27890254
2026-05-11 09:11:40,27589189
2026-05-11 09:12:31,27389280
2026-05-11 09:13:22,27421004
2026-05-11 09:14:13,27884266
2026-05-11 09:15:04,27868628
2026-05-11 09:15:55,27789248
2026-05-11 09:16:46,27907081
2026-05-11 09:17:37,27591142
2026-05-11 09:18:28,27824265
2026-05-11 09:19:18,27692589
2026-05-11 09:20:09,27694425
2026-05-11 09:20:59,27855951
2026-05-11 09:21:50,27756749
2026-05-11 09:22:41,27637040
2026-05-11 09:23:32,27628846
2026-05-11 09:24:23,27445962
2026-05-11 09:25:13,27610499
2026-05-11 09:26:04,27429566
2026-05-11 09:26:55,27239357
2026-05-11 09:27:46,27152012
2026-05-11 09:28:37,27284437
2026-05-11 09:29:28,27166563
2026-05-11 09:30:18,27083738
2026-05-11 09:31:09,27216165
2026-05-11 09:32:03,27129667
2026-05-11 09:32:54,27113765
2026-05-11 09:33:44,26942618
2026-05-11 09:34:35,27080540
2026-05-11 09:35:26,27045493
2026-05-11 09:36:17,26396531
2026-05-11 09:37:08,26017482
2026-05-11 09:37:59,25868223
2026-05-11 09:38:49,25820457
2026-05-11 09:39:40,25820457
2026-05-11 09:40:31,25956534
2026-05-11 09:41:22,25824119
2026-05-11 09:42:13,25905096
2026-05-11 09:43:04,26035697
2026-05-11 09:43:55,26269892
2026-05-11 09:44:45,26316932
2026-05-11 09:45:36,26298720
2026-05-11 09:46:27,26214058
2026-05-11 09:47:18,26221393
2026-05-11 09:48:09,26219557
2026-05-11 09:49:03,26176325
2026-05-11 09:49:53,26215895
2026-05-11 09:50:44,26168130
2026-05-11 09:51:35,26168130
2026-05-11 09:52:26,26252781
2026-05-11 09:53:17,25960207
2026-05-11 09:54:08,25755455
2026-05-11 09:54:58,25560635
2026-05-11 09:55:49,25362062
2026-05-11 09:56:40,25211336
2026-05-11 09:57:31,24913482
2026-05-11 09:58:22,25030226
2026-05-11 09:59:12,25455594
2026-05-11 10:00:03,25287242
2026-05-11 10:00:54,24902784
2026-05-11 10:01:45,24709411
2026-05-11 10:02:35,24491446
2026-05-11 10:03:26,24847683
2026-05-11 10:04:17,25104717
2026-05-11 10:05:08,25203918
2026-05-11 10:05:58,25322661
2026-05-11 10:06:49,25778098
2026-05-11 10:07:40,25540614
2026-05-11 10:08:31,25659357
2026-05-11 10:09:22,25659357
2026-05-11 10:10:14,25827699
2026-05-11 10:11:05,26015592
2026-05-11 10:11:55,26233536
2026-05-11 10:12:46,26214004
2026-05-11 10:13:37,26095263
2026-05-11 10:14:28,25877299
2026-05-11 10:15:19,25842735
2026-05-11 10:16:10,25808159
2026-05-11 10:17:03,25808159
2026-05-11 10:17:54,25808159
2026-05-11 10:18:44,25857769
2026-05-11 10:19:35,25907369
2026-05-11 10:20:26,25857769
2026-05-11 10:21:16,26045653
2026-05-11 10:22:07,25996052
2026-05-11 10:22:58,26233536
2026-05-11 10:23:49,26401878
2026-05-11 10:24:40,26352277
2026-05-11 10:25:31,26352277
2026-05-11 10:26:22,26302677
2026-05-11 10:27:13,26352277
2026-05-11 10:28:04,26302677
2026-05-11 10:28:54,26471030
2026-05-11 10:29:45,26589771
2026-05-11 10:30:36,26471030
2026-05-11 10:31:27,26243307
2026-05-11 10:32:18,26258342
2026-05-11 10:33:09,26164394
2026-05-11 10:34:03,26164394
2026-05-11 10:34:53,26164394
2026-05-11 10:35:44,26164394
2026-05-11 10:36:35,26214004
2026-05-11 10:37:26,26095263
2026-05-11 10:38:17,26095263
2026-05-11 10:39:08,26214004
2026-05-11 10:39:58,26164394
2026-05-11 10:40:49,26114793
2026-05-11 10:41:40,26065193
2026-05-11 10:42:31,26183936
2026-05-11 10:43:21,26015592
2026-05-11 10:44:12,25847241
2026-05-11 10:45:03,25965982
2026-05-11 10:45:54,26015592
2026-05-11 10:46:44,26084725
2026-05-11 10:47:35,26065193
2026-05-11 10:48:26,26183936
2026-05-11 10:49:17,25996052
2026-05-11 10:50:08,25996052
2026-05-11 10:50:58,26114793
2026-05-11 10:51:49,25877299
2026-05-11 10:52:40,25877299
2026-05-11 10:53:31,25946452
2026-05-11 10:54:22,25896851
2026-05-11 10:55:13,25778098
2026-05-11 10:56:04,25946452
2026-05-11 10:56:54,26065193
2026-05-11 10:57:45,26124565
2026-05-11 10:58:36,26065193
2026-05-11 10:59:27,26065193
2026-05-11 11:00:18,26015592
2026-05-11 11:01:09,26134335
2026-05-11 11:01:59,26015592
2026-05-11 11:02:50,26134335
2026-05-11 11:03:41,26134335
2026-05-11 11:04:32,26253076
2026-05-11 11:05:23,26253076
2026-05-11 11:06:14,26134335
2026-05-11 11:07:05,26253076
2026-05-11 11:07:56,26084725
2026-05-11 11:08:47,26015592
2026-05-11 11:09:38,26015592
2026-05-11 11:10:28,26015592
2026-05-11 11:11:19,26134335
2026-05-11 11:12:10,26084725
2026-05-11 11:13:03,26015592
2026-05-11 11:13:54,26084725
2026-05-11 11:14:45,26134335
2026-05-11 11:15:36,25990787
2026-05-11 11:16:27,25965982
2026-05-11 11:17:17,25896851
2026-05-11 11:18:08,25896851
2026-05-11 11:18:59,25896851
2026-05-11 11:19:50,25965982
2026-05-11 11:20:40,25896851
2026-05-11 11:21:31,25965982
2026-05-11 11:22:22,25965982
2026-05-11 11:23:13,26025354
2026-05-11 11:24:03,26015592
2026-05-11 11:24:54,26084725
2026-05-11 11:25:45,26223766
2026-05-11 11:26:36,26332747
2026-05-11 11:27:27,26332747
2026-05-11 11:28:17,26263604
2026-05-11 11:29:08,26382347
2026-05-11 11:29:59,26263604
2026-05-11 11:30:49,26392118
2026-05-11 11:31:40,26332747
2026-05-11 11:32:31,26214004
2026-05-11 11:33:22,26214004
2026-05-11 11:34:13,26214004
2026-05-11 11:35:03,26095263
2026-05-11 11:35:54,26214004
2026-05-11 11:36:45,26095263
2026-05-11 11:37:36,26095263
2026-05-11 11:38:27,26045653
2026-05-11 11:39:18,26095263
2026-05-11 11:40:08,26095263
2026-05-11 11:40:59,26045653
2026-05-11 11:41:50,26045653
2026-05-11 11:42:41,25877299
2026-05-11 11:43:32,25887081
2026-05-11 11:44:22,26089997
2026-05-11 11:45:13,25996052
2026-05-11 11:46:04,25996052
2026-05-11 11:46:55,26114793
2026-05-11 11:47:46,26045653
2026-05-11 11:48:36,25996052
2026-05-11 11:49:27,25926900
2026-05-11 11:50:18,25926900
2026-05-11 11:51:08,25926900
2026-05-11 11:51:59,25986282
2026-05-11 11:52:50,25877299
2026-05-11 11:53:41,25926900
2026-05-11 11:54:32,25827699
2026-05-11 11:55:23,25996052
2026-05-11 11:56:13,25877299
2026-05-11 11:57:04,25877299
2026-05-11 11:57:55,25827699
2026-05-11 11:58:46,25996052
2026-05-11 11:59:36,25877299
2026-05-11 12:00:27,25877299
2026-05-11 12:01:18,26045653
2026-05-11 12:02:09,25926900
2026-05-11 12:02:59,25877299
2026-05-11 12:03:50,25926900
2026-05-11 12:04:41,25877299
2026-05-11 12:05:32,25877299
2026-05-11 12:06:23,25877299
2026-05-11 12:07:13,25758558
2026-05-11 12:08:04,25758558
2026-05-11 12:08:55,25708958
2026-05-11 12:09:46,25708958
2026-05-11 12:10:36,25758558
2026-05-11 12:11:27,25827699
2026-05-11 12:12:18,25758558
2026-05-11 12:13:09,25877299
2026-05-11 12:13:59,25758558
2026-05-11 12:14:50,25758558
2026-05-11 12:15:41,25708958
2026-05-11 12:16:31,25827699
2026-05-11 12:17:22,25778098
2026-05-11 12:18:13,25708958
2026-05-11 12:19:04,25778098
2026-05-11 12:19:55,25778098
2026-05-11 12:20:46,25708958
2026-05-11 12:21:37,25827699
2026-05-11 12:22:28,25659357
2026-05-11 12:23:19,25946452
2026-05-11 12:24:10,25896851
2026-05-11 12:25:03,25728488
2026-05-11 12:25:54,25946452
2026-05-11 12:26:44,26015592
2026-05-11 12:27:35,25946452
2026-05-11 12:28:26,26183936
2026-05-11 12:29:16,26015592
2026-05-11 12:30:07,26134335
2026-05-11 12:30:57,26084725
2026-05-11 12:31:48,25965982
2026-05-11 12:32:39,26065193
2026-05-11 12:33:30,26084725
2026-05-11 12:34:21,25896851
2026-05-11 12:35:12,25896851
2026-05-11 12:36:03,26015592
2026-05-11 12:36:54,25946452
2026-05-11 12:37:45,25946452
2026-05-11 12:38:36,25946452
2026-05-11 12:39:27,25896851
2026-05-11 12:40:17,26065193
2026-05-11 12:41:08,25946452
2026-05-11 12:41:59,25896851
2026-05-11 12:42:49,25946452
2026-05-11 12:43:40,26065193
2026-05-11 12:44:31,25896851
2026-05-11 12:45:22,26015592
2026-05-11 12:46:13,25896851
2026-05-11 12:47:04,25921646
2026-05-11 12:47:54,25797639
2026-05-11 12:48:45,25748039
2026-05-11 12:49:36,25847241
2026-05-11 12:50:26,25847241
2026-05-11 12:51:17,25847241
2026-05-11 12:52:08,25847241
2026-05-11 12:52:58,25965982
2026-05-11 12:53:49,25916380
2026-05-11 12:54:40,25847241
2026-05-11 12:55:31,25965982
2026-05-11 12:56:22,25847241
2026-05-11 12:57:13,25896851
2026-05-11 12:58:04,25847241
2026-05-11 12:58:55,25847241
2026-05-11 12:59:46,25896851
2026-05-11 13:00:36,26015592
2026-05-11 13:01:27,25965982
2026-05-11 13:02:17,25965982
2026-05-11 13:03:08,25965982
2026-05-11 13:03:59,26015592
2026-05-11 13:04:50,25896851
2026-05-11 13:05:41,25847241
2026-05-11 13:06:31,25896851
2026-05-11 13:07:22,25847241
2026-05-11 13:08:13,25847241
2026-05-11 13:09:04,25678886
2026-05-11 13:09:55,25847241
2026-05-11 13:10:45,25678886
2026-05-11 13:11:36,25728488
2026-05-11 13:12:27,25678886
2026-05-11 13:13:17,25847241
2026-05-11 13:14:08,25728488
2026-05-11 13:14:59,25728488
2026-05-11 13:15:50,25678886
2026-05-11 13:16:41,25847241
2026-05-11 13:17:32,25678886
2026-05-11 13:18:23,25728488
2026-05-11 13:19:14,25797639
2026-05-11 13:20:05,25728488
2026-05-11 13:20:55,25703692
2026-05-11 13:21:46,25728488
2026-05-11 13:22:37,25822445
2026-05-11 13:23:28,25678886
2026-05-11 13:24:18,25728488
2026-05-11 13:25:09,25847241
2026-05-11 13:26:03,25678886
2026-05-11 13:26:54,25678886
2026-05-11 13:27:45,25797639
2026-05-11 13:28:35,25678886
2026-05-11 13:29:27,25728488
2026-05-11 13:30:17,25678886
2026-05-11 13:31:08,25560145
2026-05-11 13:31:59,25510545
2026-05-11 13:32:50,25560145
2026-05-11 13:33:41,25510545
2026-05-11 13:34:31,25391802
2026-05-11 13:35:22,25678886
2026-05-11 13:36:13,25678886
2026-05-11 13:37:04,25510545
2026-05-11 13:37:55,25560145
2026-05-11 13:38:46,25510545
2026-05-11 13:39:37,25510545
2026-05-11 13:40:28,25441402
2026-05-11 13:41:19,25391802
2026-05-11 13:42:10,25441402
2026-05-11 13:43:03,25391802
2026-05-11 13:43:53,25441402
2026-05-11 13:44:44,25560145
2026-05-11 13:45:35,25441402
2026-05-11 13:46:26,25391802
2026-05-11 13:47:17,25391802
2026-05-11 13:48:08,25510545
2026-05-11 13:48:59,25391802
2026-05-11 13:49:49,25510545
2026-05-11 13:50:40,25391802
2026-05-11 13:51:31,25391802
2026-05-11 13:52:22,25441402
2026-05-11 13:53:12,25391802
2026-05-11 13:54:03,25441402
2026-05-11 13:54:54,25391802
2026-05-11 13:55:45,25391802
2026-05-11 13:56:35,25322661
2026-05-11 13:57:26,25273061
2026-05-11 13:58:17,25332432
2026-05-11 13:59:08,25273061
2026-05-11 13:59:59,25273061
2026-05-11 14:00:50,25273061
2026-05-11 14:01:41,25322661
2026-05-11 14:02:31,25273061
2026-05-11 14:03:22,25322661
2026-05-11 14:04:13,25273061
2026-05-11 14:05:04,25391802
2026-05-11 14:05:54,25273061
2026-05-11 14:06:45,25273061
2026-05-11 14:07:36,25322661
2026-05-11 14:08:27,25322661
2026-05-11 14:09:18,25154318
2026-05-11 14:10:09,25154318
2026-05-11 14:10:59,25154318
2026-05-11 14:11:50,25154318
2026-05-11 14:12:40,25223460
2026-05-11 14:13:31,25223460
2026-05-11 14:14:22,25342201
2026-05-11 14:15:13,25273061
2026-05-11 14:16:04,25273061
2026-05-11 14:16:55,25223460
2026-05-11 14:17:45,25223460
2026-05-11 14:18:36,25273061
2026-05-11 14:19:27,25223460
2026-05-11 14:20:17,25223460
2026-05-11 14:21:08,25223460
2026-05-11 14:21:59,25223460
2026-05-11 14:22:50,25223460
2026-05-11 14:23:41,25079913
2026-05-11 14:24:32,25104717
2026-05-11 14:25:22,25223460
2026-05-11 14:26:13,25173850
2026-05-11 14:27:04,25223460
2026-05-11 14:27:55,25223460
2026-05-11 14:28:46,25342201
2026-05-11 14:29:36,25342201
2026-05-11 14:30:27,25460944
2026-05-11 14:31:18,25411334
2026-05-11 14:32:09,25411334
2026-05-11 14:33:03,25436140
2026-05-11 14:33:54,25411334
2026-05-11 14:34:45,25436140
2026-05-11 14:35:36,25460944
2026-05-11 14:36:26,25460944
2026-05-11 14:37:17,25361734
2026-05-11 14:38:08,25430874
2026-05-11 14:38:59,25361734
2026-05-11 14:39:50,25312133
2026-05-11 14:40:41,25430874
2026-05-11 14:41:31,25480475
2026-05-11 14:42:22,25549627
2026-05-11 14:43:13,25480475
2026-05-11 14:44:04,25430874
2026-05-11 14:44:55,25430874
2026-05-11 14:45:46,25381274
2026-05-11 14:46:37,25381274
2026-05-11 14:47:27,25331662
2026-05-11 14:48:18,25212921
2026-05-11 14:49:09,25331662
2026-05-11 14:50:03,25430874
2026-05-11 14:50:54,25549627
2026-05-11 14:51:45,25717969
2026-05-11 14:52:36,25955453
2026-05-11 14:53:27,26024605
2026-05-11 14:54:18,26143346
2026-05-11 14:55:09,26262089
2026-05-11 14:56:03,26143346
2026-05-11 14:56:54,26262089
2026-05-11 14:57:45,26192947
2026-05-11 14:58:36,26192947
2026-05-11 14:59:26,26024605
2026-05-11 15:00:17,26242547
2026-05-11 15:01:08,26123806
2026-05-11 15:01:59,26074206
2026-05-11 15:02:50,26143346
2026-05-11 15:03:41,25905852
2026-05-11 15:04:32,25905852
2026-05-11 15:05:22,25856252
2026-05-11 15:06:13,25905852
2026-05-11 15:07:04,26024605
2026-05-11 15:07:55,25975005
2026-05-11 15:08:45,26093746
2026-05-11 15:09:36,26024605
2026-05-11 15:10:27,26024605
2026-05-11 15:11:18,25975005
2026-05-11 15:12:09,25975005
2026-05-11 15:13:03,26143346
2026-05-11 15:13:54,26024605
2026-05-11 15:14:44,26262089
2026-05-11 15:15:35,26262089
2026-05-11 15:16:25,26093746
2026-05-11 15:17:16,26212489
2026-05-11 15:18:07,26044134
2026-05-11 15:18:58,26093746
2026-05-11 15:19:49,26331230
2026-05-11 15:20:39,26281618
2026-05-11 15:21:30,26281618
2026-05-11 15:22:20,26281618
2026-05-11 15:23:11,26281618
2026-05-11 15:24:03,26281618
2026-05-11 15:24:54,26281618
2026-05-11 15:25:45,26281618
2026-05-11 15:26:36,26281618
2026-05-11 15:27:27,26281618
2026-05-11 15:28:18,26281618
2026-05-11 15:29:08,26281618
2026-05-11 15:29:59,26281618
2026-05-11 15:30:49,26331230
2026-05-11 15:31:40,26331230
2026-05-11 15:32:31,26331230
2026-05-11 15:33:21,26331230
2026-05-11 15:34:12,26331230
2026-05-11 15:35:03,26331230
2026-05-11 15:35:54,26331230
2026-05-11 15:36:45,26331230
2026-05-11 15:37:36,26331230
2026-05-11 15:38:27,26331230
2026-05-11 15:39:18,26331230
2026-05-11 15:40:08,26331230
2026-05-11 15:40:59,26331230
2026-05-11 15:41:49,26212489
2026-05-11 15:42:40,26212489
2026-05-11 15:43:31,26093746
2026-05-11 15:44:22,26093746
2026-05-11 15:45:13,25975005
2026-05-11 15:46:03,25975005
2026-05-11 15:46:54,25975005
2026-05-11 15:47:45,25975005
2026-05-11 15:48:36,25975005
2026-05-11 15:49:27,25975005
2026-05-11 15:50:17,25856252
2026-05-11 15:51:08,25975005
2026-05-11 15:51:59,25975005
2026-05-11 15:52:50,25975005
2026-05-11 15:53:41,25856252
2026-05-11 15:54:31,25856252
2026-05-11 15:55:22,25975005
2026-05-11 15:56:13,25856252
2026-05-11 15:57:04,25856252
2026-05-11 15:57:55,25856252
2026-05-11 15:58:46,25856252
2026-05-11 15:59:36,25737511
2026-05-11 16:00:27,25856252
2026-05-11 16:01:18,25737511
2026-05-11 16:02:09,25737511
2026-05-11 16:03:03,25856252
2026-05-11 16:03:54,25856252
2026-05-11 16:04:45,25737511
2026-05-11 16:05:36,25737511
2026-05-11 16:06:27,25856252
2026-05-11 16:07:17,25856252
2026-05-11 16:08:08,25856252
2026-05-11 16:08:59,25856252
2026-05-11 16:09:50,25975005
2026-05-11 16:10:41,25975005
2026-05-11 16:11:32,25975005
2026-05-11 16:12:22,25975005
2026-05-11 16:13:13,25975005
2026-05-11 16:14:04,25975005
2026-05-11 16:14:55,26093746
2026-05-11 16:15:46,26093746
2026-05-11 16:16:36,26093746
2026-05-11 16:17:27,26212489
2026-05-11 16:18:18,26212489
2026-05-11 16:19:09,26212489
2026-05-11 16:19:59,26212489
2026-05-11 16:20:49,26212489
2026-05-11 16:21:40,26212489
2026-05-11 16:22:31,26212489
2026-05-11 16:23:22,26212489
2026-05-11 16:24:13,26093746
2026-05-11 16:25:03,26093746
2026-05-11 16:25:54,26093746
2026-05-11 16:26:45,26093746
2026-05-11 16:27:36,26093746
2026-05-11 16:28:27,26331230
2026-05-11 16:29:18,26212489
2026-05-11 16:30:09,26331230
2026-05-11 16:30:59,26212489
2026-05-11 16:31:49,26331230
2026-05-11 16:32:40,26331230
2026-05-11 16:33:31,26331230
2026-05-11 16:34:22,26212489
2026-05-11 16:35:12,26212489
2026-05-11 16:36:03,26212489
2026-05-11 16:36:54,26212489
2026-05-11 16:37:45,26212489
2026-05-11 16:38:36,26212489
2026-05-11 16:39:26,26212489
2026-05-11 16:40:17,26212489
2026-05-11 16:41:08,26212489
2026-05-11 16:41:59,26212489
2026-05-11 16:42:50,26093746
2026-05-11 16:43:41,26212489
2026-05-11 16:44:31,26212489
2026-05-11 16:45:22,26212489
2026-05-11 16:46:13,26093746
2026-05-11 16:47:04,26093746
2026-05-11 16:47:55,26093746
2026-05-11 16:48:45,25975005
2026-05-11 16:49:36,26093746
2026-05-11 16:50:27,25975005
2026-05-11 16:51:18,26093746
2026-05-11 16:52:09,25975005
2026-05-11 16:53:03,25975005
2026-05-11 16:53:54,25975005
2026-05-11 16:54:44,25975005
2026-05-11 16:55:35,25975005
2026-05-11 16:56:26,25975005
2026-05-11 16:57:17,25975005
2026-05-11 16:58:08,26093746
2026-05-11 16:58:58,25856252
2026-05-11 16:59:49,25975005
2026-05-11 17:00:39,25975005
2026-05-11 17:01:30,25975005
2026-05-11 17:02:21,25975005
2026-05-11 17:03:12,25975005
2026-05-11 17:04:03,25975005
2026-05-11 17:04:54,25975005
2026-05-11 17:05:45,25856252
2026-05-11 17:06:36,25856252
2026-05-11 17:07:27,25856252
2026-05-11 17:08:18,25975005
2026-05-11 17:09:08,25975005
2026-05-11 17:09:59,25975005
2026-05-11 17:10:49,25856252
2026-05-11 17:11:40,25975005
2026-05-11 17:12:30,25975005
2026-05-11 17:13:21,25856252
2026-05-11 17:14:12,25856252
2026-05-11 17:15:03,25737511
2026-05-11 17:15:54,25737511
2026-05-11 17:16:44,25856252
2026-05-11 17:17:35,25856252
2026-05-11 17:18:26,25737511
2026-05-11 17:19:17,25856252
2026-05-11 17:20:08,25856252
2026-05-11 17:20:59,25856252
2026-05-11 17:21:50,25856252
2026-05-11 17:22:41,25737511
2026-05-11 17:23:32,25856252
2026-05-11 17:24:22,25737511
2026-05-11 17:25:12,25737511
2026-05-11 17:26:03,25856252
2026-05-11 17:26:54,25737511
2026-05-11 17:27:45,25856252
2026-05-11 17:28:36,25856252
2026-05-11 17:29:26,25737511
2026-05-11 17:30:17,25856252
2026-05-11 17:31:08,25737511
2026-05-11 17:31:58,25856252
2026-05-11 17:32:49,25737511
2026-05-11 17:33:40,25737511
2026-05-11 17:34:31,25737511
2026-05-11 17:35:22,25737511
2026-05-11 17:36:12,25737511
2026-05-11 17:37:03,25737511
2026-05-11 17:37:54,25737511
2026-05-11 17:38:45,25856252
2026-05-11 17:39:36,25737511
2026-05-11 17:40:26,25737511
2026-05-11 17:41:17,25856252
2026-05-11 17:42:08,25737511
2026-05-11 17:42:59,25737511
2026-05-11 17:43:49,25737511
2026-05-11 17:44:40,25737511
2026-05-11 17:45:31,25737511
2026-05-11 17:46:22,25737511
2026-05-11 17:47:13,25737511
2026-05-11 17:48:03,25737511
2026-05-11 17:48:54,25618768
2026-05-11 17:49:45,25737511
2026-05-11 17:50:35,25737511
2026-05-11 17:51:26,25856252
2026-05-11 17:52:17,25737511
2026-05-11 17:53:08,25737511
2026-05-11 17:53:58,25856252
2026-05-11 17:54:49,25737511
2026-05-11 17:55:40,25737511
2026-05-11 17:56:31,25856252
2026-05-11 17:57:22,25737511
2026-05-11 17:58:12,25856252
2026-05-11 17:59:03,25856252
2026-05-11 17:59:54,25856252
2026-05-11 18:00:44,25737511
2026-05-11 18:01:35,25856252
2026-05-11 18:02:26,25856252
2026-05-11 18:03:17,25856252
2026-05-11 18:04:08,25737511
2026-05-11 18:04:58,25856252
2026-05-11 18:05:49,25856252
2026-05-11 18:06:40,25737511
2026-05-11 18:07:30,25737511
2026-05-11 18:08:21,25856252
2026-05-11 18:09:12,25856252
2026-05-11 18:10:03,25856252
2026-05-11 18:10:54,25737511
2026-05-11 18:11:45,25856252
2026-05-11 18:12:35,25950054
2026-05-11 18:13:26,25856262
2026-05-11 18:14:17,25856262
2026-05-11 18:15:07,25950054
2026-05-11 18:15:58,25950054
2026-05-11 18:16:49,25950054
2026-05-11 18:17:40,25950054
2026-05-11 18:18:30,25856262
2026-05-11 18:19:21,25950054
2026-05-11 18:20:15,25856262
2026-05-11 18:21:06,25950054
2026-05-11 18:21:56,25856262
2026-05-11 18:22:47,25950054
2026-05-11 18:23:38,25950054
2026-05-11 18:24:29,25856262
2026-05-11 18:25:20,25950054
2026-05-11 18:26:10,25881211
2026-05-11 18:27:03,25950064
2026-05-11 18:27:54,25881211
2026-05-11 18:28:45,25950064
2026-05-11 18:29:35,25881211
2026-05-11 18:30:26,25881211
2026-05-11 18:31:17,25881211
2026-05-11 18:32:08,25881211
2026-05-11 18:32:58,25950064
2026-05-11 18:33:49,25950064
2026-05-11 18:34:40,25950064
2026-05-11 18:35:31,25881211
2026-05-11 18:36:22,25881211
2026-05-11 18:37:13,25881211
2026-05-11 18:38:04,25881211
2026-05-11 18:38:54,25812360
2026-05-11 18:39:45,25881211
2026-05-11 18:40:36,25881211
2026-05-11 18:41:27,25950064
2026-05-11 18:42:18,25950064
2026-05-11 18:43:09,25950064
2026-05-11 18:44:03,25950064
2026-05-11 18:44:53,25881211
2026-05-11 18:45:44,25881211
2026-05-11 18:46:35,25950064
2026-05-11 18:47:26,25881211
2026-05-11 18:48:17,25881211
2026-05-11 18:49:08,25881211
2026-05-11 18:49:58,25881211
2026-05-11 18:50:49,25881211
2026-05-11 18:51:39,25881211
2026-05-11 18:52:30,25881211
2026-05-11 18:53:21,25950064
2026-05-11 18:54:12,25950064
2026-05-11 18:55:03,25950064
2026-05-11 18:55:53,25950064
2026-05-11 18:56:44,25950064
2026-05-11 18:57:35,25881211
2026-05-11 18:58:26,25881211
2026-05-11 18:59:17,25881211
2026-05-11 19:00:08,25881211
2026-05-11 19:00:59,25881211
2026-05-11 19:01:49,25881211
2026-05-11 19:02:40,25950064
2026-05-11 19:03:31,25881211
2026-05-11 19:04:22,25950064
2026-05-11 19:05:12,25950064
2026-05-11 19:06:03,25881211
2026-05-11 19:06:54,25950064
2026-05-11 19:07:45,25950064
2026-05-11 19:08:36,25950064
2026-05-11 19:09:27,25950064
2026-05-11 19:10:17,25881211
2026-05-11 19:11:08,25950064
2026-05-11 19:11:59,25881211
2026-05-11 19:12:50,25950064
2026-05-11 19:13:40,25950064
2026-05-11 19:14:31,25950064
2026-05-11 19:15:22,25950064
2026-05-11 19:16:13,25881211
2026-05-11 19:17:04,25881211
2026-05-11 19:17:54,25881211
2026-05-11 19:18:45,25950064
2026-05-11 19:19:36,25881211
2026-05-11 19:20:27,25950064
2026-05-11 19:21:18,25881211
2026-05-11 19:22:09,25950064
2026-05-11 19:22:59,25881211
2026-05-11 19:23:50,25950064
2026-05-11 19:24:41,25881211
2026-05-11 19:25:31,25950064
2026-05-11 19:26:22,25950064
2026-05-11 19:27:13,25950064
2026-05-11 19:28:04,25950064
2026-05-11 19:28:55,25881211
2026-05-11 19:29:45,25881211
2026-05-11 19:30:36,25950064
2026-05-11 19:31:27,25950064
2026-05-11 19:32:18,25950064
2026-05-11 19:33:09,25950064
2026-05-11 19:33:59,25950064
2026-05-11 19:34:50,25881211
2026-05-11 19:35:41,25881211
2026-05-11 19:36:32,25881211
2026-05-11 19:37:22,25881211
2026-05-11 19:38:13,25881211
2026-05-11 19:39:04,25881211
2026-05-11 19:39:55,25881211
2026-05-11 19:40:46,25881211
2026-05-11 19:41:37,25881211
2026-05-11 19:42:27,25881211
2026-05-11 19:43:18,25881211
2026-05-11 19:44:09,25881211
2026-05-11 19:45:03,25881211
2026-05-11 19:45:54,25881211
2026-05-11 19:46:44,25881211
2026-05-11 19:47:35,25881211
2026-05-11 19:48:26,25881211
2026-05-11 19:49:17,25881211
2026-05-11 19:50:08,25881211
2026-05-11 19:50:59,25881211
2026-05-11 19:51:49,25881211
2026-05-11 19:52:40,25881211
2026-05-11 19:53:31,25881211
2026-05-11 19:54:22,25881211
2026-05-11 19:55:12,25881211
2026-05-11 19:56:03,25881211
2026-05-11 19:56:54,25881211
2026-05-11 19:57:45,25881211
2026-05-11 19:58:36,25881211
2026-05-11 19:59:27,25881211
2026-05-12 08:00:09,25982406
2026-05-12 08:01:03,25982406
2026-05-12 08:01:54,25982406
2026-05-12 08:02:45,25982406
2026-05-12 08:03:36,25982406
2026-05-12 08:04:27,25982406
2026-05-12 08:05:18,25982406
2026-05-12 08:06:09,25982392
2026-05-12 08:07:03,25982392
2026-05-12 08:07:53,25891646
2026-05-12 08:08:44,26021366
2026-05-12 08:09:34,25943532
2026-05-12 08:10:25,25891646
2026-05-12 08:11:16,25917584
2026-05-12 08:12:06,25917584
2026-05-12 08:12:56,25684092
2026-05-12 08:13:47,25865698
2026-05-12 08:14:38,25839760
2026-05-12 08:15:29,25891646
2026-05-12 08:16:19,25839760
2026-05-12 08:17:10,25891646
2026-05-12 08:18:03,25761926
2026-05-12 08:18:54,25761926
2026-05-12 08:19:45,25813812
2026-05-12 08:20:37,25865698
2026-05-12 08:21:28,25865698
2026-05-12 08:22:18,25865698
2026-05-12 08:23:08,25865698
2026-05-12 08:23:58,25865698
2026-05-12 08:24:49,25865698
2026-05-12 08:25:40,25865698
2026-05-12 08:26:31,25865698
2026-05-12 08:27:22,25865698
2026-05-12 08:28:13,25839760
2026-05-12 08:29:04,25813812
2026-05-12 08:29:54,25787864
2026-05-12 08:30:45,25761926
2026-05-12 08:31:35,25813812
2026-05-12 08:32:25,25785142
2026-05-12 08:33:16,25785142
2026-05-12 08:34:08,25837028
2026-05-12 08:34:59,25914862
2026-05-12 08:35:50,25839524
2026-05-12 08:36:41,25888914
2026-05-12 08:37:31,25862976
2026-05-12 08:38:21,25787638
2026-05-12 08:39:12,25888914
2026-05-12 08:40:03,25837028
2026-05-12 08:40:53,25839524
2026-05-12 08:41:44,25940810
2026-05-12 08:42:35,26096468
2026-05-12 08:43:26,26070530
2026-05-12 08:44:17,25992696
2026-05-12 08:45:07,25940810
2026-05-12 08:45:58,26013655
2026-05-12 08:46:49,26065541
2026-05-12 08:47:40,26164322
2026-05-12 08:48:30,26239662
2026-05-12 08:49:21,26164322
2026-05-12 09:01:15,26728412
2026-05-12 09:02:06,26607424
2026-05-12 09:02:57,27180226
2026-05-12 09:03:49,26729868
2026-05-12 09:04:40,26531875
2026-05-12 09:05:31,25631550
2026-05-12 09:06:22,25504324
2026-05-12 09:07:13,25634044
2026-05-12 09:08:04,25445755
2026-05-12 09:08:55,25231926
2026-05-12 09:09:46,25178678
2026-05-12 09:10:37,25152740
2026-05-12 09:11:28,25482957
2026-05-12 09:12:19,25381671
2026-05-12 09:13:10,25488871
2026-05-12 09:14:03,25539615
2026-05-12 09:14:54,25543252
2026-05-12 09:15:45,25545537
2026-05-12 09:16:35,25242410
2026-05-12 09:17:26,25140923
2026-05-12 09:18:17,25043295
2026-05-12 09:19:08,24806578
2026-05-12 09:19:59,24721484
2026-05-12 09:20:50,24647298
2026-05-12 09:21:40,24623635
2026-05-12 09:22:32,24756993
2026-05-12 09:23:23,24303408
2026-05-12 09:24:13,23864857
2026-05-12 09:25:04,23685945
2026-05-12 09:25:55,24317289
2026-05-12 09:26:46,24363462
2026-05-12 09:27:37,24390552
2026-05-12 09:28:28,24144520
2026-05-12 09:29:19,24117230
2026-05-12 09:30:10,24219439
2026-05-12 09:31:03,24116811
2026-05-12 09:31:54,24244455
2026-05-12 09:32:45,24297494
2026-05-12 09:33:36,24448370
2026-05-12 09:34:27,24371679
2026-05-12 09:35:18,24294998
2026-05-12 09:36:09,24320717
2026-05-12 09:37:03,24421994
2026-05-12 09:37:54,24615557
2026-05-12 09:38:44,24376031
2026-05-12 09:39:35,24222867
2026-05-12 09:40:26,24219231
2026-05-12 09:41:17,24294570
2026-05-12 09:42:08,24217868
2026-05-12 09:42:58,24168477
2026-05-12 09:43:49,23993014
2026-05-12 09:44:40,24004836
2026-05-12 09:45:31,23989375
2026-05-12 09:46:22,23911541
2026-05-12 09:47:12,23836203
2026-05-12 09:48:03,24137549
2026-05-12 09:48:54,24186939
2026-05-12 09:49:45,24162144
2026-05-12 09:50:36,24336486
2026-05-12 09:51:26,24487363
2026-05-12 09:52:17,24399984
2026-05-12 09:53:08,24310538
2026-05-12 09:53:59,24198667
2026-05-12 09:54:50,24264773
2026-05-12 09:55:40,24186939
2026-05-12 09:56:31,24162355
2026-05-12 09:57:22,24107973
2026-05-12 09:58:13,24158507
2026-05-12 09:59:04,24158507
2026-05-12 09:59:55,24109105
2026-05-12 10:00:45,24209459
2026-05-12 10:01:35,24282722
2026-05-12 10:02:26,24154356
2026-05-12 10:03:17,24103813
2026-05-12 10:04:08,24006896
2026-05-12 10:04:59,23980015
2026-05-12 10:05:49,23804331
2026-05-12 10:06:40,23653455
2026-05-12 10:07:30,23601569
2026-05-12 10:08:22,23487192
2026-05-12 10:09:12,23346909
2026-05-12 10:10:03,23423590
2026-05-12 10:10:54,23526230
2026-05-12 10:11:45,23348461
2026-05-12 10:12:35,23324797
2026-05-12 10:13:26,23248116
2026-05-12 10:14:17,23195077
2026-05-12 10:15:08,22847922
2026-05-12 10:15:58,22609288
2026-05-12 10:16:49,22303884
2026-05-12 10:17:40,22306370
2026-05-12 10:18:31,22284059
2026-05-12 10:19:22,21990593
2026-05-12 10:20:14,22055348
2026-05-12 10:21:05,22157768
2026-05-12 10:21:56,22072778
2026-05-12 10:22:47,21879455
2026-05-12 10:23:37,21571957
2026-05-12 10:24:28,21550799
2026-05-12 10:25:19,21831397
2026-05-12 10:26:10,21632271
2026-05-12 10:27:03,21121810
2026-05-12 10:27:54,21071998
2026-05-12 10:28:45,20996449
2026-05-12 10:29:35,21000089
2026-05-12 10:30:26,20895373
2026-05-12 10:31:17,20589961
2026-05-12 10:32:08,20162123
2026-05-12 10:32:58,19861489
2026-05-12 10:33:49,19382889
2026-05-12 10:34:40,18957536
2026-05-12 10:35:31,18256566
2026-05-12 10:36:22,18279999
2026-05-12 10:37:13,18838309
2026-05-12 10:38:04,18603351
2026-05-12 10:38:55,18173513
2026-05-12 10:39:45,17750017
2026-05-12 10:40:36,18236837
2026-05-12 10:41:27,18462749
2026-05-12 10:42:18,18510074
2026-05-12 10:43:09,19240000
2026-05-12 10:44:03,19296039
2026-05-12 10:44:54,19947104
2026-05-12 10:45:45,20526362
2026-05-12 10:46:35,21152412
2026-05-12 10:47:26,21125532
2026-05-12 10:48:17,21273715
2026-05-12 10:49:08,21323315
2026-05-12 10:49:58,21416410
2026-05-12 10:50:49,21024977
2026-05-12 10:51:40,20593703
2026-05-12 10:52:30,20364267
2026-05-12 10:53:21,20338100
2026-05-12 10:54:12,20137821
2026-05-12 10:55:03,19960995
2026-05-12 10:55:54,19786875
2026-05-12 10:56:44,19521737
2026-05-12 10:57:35,20042257
2026-05-12 10:58:25,19609840
2026-05-12 10:59:16,19686321
2026-05-12 11:00:07,19791235
2026-05-12 11:00:58,20016309
2026-05-12 11:01:48,20319228
2026-05-12 11:02:39,20118948
2026-05-12 11:03:30,20371323
2026-05-12 11:04:21,20498548
2026-05-12 11:05:12,20829699
2026-05-12 11:06:03,20930254
2026-05-12 11:06:54,21306005
2026-05-12 11:07:45,21532231
2026-05-12 11:08:36,21252766
2026-05-12 11:09:27,21377706
2026-05-12 11:10:17,21633309
2026-05-12 11:11:08,21810133
2026-05-12 11:11:59,21860877
2026-05-12 11:12:50,21884331
2026-05-12 11:13:41,21707715
2026-05-12 11:14:32,21504931
2026-05-12 11:15:22,21254119
2026-05-12 11:16:13,21078226
2026-05-12 11:17:04,21002887
2026-05-12 11:17:55,21405175
2026-05-12 11:18:46,21357680
2026-05-12 11:19:37,21486258
2026-05-12 11:20:28,21660390
2026-05-12 11:21:18,21660390
2026-05-12 11:22:09,21810133
2026-05-12 11:23:03,21986740
2026-05-12 11:23:54,21963307
2026-05-12 11:24:45,21988113
2026-05-12 11:25:36,21887967
2026-05-12 11:26:26,21837214
2026-05-12 11:27:17,21686537
2026-05-12 11:28:08,21535858
2026-05-12 11:28:59,21459177
2026-05-12 11:29:50,21495804
2026-05-12 11:30:40,21572287
2026-05-12 11:31:31,21331953
2026-05-12 11:32:22,21420360
2026-05-12 11:33:13,21509910
2026-05-12 11:34:04,21383839
2026-05-12 11:34:54,21307347
2026-05-12 11:35:45,21282552
2026-05-12 11:36:36,21207003
2026-05-12 11:37:27,21079569
2026-05-12 11:38:18,21053621
2026-05-12 11:39:09,21128960
2026-05-12 11:39:59,21079569
2026-05-12 11:40:50,21078427
2026-05-12 11:41:41,20774586
2026-05-12 11:42:32,20940618
2026-05-12 11:43:23,20902952
2026-05-12 11:44:14,21105726
2026-05-12 11:45:04,21383839
2026-05-12 11:45:55,21535858
2026-05-12 11:46:46,21738423
2026-05-12 11:47:37,21839920
2026-05-12 11:48:28,21789176
2026-05-12 11:49:19,21889321
2026-05-12 11:50:09,22118031
2026-05-12 11:51:03,22145323
2026-05-12 11:51:54,22121671
2026-05-12 11:52:45,22372482
2026-05-12 11:53:36,22497422
2026-05-12 11:54:26,22499917
2026-05-12 11:55:17,22398420
2026-05-12 11:56:08,22473759
2026-05-12 11:56:59,22573893
2026-05-12 11:57:50,22547955
2026-05-12 11:58:41,22446669
2026-05-12 11:59:31,22421873
2026-05-12 12:00:22,22398420
2026-05-12 12:01:12,22447821
2026-05-12 12:02:03,22217958
2026-05-12 12:02:54,21711342
2026-05-12 12:03:45,21711342
2026-05-12 12:04:36,21712485
2026-05-12 12:05:27,21690175
2026-05-12 12:06:18,21816257
2026-05-12 12:07:09,21663084
2026-05-12 12:08:03,21637146
2026-05-12 12:08:54,21713837
2026-05-12 12:09:44,21712695
2026-05-12 12:10:35,21813982
2026-05-12 12:11:26,21671873
2026-05-12 12:12:17,21762096
2026-05-12 12:13:08,21660809
2026-05-12 12:13:59,21723175
2026-05-12 12:14:50,21812629
2026-05-12 12:15:40,21775061
2026-05-12 12:16:31,21787824
2026-05-12 12:17:22,21712485
2026-05-12 12:18:13,21624068
2026-05-12 12:19:03,21458958
2026-05-12 12:19:54,21409566
2026-05-12 12:20:45,21523819
2026-05-12 12:21:36,21713418
2026-05-12 12:22:27,21613285
2026-05-12 12:23:18,21587337
2026-05-12 12:24:08,21612131
2026-05-12 12:25:03,21636728
2026-05-12 12:25:54,21586183
2026-05-12 12:26:45,21636728
2026-05-12 12:27:35,21712066
2026-05-12 12:28:26,21712066
2026-05-12 12:29:17,21865240
2026-05-12 12:30:08,21866382
2026-05-12 12:30:59,21892320
2026-05-12 12:31:49,21969022
2026-05-12 12:32:40,22096237
2026-05-12 12:33:31,21918268
2026-05-12 12:34:22,21993597
2026-05-12 12:35:13,21841786
2026-05-12 12:36:04,21740510
2026-05-12 12:36:54,21866580
2026-05-12 12:37:45,21891386
2026-05-12 12:38:36,21866801
2026-05-12 12:39:27,21865648
2026-05-12 12:40:18,21840642
2026-05-12 12:41:09,21664017
2026-05-12 12:42:03,21713418
2026-05-12 12:42:53,21726383
2026-05-12 12:43:44,21791242
2026-05-12 12:44:35,21790110
2026-05-12 12:45:26,21738224
2026-05-12 12:46:17,21612131
2026-05-12 12:47:07,21560245
2026-05-12 12:47:58,21482411
2026-05-12 12:48:49,21406863
2026-05-12 12:49:40,21257336
2026-05-12 12:50:30,21332676
2026-05-12 12:51:21,21231388
2026-05-12 12:52:12,21280990
2026-05-12 12:53:03,21331524
2026-05-12 12:53:54,21382278
2026-05-12 12:54:45,21482411
2026-05-12 12:55:36,21509712
2026-05-12 12:56:27,21435306
2026-05-12 12:57:17,21358824
2026-05-12 12:58:08,21282132
2026-05-12 12:58:59,21217178
2026-05-12 12:59:50,21029547
2026-05-12 13:00:40,21180645
2026-05-12 13:01:31,21258271
2026-05-12 13:02:22,21310157
2026-05-12 13:03:12,21158125
2026-05-12 13:04:03,21209813
2026-05-12 13:04:54,21134473
2026-05-12 13:05:45,21337038
2026-05-12 13:06:36,21514073
2026-05-12 13:07:26,21400850
2026-05-12 13:08:17,21563464
2026-05-12 13:09:08,21638802
2026-05-12 13:09:59,21539811
2026-05-12 13:10:49,21539811
2026-05-12 13:11:40,21439666
2026-05-12 13:12:31,21286493
2026-05-12 13:13:22,21311090
2026-05-12 13:14:12,21186150
2026-05-12 13:15:03,21032976
2026-05-12 13:15:54,21007038
2026-05-12 13:16:45,21108525
2026-05-12 13:17:36,21108525
2026-05-12 13:18:26,20957638
2026-05-12 13:19:17,20909180
2026-05-12 13:20:08,20932833
2026-05-12 13:20:58,21008171
2026-05-12 13:21:49,21021146
2026-05-12 13:22:40,20958781
2026-05-12 13:23:31,20869230
2026-05-12 13:24:22,20905542
2026-05-12 13:25:13,21008171
2026-05-12 13:26:04,20957638
2026-05-12 13:26:55,20805608
2026-05-12 13:27:46,20906895
2026-05-12 13:28:37,20856361
2026-05-12 13:29:28,20843282
2026-05-12 13:30:18,20883442
2026-05-12 13:31:09,20932833
2026-05-12 13:32:03,20983366
2026-05-12 13:32:54,21034119
2026-05-12 13:33:44,20933976
2026-05-12 13:34:35,20832689
2026-05-12 13:35:26,20882299
2026-05-12 13:36:17,20806970
2026-05-12 13:37:07,20796387
2026-05-12 13:37:58,20631487
2026-05-12 13:38:49,20657224
2026-05-12 13:39:40,20580744
2026-05-12 13:40:31,20654939
2026-05-12 13:41:21,20653806
2026-05-12 13:42:12,20475829
2026-05-12 13:43:03,20589523
2026-05-12 13:43:53,20475829
2026-05-12 13:44:44,20476962
2026-05-12 13:45:35,20502910
2026-05-12 13:46:26,20554796
2026-05-12 13:47:17,20605549
2026-05-12 13:48:08,20539912
2026-05-12 13:48:58,20478114
2026-05-12 13:49:49,20428723
2026-05-12 13:50:40,20327217
2026-05-12 13:51:31,20427360
2026-05-12 13:52:22,20376618
2026-05-12 13:53:13,20276483
2026-05-12 13:54:03,20338943
2026-05-12 13:54:54,20276483
2026-05-12 13:55:45,20379113
2026-05-12 13:56:36,20353165
2026-05-12 13:57:27,20352021
2026-05-12 13:58:17,20275550
2026-05-12 13:59:08,20350889
2026-05-12 13:59:59,20174262
2026-05-12 14:00:50,20324941
2026-05-12 14:01:41,20454452
2026-05-12 14:02:31,20681820
2026-05-12 14:03:22,20683172
2026-05-12 14:04:13,20631286
2026-05-12 14:05:04,20933261
2026-05-12 14:05:55,20781231
2026-05-12 14:06:45,20692813
2026-05-12 14:07:36,20652863
2026-05-12 14:08:27,20552520
2026-05-12 14:09:18,20426428
2026-05-12 14:10:09,20426428
2026-05-12 14:11:03,20275749
2026-05-12 14:11:54,20250944
2026-05-12 14:12:44,20200210
2026-05-12 14:13:35,20173110
2026-05-12 14:14:26,20072976
2026-05-12 14:15:17,20070490
2026-05-12 14:16:08,19944398
2026-05-12 14:16:59,19766221
2026-05-12 14:17:49,19871355
2026-05-12 14:18:40,19894798
2026-05-12 14:19:31,19771211
2026-05-12 14:20:22,19948037
2026-05-12 14:21:12,20048170
2026-05-12 14:22:03,20222512
2026-05-12 14:22:53,20225006
2026-05-12 14:23:44,20487871
2026-05-12 14:24:35,20601188
2026-05-12 14:25:26,20663554
2026-05-12 14:26:16,20702475
2026-05-12 14:27:07,20802608
2026-05-12 14:27:58,21004240
2026-05-12 14:28:49,20978292
2026-05-12 14:29:40,20927558
2026-05-12 14:30:30,20926406
2026-05-12 14:31:21,20849724
2026-05-12 14:32:12,20901610
2026-05-12 14:33:03,20649645
2026-05-12 14:33:54,20700179
2026-05-12 14:34:45,20736911
2026-05-12 14:35:35,20649645
2026-05-12 14:36:26,20726536
2026-05-12 14:37:17,20625050
2026-05-12 14:38:08,20548568
2026-05-12 14:38:59,20599102
2026-05-12 14:39:50,20523762
2026-05-12 14:40:40,20396538
2026-05-12 14:41:31,20421132
2026-05-12 14:42:22,20495330
2026-05-12 14:43:13,20496472
2026-05-12 14:44:04,20421132
2026-05-12 14:44:55,20522420
2026-05-12 14:45:46,20522420
2026-05-12 14:46:36,20549501
2026-05-12 14:47:27,20851276
2026-05-12 14:48:18,21003306
2026-05-12 14:49:09,21256614
2026-05-12 14:50:03,21381553
2026-05-12 14:50:54,21306214
2026-05-12 14:51:44,21217912
2026-05-12 14:52:35,21331953
2026-05-12 14:53:26,21332152
2026-05-12 14:54:17,21483041
2026-05-12 14:55:08,21432297
2026-05-12 14:55:58,21229743
2026-05-12 14:56:49,21332152
2026-05-12 14:57:40,21307347
2026-05-12 14:58:31,21358100
2026-05-12 14:59:21,21458245
2026-05-12 15:00:16,21331020
2026-05-12 15:01:07,21228380
2026-05-12 15:01:58,21177627
2026-05-12 15:02:48,21252966
2026-05-12 15:03:39,21128027
2026-05-12 15:04:30,21078646
2026-05-12 15:05:21,21153975
2026-05-12 15:06:12,21077503
2026-05-12 15:07:03,21103451
2026-05-12 15:07:53,21153975
2026-05-12 15:08:44,21104584
2026-05-12 15:09:35,21153975
2026-05-12 15:10:26,21330800
2026-05-12 15:11:17,21355605
2026-05-12 15:12:07,21508777
2026-05-12 15:12:58,21633917
2026-05-12 15:13:49,21760010
2026-05-12 15:14:40,21796637
2026-05-12 15:15:30,21935703
2026-05-12 15:16:21,22087734
2026-05-12 15:17:12,22138466
2026-05-12 15:18:03,22241106
2026-05-12 15:18:54,22089075
2026-05-12 15:19:44,22189220
2026-05-12 15:20:35,22150392
2026-05-12 15:21:26,22150392
2026-05-12 15:22:17,22150392
2026-05-12 15:23:08,22150392
2026-05-12 15:23:59,22150392
2026-05-12 15:24:50,22150392
2026-05-12 15:25:40,22150392
2026-05-12 15:26:31,22150392
2026-05-12 15:27:22,22150392
2026-05-12 15:28:13,22150392
2026-05-12 15:29:04,22150392
2026-05-12 15:29:54,22150392
2026-05-12 15:30:44,22034904
2026-05-12 15:31:35,22034904
2026-05-12 15:32:26,22034904
2026-05-12 15:33:17,22034904
2026-05-12 15:34:08,22034904
2026-05-12 15:34:58,22034904
2026-05-12 15:35:49,22034904
2026-05-12 15:36:40,22034904
2026-05-12 15:37:31,22034904
2026-05-12 15:38:22,22034904
2026-05-12 15:39:13,22034904
2026-05-12 15:40:04,22086790
2026-05-12 15:40:55,22011451
2026-05-12 15:41:46,21884225
2026-05-12 15:42:36,21933617
2026-05-12 15:43:27,21832329
2026-05-12 15:44:18,21782939
2026-05-12 15:45:09,21808887
2026-05-12 15:46:03,21933617
2026-05-12 15:46:53,21933617
2026-05-12 15:47:44,21933617
2026-05-12 15:48:35,21832329
2026-05-12 15:49:26,21806391
2026-05-12 15:50:16,21806391
2026-05-12 15:51:07,21731053
2026-05-12 15:51:58,21806391
2026-05-12 15:52:48,21780443
2026-05-12 15:53:39,21754505
2026-05-12 15:54:30,21705105
2026-05-12 15:55:21,21780443
2026-05-12 15:56:11,21806391
2026-05-12 15:57:03,21806391
2026-05-12 15:57:54,21832329
2026-05-12 15:58:45,21832329
2026-05-12 15:59:35,21832329
2026-05-12 16:00:26,21858277
2026-05-12 16:01:17,21832329
2026-05-12 16:02:08,21731053
2026-05-12 16:02:59,21806391
2026-05-12 16:03:50,21806391
2026-05-12 16:04:40,21832329
2026-05-12 16:05:31,21832329
2026-05-12 16:06:22,21806391
2026-05-12 16:07:13,21705105
2026-05-12 16:08:04,21731053
2026-05-12 16:08:54,21806391
2026-05-12 16:09:45,21780443
2026-05-12 16:10:36,21731053
2026-05-12 16:11:27,21756991
2026-05-12 16:12:18,21806391
2026-05-12 16:13:09,21731053
2026-05-12 16:13:59,21731053
2026-05-12 16:14:50,21731053
2026-05-12 16:15:41,21731053
2026-05-12 16:16:32,21756991
2026-05-12 16:17:23,21756991
2026-05-12 16:18:13,21832329
2026-05-12 16:19:04,21731053
2026-05-12 16:19:55,21731053
2026-05-12 16:20:45,21681652
2026-05-12 16:21:36,21731053
2026-05-12 16:22:27,21731053
2026-05-12 16:23:18,21655714
2026-05-12 16:24:08,21681652
2026-05-12 16:24:59,21655714
2026-05-12 16:25:50,21756991
2026-05-12 16:26:41,21756991
2026-05-12 16:27:32,21731053
2026-05-12 16:28:22,21731053
2026-05-12 16:29:13,21681652
2026-05-12 16:30:04,21655714
2026-05-12 16:30:54,21756991
2026-05-12 16:31:45,21756991
2026-05-12 16:32:36,21731053
2026-05-12 16:33:27,21731053
2026-05-12 16:34:18,21731053
2026-05-12 16:35:08,21731053
2026-05-12 16:35:59,21756991
2026-05-12 16:36:50,21731053
2026-05-12 16:37:41,21756991
2026-05-12 16:38:32,21731053
2026-05-12 16:39:23,21756991
2026-05-12 16:40:14,21756991
2026-05-12 16:41:05,21756991
2026-05-12 16:41:55,21756991
2026-05-12 16:42:46,21731053
2026-05-12 16:43:37,21681652
2026-05-12 16:44:28,21731053
2026-05-12 16:45:19,21756991
2026-05-12 16:46:10,21756991
2026-05-12 16:47:03,21832329
2026-05-12 16:47:54,21858277
2026-05-12 16:48:44,21858277
2026-05-12 16:49:35,21858277
2026-05-12 16:50:25,21858277
2026-05-12 16:51:16,21933617
2026-05-12 16:52:07,21959565
2026-05-12 16:52:58,21933617
2026-05-12 16:53:49,21959565
2026-05-12 16:54:40,21907669
2026-05-12 16:55:31,21907669
2026-05-12 16:56:21,21907669
2026-05-12 16:57:12,21858277
2026-05-12 16:58:03,21933617
2026-05-12 16:58:54,21933617
2026-05-12 16:59:45,21933617
2026-05-12 17:00:36,21933617
2026-05-12 17:01:26,22034904
2026-05-12 17:02:17,22034904
2026-05-12 17:03:08,22008956
2026-05-12 17:03:59,21933617
2026-05-12 17:04:49,21983008
2026-05-12 17:05:40,21983008
2026-05-12 17:06:31,21957070
2026-05-12 17:07:22,21907669
2026-05-12 17:08:13,21959565
2026-05-12 17:09:04,22008956
2026-05-12 17:09:55,22034904
2026-05-12 17:10:45,22008956
2026-05-12 17:11:36,21957070
2026-05-12 17:12:27,21957070
2026-05-12 17:13:18,21957070
2026-05-12 17:14:09,21881731
2026-05-12 17:15:03,21881731
2026-05-12 17:15:53,21806391
2026-05-12 17:16:44,21780443
2026-05-12 17:17:35,21754505
2026-05-12 17:18:26,21777949
2026-05-12 17:19:17,21754505
2026-05-12 17:20:08,21728557
2026-05-12 17:20:58,21754505
2026-05-12 17:21:49,21780443
2026-05-12 17:22:40,21679167
2026-05-12 17:23:30,21679167
2026-05-12 17:24:21,21679167
2026-05-12 17:25:12,21679167
2026-05-12 17:26:03,21653219
2026-05-12 17:26:54,21603828
2026-05-12 17:27:44,21653219
2026-05-12 17:28:35,21653219
2026-05-12 17:29:26,21551932
2026-05-12 17:30:16,21577880
2026-05-12 17:31:07,21577880
2026-05-12 17:31:58,21627271
2026-05-12 17:32:49,21653219
2026-05-12 17:33:40,21551932
2026-05-12 17:34:30,21653219
2026-05-12 17:35:21,21653219
2026-05-12 17:36:12,21653219
2026-05-12 17:37:03,21551932
2026-05-12 17:37:54,21627271
2026-05-12 17:38:45,21627271
2026-05-12 17:39:36,21679167
2026-05-12 17:40:26,21577880
2026-05-12 17:41:16,21577880
2026-05-12 17:42:07,21728557
2026-05-12 17:42:58,21702609
2026-05-12 17:43:49,21653219
2026-05-12 17:44:40,21754505
2026-05-12 17:45:30,21780443
2026-05-12 17:46:21,21780443
2026-05-12 17:47:12,21731053
2026-05-12 17:48:03,21832329
2026-05-12 17:48:54,21780443
2026-05-12 17:49:45,21806391
2026-05-12 17:50:35,21754505
2026-05-12 17:51:26,21855783
2026-05-12 17:52:17,21754505
2026-05-12 17:53:07,21728557
2026-05-12 17:53:58,21803897
2026-05-12 17:54:49,21754505
2026-05-12 17:55:40,21829845
2026-05-12 17:56:31,21829845
2026-05-12 17:57:21,21803897
2026-05-12 17:58:12,21803897
2026-05-12 17:59:03,21803897
2026-05-12 17:59:54,21702609
2026-05-12 18:00:45,21702609
2026-05-12 18:01:35,21702609
2026-05-12 18:02:26,21803897
2026-05-12 18:03:17,21803897
2026-05-12 18:04:07,21676671
2026-05-12 18:04:58,21650723
2026-05-12 18:05:49,21676671
2026-05-12 18:06:40,21676671
2026-05-12 18:07:31,21650723
2026-05-12 18:08:22,21676671
2026-05-12 18:09:13,21575385
2026-05-12 18:10:04,21624785
2026-05-12 18:10:54,21549447
2026-05-12 18:11:45,21575385
2026-05-12 18:12:36,21575385
2026-05-12 18:13:27,21549447
2026-05-12 18:14:17,21523499
2026-05-12 18:15:08,21572889
2026-05-12 18:15:59,21497551
2026-05-12 18:16:50,21572889
2026-05-12 18:17:40,21572889
2026-05-12 18:18:31,21598837
2026-05-12 18:19:22,21448160
2026-05-12 18:20:14,21549447
2026-05-12 18:21:05,21549447
2026-05-12 18:21:56,21448160
2026-05-12 18:22:47,21422212
2026-05-12 18:23:37,21422212
2026-05-12 18:24:28,21422212
2026-05-12 18:25:19,21396274
2026-05-12 18:26:10,21396274
2026-05-12 18:27:03,21370326
2026-05-12 18:27:54,21471613
2026-05-12 18:28:45,21318440
2026-05-12 18:29:36,21318440
2026-05-12 18:30:27,21344378
2026-05-12 18:31:18,21269049
2026-05-12 18:32:09,21269049
2026-05-12 18:32:59,21346883
2026-05-12 18:33:50,21372831
2026-05-12 18:34:41,21398779
2026-05-12 18:35:32,21474108
2026-05-12 18:36:23,21346883
2026-05-12 18:37:14,21219657
2026-05-12 18:38:05,21219657
2026-05-12 18:38:55,21219657
2026-05-12 18:39:46,21320945
2026-05-12 18:40:37,21245605
2026-05-12 18:41:28,21320945
2026-05-12 18:42:18,21297491
2026-05-12 18:43:09,21271543
2026-05-12 18:44:03,21297491
2026-05-12 18:44:54,21346883
2026-05-12 18:45:45,21271543
2026-05-12 18:46:36,21245605
2026-05-12 18:47:26,21346883
2026-05-12 18:48:17,21245605
2026-05-12 18:49:07,21170267
2026-05-12 18:49:58,21245605
2026-05-12 18:50:49,21245605
2026-05-12 18:51:40,21170267
2026-05-12 18:52:31,21170267
2026-05-12 18:53:21,21144319
2026-05-12 18:54:12,21144319
2026-05-12 18:55:03,21170267
2026-05-12 18:55:54,21068980
2026-05-12 18:56:44,21068980
2026-05-12 18:57:35,21068980
2026-05-12 18:58:26,21068980
2026-05-12 18:59:17,21068980
2026-05-12 19:00:07,21068980
2026-05-12 19:00:58,21094928
2026-05-12 19:01:48,21144319
2026-05-12 19:02:39,21144319
2026-05-12 19:03:30,21144319
2026-05-12 19:04:21,21068980
2026-05-12 19:05:12,21196205
2026-05-12 19:06:03,21120866
2026-05-12 19:06:54,21120866
2026-05-12 19:07:45,21170267
2026-05-12 19:08:36,21196205
2026-05-12 19:09:27,21196205
2026-05-12 19:10:18,21222153
2026-05-12 19:11:08,21297491
2026-05-12 19:11:59,21297491
2026-05-12 19:12:50,21323439
2026-05-12 19:13:41,21323439
2026-05-12 19:14:32,21323439
2026-05-12 19:15:22,21248101
2026-05-12 19:16:13,21323439
2026-05-12 19:17:04,21323439
2026-05-12 19:17:55,21323439
2026-05-12 19:18:46,21222153
2026-05-12 19:19:37,21248101
2026-05-12 19:20:28,21198700
2026-05-12 19:21:19,21222153
2026-05-12 19:22:09,21248101
2026-05-12 19:23:03,21146814
2026-05-12 19:23:54,21172762
2026-05-12 19:24:45,21172762
2026-05-12 19:25:36,21097423
2026-05-12 19:26:27,21123361
2026-05-12 19:27:17,21149309
2026-05-12 19:28:08,21149309
2026-05-12 19:28:59,21149309
2026-05-12 19:29:49,21048021
2026-05-12 19:30:40,21123361
2026-05-12 19:31:30,21048021
2026-05-12 19:32:21,21022083
2026-05-12 19:33:12,20946745
2026-05-12 19:34:03,20946745
2026-05-12 19:34:53,20845468
2026-05-12 19:35:44,20894849
2026-05-12 19:36:35,20767634
2026-05-12 19:37:26,20767634
2026-05-12 19:38:17,20767634
2026-05-12 19:39:07,20767634
2026-05-12 19:39:58,20998631
2026-05-12 19:40:48,20923302
2026-05-12 19:41:39,21024569
2026-05-12 19:42:30,20899849
2026-05-12 19:43:21,21001136
2026-05-12 19:44:12,20925797
2026-05-12 19:45:03,20899849
2026-05-12 19:45:54,20850457
2026-05-12 19:46:45,20824509
2026-05-12 19:47:36,20798561
2026-05-12 19:48:27,20798561
2026-05-12 19:49:17,20798561
2026-05-12 19:50:08,20847963
2026-05-12 19:50:59,20697285
2026-05-12 19:51:50,20746675
2026-05-12 19:52:40,20720737
2026-05-12 19:53:31,20671337
2026-05-12 19:54:22,20720737
2026-05-12 19:55:13,20671337
2026-05-12 19:56:03,20671337
2026-05-12 19:56:54,20720737
2026-05-12 19:57:45,20697285
2026-05-12 19:58:36,20671337
2026-05-12 19:59:27,20746675
2026-05-13 08:00:03,20816254
2026-05-13 08:00:54,20330797
2026-05-13 08:01:45,19671219
2026-05-13 08:02:36,19214205
2026-05-13 08:03:27,19567437
2026-05-13 08:04:18,19442707
2026-05-13 08:05:09,19621817
2026-05-13 08:06:03,19923173
2026-05-13 08:06:54,20001007
2026-05-13 08:07:45,20128233
2026-05-13 08:08:36,20252963
2026-05-13 08:09:27,20278901
2026-05-13 08:10:18,20486455
2026-05-13 08:11:09,20665575
2026-05-13 08:12:03,20644628
2026-05-13 08:12:54,20621175
2026-05-13 08:13:45,20854667
2026-05-13 08:14:36,20701503
2026-05-13 08:15:27,20776843
2026-05-13 08:16:18,20623669
2026-05-13 08:17:09,20727441
2026-05-13 08:18:03,20675555
2026-05-13 08:18:54,20680546
2026-05-13 08:19:45,20628650
2026-05-13 08:20:36,20423591
2026-05-13 08:21:27,20400147
2026-05-13 08:22:18,20400147
2026-05-13 08:23:09,20576764
2026-05-13 08:24:03,20602712
2026-05-13 08:24:54,20475487
2026-05-13 08:25:45,20397653
2026-05-13 08:26:36,20371705
2026-05-13 08:27:26,20322313
2026-05-13 08:28:17,20296365
2026-05-13 08:29:08,20296365
2026-05-13 08:29:59,20244479
2026-05-13 08:30:50,20218531
2026-05-13 08:31:40,20013473
2026-05-13 08:32:31,20065359
2026-05-13 08:33:22,19938144
2026-05-13 08:34:12,20039421
2026-05-13 08:35:03,20166645
2026-05-13 08:35:59,20093812
2026-05-13 08:36:50,20015978
2026-05-13 08:37:41,20039421
2026-05-13 08:38:32,20067864
2026-05-13 08:39:23,20093812
2026-05-13 08:40:14,20246975
2026-05-13 08:41:05,20272913
2026-05-13 08:41:56,20348251
2026-05-13 08:42:47,20195089
2026-05-13 08:43:38,20319819
2026-05-13 08:44:29,20296365
2026-05-13 08:45:20,20397653
2026-05-13 08:46:11,20472992
2026-05-13 08:47:03,20781823
2026-05-13 08:47:54,20911543
2026-05-13 08:48:45,20602712
2026-05-13 08:49:36,20628650
2026-05-13 09:01:26,19657042
2026-05-13 09:02:17,19479063
2026-05-13 09:03:08,19401440
2026-05-13 09:03:58,18748299
2026-05-13 09:04:49,19300163
2026-05-13 09:05:40,19667735
2026-05-13 09:06:31,19717337
2026-05-13 09:07:21,20132233
2026-05-13 09:08:12,19976777
2026-05-13 09:09:03,20328886
2026-05-13 09:09:54,20001163
2026-05-13 09:10:44,19716917
2026-05-13 09:11:35,19512792
2026-05-13 09:12:26,19237394
2026-05-13 09:13:17,18904690
2026-05-13 09:14:08,18941902
2026-05-13 09:14:59,18706487
2026-05-13 09:15:49,18580405
2026-05-13 09:16:40,18481613
2026-05-13 09:17:31,18353036
2026-05-13 09:18:22,18353036
2026-05-13 09:19:13,18987085
2026-05-13 09:20:03,18938637
2026-05-13 09:20:54,19493710
2026-05-13 09:21:45,19365552
2026-05-13 09:22:36,19544662
2026-05-13 09:23:26,19698769
2026-05-13 09:24:17,19596130
2026-05-13 09:25:08,19627067
2026-05-13 09:25:59,19650511
2026-05-13 09:26:50,19905170
2026-05-13 09:27:41,19685700
2026-05-13 09:28:31,19519438
2026-05-13 09:29:22,19367617
2026-05-13 09:30:14,19366265
2026-05-13 09:31:05,19389938
2026-05-13 09:31:56,19162559
2026-05-13 09:32:46,19036267
2026-05-13 09:33:37,19392213
2026-05-13 09:34:28,19340118
2026-05-13 09:35:19,19441405
2026-05-13 09:36:09,19617821
2026-05-13 09:37:03,19868633
2026-05-13 09:37:54,19742540
2026-05-13 09:38:45,19463296
2026-05-13 09:39:36,19361799
2026-05-13 09:40:26,19993363
2026-05-13 09:41:17,20308269
2026-05-13 09:42:08,20755571
2026-05-13 09:42:59,20758065
2026-05-13 09:43:50,20633126
2026-05-13 09:44:40,20783804
2026-05-13 09:45:31,20960630
2026-05-13 09:46:22,20657931
2026-05-13 09:47:13,20686374
2026-05-13 09:48:04,20439341
2026-05-13 09:48:55,20808609
2026-05-13 09:49:45,20454225
2026-05-13 09:50:36,20386161
2026-05-13 09:51:27,20665197
2026-05-13 09:52:18,20719577
2026-05-13 09:53:08,20807996
2026-05-13 09:53:59,20641963
2026-05-13 09:54:50,20667911
2026-05-13 09:55:41,20624277
2026-05-13 09:56:31,20640735
2026-05-13 09:57:22,20545400
2026-05-13 09:58:13,20487567
2026-05-13 09:59:04,20466464
2026-05-13 09:59:54,20514222
2026-05-13 10:00:45,20510520
2026-05-13 10:01:36,20361708
2026-05-13 10:02:26,20212882
2026-05-13 10:03:17,20258790
2026-05-13 10:04:08,20370965
2026-05-13 10:04:59,20436678
2026-05-13 10:05:50,20522559
2026-05-13 10:06:40,20550141
2026-05-13 10:07:31,20456483
2026-05-13 10:08:22,20653059
2026-05-13 10:09:13,20730249
2026-05-13 10:10:04,20687136
2026-05-13 10:10:54,20831328
2026-05-13 10:11:45,20948845
2026-05-13 10:12:36,21017698
2026-05-13 10:13:26,21091186
2026-05-13 10:14:17,21296099
2026-05-13 10:15:08,21024184
2026-05-13 10:15:59,20932378
2026-05-13 10:16:49,21114340
2026-05-13 10:17:40,21091395
2026-05-13 10:18:31,20890184
2026-05-13 10:19:22,21042713
2026-05-13 10:20:14,21080473
2026-05-13 10:21:05,21254103
2026-05-13 10:21:55,21179697
2026-05-13 10:22:46,21428660
2026-05-13 10:23:37,21545272
2026-05-13 10:24:28,21941185
2026-05-13 10:25:18,21469906
2026-05-13 10:26:09,21444178
2026-05-13 10:27:03,21669261
2026-05-13 10:27:54,21689431
2026-05-13 10:28:45,21810669
2026-05-13 10:29:35,21833624
2026-05-13 10:30:26,21856567
2026-05-13 10:31:16,21804182
2026-05-13 10:32:07,21552451
2026-05-13 10:32:58,21357726
2026-05-13 10:33:49,21398635
2026-05-13 10:34:40,21512097
2026-05-13 10:35:30,21539687
2026-05-13 10:36:21,21639829
2026-05-13 10:37:12,21539687
2026-05-13 10:38:03,21446030
2026-05-13 10:38:54,21590219
2026-05-13 10:39:44,21592072
2026-05-13 10:40:35,21592072
2026-05-13 10:41:26,21691283
2026-05-13 10:42:17,21837316
2026-05-13 10:43:07,22030200
2026-05-13 10:43:58,21944317
2026-05-13 10:44:49,21753663
2026-05-13 10:45:40,21598349
2026-05-13 10:46:30,21452317
2026-05-13 10:47:21,21287688
2026-05-13 10:48:12,21377910
2026-05-13 10:49:03,21574476
2026-05-13 10:49:54,21546898
2026-05-13 10:50:44,21523943
2026-05-13 10:51:35,21576329
2026-05-13 10:52:26,21668135
2026-05-13 10:53:16,21515614
2026-05-13 10:54:07,21365869
2026-05-13 10:54:58,21147274
2026-05-13 10:55:49,20980129
2026-05-13 10:56:39,20955333
2026-05-13 10:57:30,20925892
2026-05-13 10:58:21,21160142
2026-05-13 10:59:12,21216125
2026-05-13 11:00:03,21453600
2026-05-13 11:00:54,21575211
2026-05-13 11:01:45,21598156
2026-05-13 11:02:36,21420829
2026-05-13 11:03:27,21742446
2026-05-13 11:04:17,21742446
2026-05-13 11:05:08,21728619
2026-05-13 11:05:59,21794477
2026-05-13 11:06:50,21884351
2026-05-13 11:07:40,21695704
2026-05-13 11:08:31,21720500
2026-05-13 11:09:22,21745304
2026-05-13 11:10:14,21645161
2026-05-13 11:11:05,21670899
2026-05-13 11:11:56,21695704
2026-05-13 11:12:46,21695704
2026-05-13 11:13:37,21620365
2026-05-13 11:14:27,21771043
2026-05-13 11:15:18,21934601
2026-05-13 11:16:09,21913797
2026-05-13 11:17:03,21909805
2026-05-13 11:17:54,21981142
2026-05-13 11:18:44,21909805
2026-05-13 11:19:35,21801676
2026-05-13 11:20:26,21905813
2026-05-13 11:21:17,21956337
2026-05-13 11:22:08,21883004
2026-05-13 11:22:58,21864187
2026-05-13 11:23:49,21888992
2026-05-13 11:24:40,21939516
2026-05-13 11:25:31,21939516
2026-05-13 11:26:21,21943508
2026-05-13 11:27:12,21976297
2026-05-13 11:28:03,21977659
2026-05-13 11:28:54,22095738
2026-05-13 11:29:44,22181057
2026-05-13 11:30:35,22213845
2026-05-13 11:31:26,22225821
2026-05-13 11:32:17,22225821
2026-05-13 11:33:07,22177065
2026-05-13 11:33:58,22285191
2026-05-13 11:34:49,22202773
2026-05-13 11:35:40,22136311
2026-05-13 11:36:30,22207657
2026-05-13 11:37:21,22110643
2026-05-13 11:38:12,22035304
2026-05-13 11:39:03,22048133
2026-05-13 11:39:54,21953939
2026-05-13 11:40:44,21955983
2026-05-13 11:41:35,22023328
2026-05-13 11:42:26,21955983
2026-05-13 11:43:17,22031312
2026-05-13 11:44:07,21959975
2026-05-13 11:44:58,21935180
2026-05-13 11:45:49,21910374
2026-05-13 11:46:40,21969745
2026-05-13 11:47:30,21994551
2026-05-13 11:48:21,21965753
2026-05-13 11:49:12,21949785
2026-05-13 11:50:03,21953777
2026-05-13 11:50:53,21862480
2026-05-13 11:51:43,21862480
2026-05-13 11:52:34,21570895
2026-05-13 11:53:25,21595689
2026-05-13 11:54:16,21612511
2026-05-13 11:55:07,21537172
2026-05-13 11:55:57,21545156
2026-05-13 11:56:48,21732616
2026-05-13 11:57:39,21646385
2026-05-13 11:58:30,21703818
2026-05-13 11:59:21,21728624
2026-05-13 12:00:14,21732616
2026-05-13 12:01:05,21712656
2026-05-13 12:01:56,21704672
2026-05-13 12:02:46,21661000
2026-05-13 12:03:37,21575739
2026-05-13 12:04:28,21738382
2026-05-13 12:05:19,21763188
2026-05-13 12:06:09,21725514
2026-05-13 12:07:03,21763188
2026-05-13 12:07:54,21787994
2026-05-13 12:08:45,21787994
2026-05-13 12:09:35,21842520
2026-05-13 12:10:26,21787994
2026-05-13 12:11:16,21791986
2026-05-13 12:12:07,21834536
2026-05-13 12:12:58,21838528
2026-05-13 12:13:48,21913857
2026-05-13 12:14:39,21867326
2026-05-13 12:15:30,21863334
2026-05-13 12:16:21,21888129
2026-05-13 12:17:12,21896113
2026-05-13 12:18:03,21975434
2026-05-13 12:18:53,21912934
2026-05-13 12:19:44,21992255
2026-05-13 12:20:34,21962535
2026-05-13 12:21:25,22126041
2026-05-13 12:22:16,22118057
2026-05-13 12:23:07,22017914
2026-05-13 12:23:57,22021906
2026-05-13 12:24:48,22021906
2026-05-13 12:25:39,21946577
2026-05-13 12:26:30,21942585
2026-05-13 12:27:20,22025898
2026-05-13 12:28:11,22029880
2026-05-13 12:29:03,21942585
2026-05-13 12:29:54,21980209
2026-05-13 12:30:45,21993962
2026-05-13 12:31:36,21868097
2026-05-13 12:32:26,21947429
2026-05-13 12:33:17,21800743
2026-05-13 12:34:08,21847285
2026-05-13 12:34:59,21855269
2026-05-13 12:35:49,21863253
2026-05-13 12:36:40,21955413
2026-05-13 12:37:31,21863253
2026-05-13 12:38:22,21959405
2026-05-13 12:39:12,21884065
2026-05-13 12:40:03,21888057
2026-05-13 12:40:54,21816711
2026-05-13 12:41:45,21816711
2026-05-13 12:42:35,21812719
2026-05-13 12:43:26,21812719
2026-05-13 12:44:17,21816711
2026-05-13 12:45:08,21716568
2026-05-13 12:45:58,21716568
2026-05-13 12:46:49,21583644
2026-05-13 12:47:40,21579652
2026-05-13 12:48:31,21583644
2026-05-13 12:49:21,21662975
2026-05-13 12:50:15,21562831
2026-05-13 12:51:06,21556843
2026-05-13 12:51:57,21558839
2026-05-13 12:52:47,21554847
2026-05-13 12:53:38,21554847
2026-05-13 12:54:29,21579652
2026-05-13 12:55:20,21650146
2026-05-13 12:56:10,21603594
2026-05-13 12:57:03,21607586
2026-05-13 12:57:54,21607586
2026-05-13 12:58:45,21582781
2026-05-13 12:59:36,21645261
2026-05-13 13:00:26,21686917
2026-05-13 13:01:17,21686917
2026-05-13 13:02:07,21715714
2026-05-13 13:02:58,21644367
2026-05-13 13:03:49,21565035
2026-05-13 13:04:40,21460900
2026-05-13 13:05:30,21485705
2026-05-13 13:06:21,21377587
2026-05-13 13:07:12,21399334
2026-05-13 13:08:03,21509389
2026-05-13 13:08:54,21482646
2026-05-13 13:09:44,21436095
2026-05-13 13:10:35,21460900
2026-05-13 13:11:26,21510501
2026-05-13 13:12:17,21498535
2026-05-13 13:13:08,21573873
2026-05-13 13:13:58,21561043
2026-05-13 13:14:49,21585839
2026-05-13 13:15:40,21489697
2026-05-13 13:16:31,21460900
2026-05-13 13:17:22,21470822
2026-05-13 13:18:12,21397547
2026-05-13 13:19:03,21476868
2026-05-13 13:19:54,21472876
2026-05-13 13:20:44,21401539
2026-05-13 13:21:35,21472876
2026-05-13 13:22:26,21389563
2026-05-13 13:23:17,21360766
2026-05-13 13:24:08,21356774
2026-05-13 13:24:58,21352782
2026-05-13 13:25:49,21281435
2026-05-13 13:26:40,21302248
2026-05-13 13:27:31,21352782
2026-05-13 13:28:22,21331979
2026-05-13 13:29:13,21356774
2026-05-13 13:30:03,21403316
2026-05-13 13:30:54,21482646
2026-05-13 13:31:45,21503449
2026-05-13 13:32:35,21578789
2026-05-13 13:33:26,21453848
2026-05-13 13:34:17,21529188
2026-05-13 13:35:08,21374528
2026-05-13 13:35:58,21484594
2026-05-13 13:36:49,21470680
2026-05-13 13:37:40,21395342
2026-05-13 13:38:31,21478654
2026-05-13 13:39:21,21465824
2026-05-13 13:40:14,21490630
2026-05-13 13:41:05,21569962
2026-05-13 13:41:56,21553140
2026-05-14 09:08:13,23470356
2026-05-14 09:09:04,23115497
2026-05-14 09:09:54,23021131
2026-05-14 09:10:45,22518144
2026-05-14 09:11:36,22355499
2026-05-14 09:12:26,22720209
2026-05-14 09:13:17,22973237
2026-05-14 09:14:07,23078216
2026-05-14 09:14:58,23360875
2026-05-14 09:15:50,23097244
2026-05-14 09:16:40,22787904
2026-05-14 09:17:31,22510091
2026-05-14 09:18:21,22204412
2026-05-14 09:19:12,22057631
2026-05-14 09:20:03,21914727
2026-05-14 09:20:53,21731261
2026-05-14 09:21:43,22016649
2026-05-14 09:22:34,22130466
2026-05-14 09:23:25,21856724
2026-05-14 09:24:15,22117794
2026-05-14 09:25:06,21880736
2026-05-14 09:25:56,22014601
2026-05-14 09:26:47,21847104
2026-05-14 09:27:38,21687607
2026-05-14 09:28:28,21799638
2026-05-14 09:29:19,21987931
2026-05-14 09:30:10,21733126
2026-05-14 09:31:03,22096060
2026-05-14 09:31:53,21975101
2026-05-14 09:32:44,21854164
2026-05-14 09:33:34,21825367
2026-05-14 09:34:24,21649893
2026-05-14 09:35:15,21566570
2026-05-14 09:36:05,21559470
2026-05-14 09:36:56,21502930
2026-05-14 09:37:46,21405703
2026-05-14 09:38:37,21601137
2026-05-14 09:39:27,21515617
2026-05-14 09:40:18,21409695
2026-05-14 09:41:08,21537694
2026-05-14 09:41:58,21598336
2026-05-14 09:42:49,21691351
2026-05-14 09:43:39,21767622
2026-05-14 09:44:30,21694070
2026-05-14 09:45:20,21540673
2026-05-14 09:46:10,21393997
2026-05-14 09:47:03,21398901
2026-05-14 09:47:53,21331556
2026-05-14 09:48:43,21069712
2026-05-14 09:49:34,21081678
2026-05-14 09:50:25,21040914
2026-05-14 09:51:15,20949607
2026-05-14 09:52:06,21200430
2026-05-14 09:52:56,21248034
2026-05-14 09:53:46,21211472
2026-05-14 09:54:37,21123294
2026-05-14 09:55:27,21235414
2026-05-14 09:56:17,21380223
2026-05-14 09:57:08,21229546
2026-05-14 09:57:58,21204750
2026-05-14 09:58:49,21251293
2026-05-14 09:59:39,21226487
2026-05-14 10:00:30,21038113
2026-05-14 10:01:20,20913096
2026-05-14 10:02:11,20782377
2026-05-14 10:03:03,20819068
2026-05-14 10:03:53,20524425
2026-05-14 10:04:44,20434051
2026-05-14 10:05:34,20626345
2026-05-14 10:06:25,20571899
2026-05-14 10:07:15,20415114
2026-05-14 10:08:05,20676076
2026-05-14 10:08:56,20781105
2026-05-14 10:09:46,20827636
2026-05-14 10:10:37,20878180
2026-05-14 10:11:27,20778036
2026-05-14 10:12:18,20731505
2026-05-14 10:13:08,20802842
2026-05-14 10:13:59,20609612
2026-05-14 10:14:49,20547182
2026-05-14 10:15:39,20543190
2026-05-14 10:16:30,20469638
2026-05-14 10:17:20,20168282
2026-05-14 10:18:10,20002732
2026-05-14 10:19:03,19834147
2026-05-14 10:19:53,19880699
2026-05-14 10:20:44,20006423
2026-05-14 10:21:35,20035219
2026-05-14 10:22:25,20107065
2026-05-14 10:23:15,20084257
2026-05-14 10:24:06,20307779
2026-05-14 10:24:56,20342563
2026-05-14 10:25:47,20363367
2026-05-14 10:26:37,20568636
2026-05-14 10:27:27,20648466
2026-05-14 10:28:18,20580612
2026-05-14 10:29:08,20691224
2026-05-14 10:29:58,20592588
2026-05-14 10:30:49,20816110
2026-05-14 10:31:40,20631644
2026-05-14 10:32:30,20609398
2026-05-14 10:33:20,20504784
2026-05-14 10:34:11,20638196
2026-05-14 10:35:03,20738840
2026-05-14 10:35:54,20661006
2026-05-14 10:36:44,20809243
2026-05-14 10:37:34,20868270
2026-05-14 10:38:25,20796424
2026-05-14 10:39:15,20770187
2026-05-14 10:40:05,20790999
2026-05-14 10:40:56,20883649
2026-05-14 10:41:47,20731351
2026-05-14 10:42:37,20624798
2026-05-14 10:43:28,20520162
2026-05-14 10:44:18,20667836
2026-05-14 10:45:08,20565771
2026-05-14 10:45:59,20536984
2026-05-14 10:46:49,20378756
2026-05-14 10:47:40,20378756
2026-05-14 10:48:30,20353950
2026-05-14 10:49:20,20534424
2026-05-14 10:50:14,20593430
2026-05-14 10:51:04,20462578
2026-05-14 10:51:55,20436340
2026-05-14 10:52:45,20352518
2026-05-14 10:53:35,20348536
2026-05-14 10:54:26,20323742
2026-05-14 10:55:16,20243912
2026-05-14 10:56:07,20262154
2026-05-14 10:56:57,20286960
2026-05-14 10:57:47,20237360
2026-05-14 10:58:38,20127300
2026-05-14 10:59:28,20047470
2026-05-14 11:00:19,20090518
2026-05-14 11:01:10,19999808
2026-05-14 11:02:03,19963084
2026-05-14 11:02:54,19940275
2026-05-14 11:03:44,19940275
2026-05-14 11:04:34,20024097
2026-05-14 11:05:25,20157530
2026-05-14 11:06:15,20153538
2026-05-14 11:07:06,20145554
2026-05-14 11:07:56,20016113
2026-05-14 11:08:46,20036926
2026-05-14 11:09:37,20069716
2026-05-14 11:10:28,20170348
2026-05-14 11:11:18,20269560
2026-05-14 11:12:08,20168916
2026-05-14 11:12:59,20193722
2026-05-14 11:13:49,20298347
2026-05-14 11:14:39,20180892
2026-05-14 11:15:30,20230493
2026-05-14 11:16:20,20272409
2026-05-14 11:17:11,20363925
2026-05-14 11:18:03,20308891
2026-05-14 11:18:53,20255299
2026-05-14 11:19:44,20351949
2026-05-14 11:20:35,20338831
2026-05-14 11:21:25,20371321
2026-05-14 11:22:15,20572598
2026-05-14 11:23:06,20652428
2026-05-14 11:23:56,20580582
2026-05-14 11:24:47,20631624
2026-05-14 11:25:37,20618795
2026-05-14 11:26:27,20546949
2026-05-14 11:27:18,20471111
2026-05-14 11:28:08,20520712
2026-05-14 11:28:59,20646160
2026-05-14 11:29:49,20461694
2026-05-14 11:30:40,20362493
2026-05-14 11:31:30,20366485
2026-05-14 11:32:21,20442323
2026-05-14 11:33:11,20337689
2026-05-14 11:34:03,20434339
2026-05-14 11:34:54,20413527
2026-05-14 11:35:44,20434339
2026-05-14 11:36:34,20358501
2026-05-14 11:37:25,20354509
2026-05-14 11:38:15,20282663
2026-05-14 11:39:06,20261851
2026-05-14 11:39:56,20333697
2026-05-14 11:40:47,20333697
2026-05-14 11:41:37,20308891
2026-05-14 11:42:28,20253303
2026-05-14 11:43:18,20243323
2026-05-14 11:44:09,20189730
2026-05-14 11:44:59,20113892
2026-05-14 11:45:49,20013258
2026-05-14 11:46:40,20081102
2026-05-14 11:47:30,20005274
2026-05-14 11:48:20,19930868
2026-05-14 11:49:11,19904642
2026-05-14 11:50:03,19942556
2026-05-14 11:50:53,19921452
2026-05-14 11:51:44,19913468
2026-05-14 11:52:34,19968504
2026-05-14 11:53:24,19888674
2026-05-14 11:54:15,19888674
2026-05-14 11:55:05,19808844
2026-05-14 11:55:55,19810840
2026-05-14 11:56:46,19704218
2026-05-14 11:57:36,19671428
2026-05-14 11:58:27,19597586
2026-05-14 11:59:17,19559904
2026-05-14 12:00:07,19566804
2026-05-14 12:00:58,19812836
2026-05-14 12:01:48,19843618
2026-05-14 12:02:38,20022096
2026-05-14 12:03:29,19942266
2026-05-14 12:04:19,20022096
2026-05-14 12:05:10,19919456
2026-05-14 12:06:03,19891223
2026-05-14 12:06:53,19874412
2026-05-14 12:07:44,19872416
2026-05-14 12:08:34,19997290
2026-05-14 12:09:24,20001282
2026-05-14 12:10:15,20107904
2026-05-14 12:11:06,20231347
2026-05-14 12:11:56,20180313
2026-05-14 12:12:47,20182309
2026-05-14 12:13:37,20213093
2026-05-14 12:14:27,20205109
2026-05-14 12:15:18,20229915
2026-05-14 12:16:08,20201117
2026-05-14 12:16:58,20098497
2026-05-14 12:17:49,20151517
2026-05-14 12:18:39,20071697
2026-05-14 12:19:29,20004975
2026-05-14 12:20:20,19930300
2026-05-14 12:21:11,19825664
2026-05-14 12:22:03,19972496
2026-05-14 12:22:54,19930580
2026-05-14 12:23:44,19812836
2026-05-14 12:24:34,19841622
2026-05-14 12:25:25,19929436
2026-05-14 12:26:15,20001282
2026-05-14 12:27:05,19997290
2026-05-14 12:27:56,20081102
2026-05-14 12:28:46,20056308
2026-05-14 12:29:37,20085094
2026-05-14 12:30:28,19972496
2026-05-14 12:31:18,19968504
2026-05-14 12:32:08,19968504
2026-05-14 12:32:59,19816828
2026-05-14 12:33:49,19816828
2026-05-14 12:34:40,19841622
2026-05-14 12:35:30,19841622
2026-05-14 12:36:20,19821952
2026-05-14 12:37:11,19880700
2026-05-14 12:38:03,19804862
2026-05-14 12:38:53,19825664
2026-05-14 12:39:44,19770640
2026-05-14 12:40:35,19825664
2026-05-14 12:41:25,19796878
2026-05-14 12:42:15,19876708
2026-05-14 12:43:06,19952546
2026-05-14 12:43:56,19931732
2026-05-14 12:44:47,19880700
2026-05-14 12:45:37,19880700
2026-05-14 12:46:27,19985314
2026-05-14 12:47:18,19952546
2026-05-14 12:48:08,19776064
2026-05-14 12:48:59,19776064
2026-05-14 12:49:49,19789978
2026-05-14 12:50:40,19876708
2026-05-14 12:51:30,19897510
2026-05-14 12:52:21,19889526
2026-05-14 12:53:11,19868724
2026-05-14 12:54:03,19944562
2026-05-14 12:54:54,19843918
2026-05-14 12:55:44,19778002
2026-05-14 12:56:35,19768080
2026-05-14 12:57:25,19843918
2026-05-14 12:58:15,19788894
2026-05-14 12:59:06,19839926
2026-05-14 12:59:56,19739282
2026-05-14 13:00:47,19667436
2026-05-14 13:01:37,19735290
2026-05-14 13:02:28,19659452
2026-05-14 13:03:18,19651468
2026-05-14 13:04:09,19689382
2026-05-14 13:04:59,19672282
2026-05-14 13:05:49,19727306
2026-05-14 13:06:40,19655460
2026-05-14 13:07:30,19659452
2026-05-14 13:08:21,19663444
2026-05-14 13:09:11,19642642
2026-05-14 13:10:03,19679412
2026-05-14 13:10:54,19763224
2026-05-14 13:11:45,19687386
2026-05-14 13:12:35,19683394
2026-05-14 13:13:25,19679412
2026-05-14 13:14:16,19700226
2026-05-14 13:15:06,19704218
2026-05-14 13:15:56,19675420
2026-05-14 13:16:47,19624388
2026-05-14 13:17:37,19628380
2026-05-14 13:18:27,19701353
2026-05-14 13:19:18,19709327
2026-05-14 13:20:08,19836199
2026-05-14 13:20:59,19811393
2026-05-14 13:21:49,19760361
2026-05-14 13:22:40,19864995
2026-05-14 13:23:30,19793149
2026-05-14 13:24:20,19797141
2026-05-14 13:25:11,19801133
2026-05-14 13:26:03,19926573
2026-05-14 13:26:53,19817945
2026-05-14 13:27:44,19742107
2026-05-14 13:28:34,19692507
2026-05-14 13:29:25,19663709
2026-05-14 13:30:16,19734123
2026-05-14 13:31:06,19738115
2026-05-14 13:31:56,19808529
2026-05-14 13:32:47,19808529
2026-05-14 13:33:37,19987570
2026-05-14 13:34:28,19862122
2026-05-14 13:35:18,19894910
2026-05-14 13:36:08,19882024
2026-05-14 13:36:59,19874098
2026-05-14 13:37:49,19744667
2026-05-14 13:38:39,19699059
2026-05-14 13:39:30,20006403
2026-05-14 13:40:21,20006403
2026-05-14 13:41:11,20016325
2026-05-14 13:42:03,19934557
2026-05-14 13:42:53,19985589
2026-05-14 13:43:43,20090225
2026-05-14 13:44:34,19964785
2026-05-14 13:45:24,19888947
2026-05-14 13:46:15,19989581
2026-05-14 13:47:05,19934557
2026-05-14 13:47:55,19930565
2026-05-14 13:48:46,19908319
2026-05-14 13:49:36,19908319
2026-05-14 13:50:27,19937116
2026-05-14 13:51:17,19883523
2026-05-14 13:52:08,19833913
2026-05-14 13:52:58,19829921
2026-05-14 13:53:49,19846743
2026-05-14 13:54:39,19900335
2026-05-14 13:55:29,19824497
2026-05-14 13:56:20,19921148
2026-05-14 13:57:10,19858429
2026-05-14 13:58:03,19867555
2026-05-14 13:58:53,19791717
2026-05-14 13:59:43,19816513
2026-05-14 14:00:34,19877468
2026-05-14 14:01:25,19888359
2026-05-14 14:02:15,19842751
2026-05-14 14:03:06,19766913
2026-05-14 14:03:56,19762921
2026-05-14 14:04:46,19762921
2026-05-14 14:05:37,19802841
2026-05-14 14:06:27,19787725
2026-05-14 14:07:17,19839322
2026-05-14 14:08:08,19888359
2026-05-14 14:08:58,19787725
2026-05-14 14:09:49,19816513
2026-05-14 14:10:39,19695067
2026-05-14 14:11:29,19689319
2026-05-14 14:12:20,19666269
2026-05-14 14:13:10,19766913
2026-05-14 14:14:03,19695067
2026-05-14 14:14:54,19691075
2026-05-14 14:15:44,19536839
2026-05-14 14:16:34,19528855
2026-05-14 14:17:25,19528855
2026-05-14 14:18:15,19528855
2026-05-14 14:19:06,19524873
2026-05-14 14:19:56,19575905
2026-05-14 14:20:47,19483246
2026-05-14 14:21:37,19475272
2026-05-14 14:22:28,19479254
2026-05-14 14:23:18,19524873
2026-05-14 14:24:08,19508041
2026-05-14 14:24:59,19557651
2026-05-14 14:25:49,19557651
2026-05-14 14:26:39,19528855
2026-05-14 14:27:30,19504049
2026-05-14 14:28:20,19524873
2026-05-14 14:29:11,19625515
2026-05-14 14:30:03,19549677
2026-05-14 14:30:53,19578455
2026-05-14 14:31:43,19603261
2026-05-14 14:32:34,19628065
2026-05-14 14:33:24,19624083
2026-05-14 14:34:14,19549677
2026-05-14 14:35:05,19465865
2026-05-14 14:35:55,19441061
2026-05-14 14:36:46,19461873
2026-05-14 14:37:36,19537701
2026-05-14 14:38:26,19566489
2026-05-14 14:39:17,19738979
2026-05-14 14:40:07,19693369
2026-05-14 14:40:58,19714173
2026-05-14 14:41:48,19736419
2026-05-14 14:42:38,19635775
2026-05-14 14:43:29,19559937
2026-05-14 14:44:19,19535142
2026-05-14 14:45:09,19610980
2026-05-14 14:46:03,19695365
2026-05-14 14:46:53,19643759
2026-05-14 14:47:44,19809961
2026-05-14 14:48:34,19701353
2026-05-14 14:49:24,19701353
2026-05-14 14:50:15,19750955
2026-05-14 14:51:06,19830775
2026-05-14 14:51:56,19855579
2026-05-14 14:52:47,19758929
2026-05-14 14:53:37,19705335
2026-05-14 14:54:27,19842751
2026-05-14 14:55:18,19871547
2026-05-14 14:56:08,19817945
2026-05-14 14:56:58,19834767
2026-05-14 14:57:49,19914597
2026-05-14 14:58:39,19939401
2026-05-14 14:59:29,19968189
2026-05-14 15:00:20,20044027
2026-05-14 15:01:11,20144670
2026-05-14 15:02:03,20108974
2026-05-14 15:02:53,20103053
2026-05-14 15:03:44,20123857
2026-05-14 15:04:34,20174899
2026-05-14 15:05:24,20224500
2026-05-14 15:06:15,20249296
2026-05-14 15:07:05,20274100
2026-05-14 15:07:56,20282084
2026-05-14 15:08:46,20282084
2026-05-14 15:09:37,20282084
2026-05-14 15:10:28,20302898
2026-05-14 15:11:18,20306890
2026-05-14 15:12:08,20407514
2026-05-14 15:12:59,20335678
2026-05-14 15:13:49,20382718
2026-05-14 15:14:39,20310882
2026-05-14 15:15:30,20231052
2026-05-14 15:16:20,20210238
2026-05-14 15:17:10,20235044
2026-05-14 15:18:03,20251856
2026-05-14 15:18:53,20200823
2026-05-14 15:19:44,20204815
2026-05-14 15:20:34,20233612
2026-05-14 15:21:24,20233612
2026-05-14 15:22:15,20233612
2026-05-14 15:23:05,20233612
2026-05-14 15:23:55,20233612
2026-05-14 15:24:46,20233612
2026-05-14 15:25:36,20233612
2026-05-14 15:26:26,20233612
2026-05-14 15:27:17,20233612
2026-05-14 15:28:07,20233612
2026-05-14 15:28:57,20233612
2026-05-14 15:29:48,20233612
2026-05-14 15:30:39,20283213
2026-05-14 15:31:29,20283213
2026-05-14 15:32:20,20283213
2026-05-14 15:33:10,20662393
2026-05-14 15:34:03,20662393
2026-05-14 15:34:54,20662393
2026-05-14 15:35:44,20662393
2026-05-14 15:36:35,20662393
2026-05-14 15:37:25,20662393
2026-05-14 15:38:15,20662393
2026-05-14 15:39:06,20662393
2026-05-14 15:39:56,20662393
2026-05-14 15:40:46,20742223
2026-05-14 15:41:36,20666385
2026-05-14 15:42:27,20594539
2026-05-14 15:43:17,20514709
2026-05-14 15:44:08,20590547
2026-05-14 15:44:58,20594539
2026-05-14 15:45:48,20594539
2026-05-14 15:46:39,20594539
2026-05-14 15:47:29,20670377
2026-05-14 15:48:19,20666385
2026-05-14 15:49:10,20670377
2026-05-14 15:50:03,20746215
2026-05-14 15:50:53,20746215
2026-05-14 15:51:44,20746215
2026-05-14 15:52:34,20822053
2026-05-14 15:53:24,20822053
2026-05-14 15:54:15,20897891
2026-05-14 15:55:05,20822053
2026-05-14 15:55:55,20897891
2026-05-14 15:56:46,20897891
2026-05-14 15:57:36,20901883
2026-05-14 15:58:26,20901883
2026-05-14 15:59:17,20897891
2026-05-14 16:00:07,20897891
2026-05-14 16:00:58,20822053
2026-05-14 16:01:48,20822053
2026-05-14 16:02:38,20897891
2026-05-14 16:03:29,20893899
2026-05-14 16:04:19,20897891
2026-05-14 16:05:09,20893899
2026-05-14 16:06:03,20897891
2026-05-14 16:06:53,20897891
2026-05-14 16:07:44,20826045
2026-05-14 16:08:34,20826045
2026-05-14 16:09:24,20826045
2026-05-14 16:10:15,20826045
2026-05-14 16:11:05,20822053
2026-05-14 16:11:55,20826045
2026-05-14 16:12:46,20750207
2026-05-14 16:13:36,20678361
2026-05-14 16:14:27,20750207
2026-05-14 16:15:17,20750207
2026-05-14 16:16:07,20678361
2026-05-14 16:16:58,20678361
2026-05-14 16:17:48,20602523
2026-05-14 16:18:38,20602523
2026-05-14 16:19:29,20602523
2026-05-14 16:20:20,20602523
2026-05-14 16:21:10,20678361
2026-05-14 16:22:03,20678361
2026-05-14 16:22:53,20754199
2026-05-14 16:23:43,20682353
2026-05-14 16:24:34,20682353
2026-05-14 16:25:24,20754199
2026-05-14 16:26:14,20758191
2026-05-14 16:27:05,20758191
2026-05-14 16:27:55,20678361
2026-05-14 16:28:46,20758191
2026-05-14 16:29:36,20678361
2026-05-14 16:30:27,20754199
2026-05-14 16:31:17,20754199
2026-05-14 16:32:08,20678361
2026-05-14 16:32:58,20754199
2026-05-14 16:33:49,20754199
2026-05-14 16:34:39,20678361
2026-05-14 16:35:29,20754199
2026-05-14 16:36:20,20754199
2026-05-14 16:37:10,20830037
2026-05-14 16:38:03,20826045
2026-05-14 16:38:54,20830037
2026-05-14 16:39:44,20830037
2026-05-14 16:40:35,20901883
2026-05-14 16:41:26,20830037
2026-05-14 16:42:16,20901883
2026-05-14 16:43:06,20901883
2026-05-14 16:43:57,20901883
2026-05-14 16:44:47,20826045
2026-05-14 16:45:38,20754199
2026-05-14 16:46:28,20750207
2026-05-14 16:47:18,20750207
2026-05-14 16:48:09,20750207
2026-05-14 16:48:59,20746215
2026-05-14 16:49:49,20750207
2026-05-14 16:50:39,20826045
2026-05-14 16:51:30,20750207
2026-05-14 16:52:20,20750207
2026-05-14 16:53:11,20750207
2026-05-14 16:54:03,20830037
2026-05-14 16:54:53,20750207
2026-05-14 16:55:44,20750207
2026-05-14 16:56:34,20674369
2026-05-14 16:57:24,20678361
2026-05-14 16:58:15,20754199
2026-05-14 16:59:05,20674369
2026-05-14 16:59:56,20750207
2026-05-14 17:00:47,20674369
2026-05-14 17:01:37,20674369
2026-05-14 17:02:27,20674369
2026-05-14 17:03:18,20598531
2026-05-14 17:04:08,20674369
2026-05-14 17:04:58,20674369
2026-05-14 17:05:49,20598531
2026-05-14 17:06:39,20598531
2026-05-14 17:07:30,20674369
2026-05-14 17:08:20,20674369
2026-05-14 17:09:10,20594539
2026-05-14 17:10:03,20594539
2026-05-14 17:10:54,20518701
2026-05-14 17:11:44,20518701
2026-05-14 17:12:34,20518701
2026-05-14 17:13:25,20514709
2026-05-14 17:14:15,20594539
2026-05-14 17:15:05,20594539
2026-05-14 17:15:56,20518701
2026-05-14 17:16:46,20522693
2026-05-14 17:17:37,20522693
2026-05-14 17:18:27,20598531
2026-05-14 17:19:17,20518701
2026-05-14 17:20:08,20594539
2026-05-14 17:20:58,20594539
2026-05-14 17:21:48,20518701
2026-05-14 17:22:39,20518701
2026-05-14 17:23:29,20518701
2026-05-14 17:24:19,20594539
2026-05-14 17:25:10,20594539
2026-05-14 17:26:03,20594539
2026-05-14 17:26:54,20590547
2026-05-14 17:27:44,20590547
2026-05-14 17:28:34,20514709
2026-05-14 17:29:25,20514709
2026-05-14 17:30:15,20514709
2026-05-14 17:31:05,20594539
2026-05-14 17:31:55,20514709
2026-05-14 17:32:46,20518701
2026-05-14 17:33:36,20590547
2026-05-14 17:34:27,20518701
2026-05-14 17:35:17,20518701
2026-05-14 17:36:07,20514709
2026-05-14 17:36:58,20518701
2026-05-14 17:37:48,20438881
2026-05-14 17:38:39,20518701
2026-05-14 17:39:29,20514709
2026-05-14 17:40:20,20514709
2026-05-14 17:41:10,20514709
2026-05-14 17:42:03,20514709
2026-05-14 17:42:53,20514709
2026-05-14 17:43:43,20442873
2026-05-14 17:44:34,20442873
2026-05-14 17:45:24,20442873
2026-05-14 17:46:14,20442873
2026-05-14 17:47:05,20442873
2026-05-14 17:47:55,20438881
2026-05-14 17:48:46,20438881
2026-05-14 17:49:36,20438881
2026-05-14 17:50:27,20438881
2026-05-14 17:51:17,20438881
2026-05-14 17:52:08,20442873
2026-05-14 17:52:58,20438881
2026-05-14 17:53:48,20438881
2026-05-14 17:54:39,20442873
2026-05-14 17:55:29,20438881
2026-05-14 17:56:19,20438881
2026-05-14 17:57:10,20514709
2026-05-14 17:58:03,20514709
2026-05-14 17:58:54,20514709
2026-05-14 17:59:44,20442873
2026-05-14 18:00:34,20514709
2026-05-14 18:01:25,20518701
2026-05-14 18:02:15,20514709
2026-05-14 18:03:05,20514709
2026-05-14 18:03:56,20514709
2026-05-14 18:04:46,20514709
2026-05-14 18:05:36,20514709
2026-05-14 18:06:27,20514709
2026-05-14 18:07:17,20514709
2026-05-14 18:08:07,20590547
2026-05-14 18:08:58,20586555
2026-05-14 18:09:48,20590547
2026-05-14 18:10:38,20514709
2026-05-14 18:11:28,20514709
2026-05-14 18:12:19,20590547
2026-05-14 18:13:09,20590547
2026-05-14 18:14:03,20590547
2026-05-14 18:14:53,20590547
2026-05-14 18:15:43,20590547
2026-05-14 18:16:34,20586555
2026-05-14 18:17:24,20510717
2026-05-14 18:18:14,20590547
2026-05-14 18:19:05,20590547
2026-05-14 18:19:55,20510717
2026-05-14 18:20:46,20590547
2026-05-14 18:21:37,20586555
2026-05-14 18:22:27,20590547
2026-05-14 18:23:17,20514709
2026-05-14 18:24:08,20590547
2026-05-14 18:24:58,20586555
2026-05-14 18:25:48,20586555
2026-05-14 18:26:39,20586555
2026-05-14 18:27:29,20586555
2026-05-14 18:28:19,20510717
2026-05-14 18:29:10,20506725
2026-05-14 18:30:03,20586555
2026-05-14 18:30:53,20586555
2026-05-14 18:31:44,20506725
2026-05-14 18:32:34,20582563
2026-05-14 18:33:24,20506725
2026-05-14 18:34:15,20510717
2026-05-14 18:35:05,20510717
2026-05-14 18:35:56,20514709
2026-05-14 18:36:46,20510717
2026-05-14 18:37:36,20510717
2026-05-14 18:38:27,20430897
2026-05-14 18:39:17,20430897
2026-05-14 18:40:07,20510717
2026-05-14 18:40:58,20434889
2026-05-14 18:41:48,20506725
2026-05-14 18:42:39,20506725
2026-05-14 18:43:29,20510717
2026-05-14 18:44:19,20434889
2026-05-14 18:45:10,20506725
2026-05-14 18:46:03,20430897
2026-05-14 18:46:53,20430897
2026-05-14 18:47:44,20434889
2026-05-14 18:48:34,20430897
2026-05-14 18:49:25,20430897
2026-05-14 18:50:16,20426905
2026-05-14 18:51:06,20430897
2026-05-14 18:51:56,20502733
2026-05-14 18:52:47,20502733
2026-05-14 18:53:37,20426905
2026-05-14 18:54:27,20426905
2026-05-14 18:55:18,20430897
2026-05-14 18:56:08,20351067
2026-05-14 18:56:59,20355059
2026-05-14 18:57:49,20355059
2026-05-14 18:58:39,20355059
2026-05-14 18:59:30,20355059
2026-05-14 19:00:20,20430897
2026-05-14 19:01:10,20426905
2026-05-14 19:02:03,20426905
2026-05-14 19:02:54,20430897
2026-05-14 19:03:44,20351067
2026-05-14 19:04:35,20351067
2026-05-14 19:05:25,20426905
2026-05-14 19:06:15,20426905
2026-05-14 19:07:06,20430897
2026-05-14 19:07:56,20426905
2026-05-14 19:08:46,20430897
2026-05-14 19:09:37,20426905
2026-05-14 19:10:27,20430897
2026-05-14 19:11:17,20430897
2026-05-14 19:12:08,20426905
2026-05-14 19:12:58,20430897
2026-05-14 19:13:48,20426905
2026-05-14 19:14:39,20506725
2026-05-14 19:15:29,20506725
2026-05-14 19:16:20,20506725
2026-05-14 19:17:10,20430897
2026-05-14 19:18:03,20426905
2026-05-14 19:18:54,20502733
2026-05-14 19:19:44,20506725
2026-05-14 19:20:34,20506725
2026-05-14 19:21:25,20426905
2026-05-14 19:22:15,20506725
2026-05-14 19:23:06,20502733
2026-05-14 19:23:56,20506725
2026-05-14 19:24:46,20506725
2026-05-14 19:25:37,20502733
2026-05-14 19:26:27,20426905
2026-05-14 19:27:17,20506725
2026-05-14 19:28:08,20502733
2026-05-14 19:28:58,20502733
2026-05-14 19:29:49,20506725
2026-05-14 19:30:40,20506725
2026-05-14 19:31:30,20506725
2026-05-14 19:32:20,20506725
2026-05-14 19:33:11,20506725
2026-05-14 19:34:03,20502733
2026-05-14 19:34:53,20430897
2026-05-14 19:35:44,20426905
2026-05-14 19:36:34,20430897
2026-05-14 19:37:24,20355059
2026-05-14 19:38:15,20430897
2026-05-14 19:39:05,20430910
2026-05-14 19:39:56,20430910
2026-05-14 19:40:47,20426918
2026-05-14 19:41:37,20426918
2026-05-14 19:42:27,20426918
2026-05-14 19:43:18,20426918
2026-05-14 19:44:08,20426918
2026-05-14 19:44:58,20426918
2026-05-14 19:45:49,20427838
2026-05-14 19:46:39,20431830
2026-05-14 19:47:30,21239983
2026-05-14 19:48:20,21243975
2026-05-14 19:49:10,23942675
2026-05-14 19:50:03,23942675
2026-05-14 19:50:54,23942675
2026-05-14 19:51:44,23942675
2026-05-14 19:52:34,23834627
2026-05-14 19:53:25,23834627
2026-05-14 19:54:15,23774757
2026-05-14 19:55:06,23834627
2026-05-14 19:55:56,23834627
2026-05-14 19:56:46,23774757
2026-05-14 19:57:37,23834627
2026-05-14 19:58:27,23894497
2026-05-14 19:59:17,23894497
